country,country_long,name,gppd_idnr,capacity_mw,latitude,longitude,primary_fuel,other_fuel1,other_fuel2,other_fuel3,commissioning_year,owner,source,url,geolocation_source,wepp_id,year_of_capacity_data,generation_gwh_2013,generation_gwh_2014,generation_gwh_2015,generation_gwh_2016,generation_gwh_2017,generation_gwh_2018,generation_gwh_2019,generation_data_source,estimated_generation_gwh_2013,estimated_generation_gwh_2014,estimated_generation_gwh_2015,estimated_generation_gwh_2016,estimated_generation_gwh_2017,estimated_generation_note_2013,estimated_generation_note_2014,estimated_generation_note_2015,estimated_generation_note_2016,estimated_generation_note_2017
ESP,Spain,ABONO 2,WRI1006157,877.6600000000001,43.5528,-5.7231,Coal,,,,1985.0,HIDROELECTRICA DEL CANTABRICO  S.A.,Red Eléctrica de España,http://www.ree.es/en/statistical-data-of-spanish-electrical-system/annual-report/preliminary-report-spanish-electricity-system-2015,GEODB,1018390,,,,5929.178,4077.005,6000.0,,,JRC-PPDB-OPEN,,,,,4003.64,NO-ESTIMATION,NO-ESTIMATION,NO-ESTIMATION,NO-ESTIMATION,CAPACITY-FACTOR-V1
ESP,Spain,ACECA  GRUPO 4,WRI1006159,758.74,39.9427,-3.8548,Gas,,,,2006.0,GAS NATURAL FENOSA GENERACION  S.L.U.,Red Eléctrica de España,http://www.ree.es/en/statistical-data-of-spanish-electrical-system/annual-report/preliminary-report-spanish-electricity-system-2015,GEODB,1031228,,,,1294.233,1272.51,1678.557,,,JRC-PPDB-OPEN,,,,,1798.46,NO-ESTIMATION,NO-ESTIMATION,NO-ESTIMATION,NO-ESTIMATION,CAPACITY-FACTOR-V1
ESP,Spain,ADS JUNEDA 2,WRI1006161,15.0,41.5485,0.8245,Waste,,,,2004.0,VALORITZACIONS AGRORAMADERES LES GARRIGUES  S.L.,Red Eléctrica de España,http://www.ree.es/en/statistical-data-of-spanish-electrical-system/annual-report/preliminary-report-spanish-electricity-system-2015,CARMA,1053781,,,,,,,,,,,,,,5.22,NO-ESTIMATION,NO-ESTIMATION,NO-ESTIMATION,NO-ESTIMATION,CAPACITY-FACTOR-V1
ESP,Spain,AGREDA,WRI1006162,18.0,41.8559,-1.9224,Wind,,,,2013.0,PARQUE EOLICO SIERRA DEL MADERO  S.A.,Red Eléctrica de España,http://www.ree.es/en/statistical-data-of-spanish-electrical-system/annual-report/preliminary-report-spanish-electricity-system-2015,CARMA,1110349,,,,,,,,,,,56.54,56.40,51.20,50.55,NO-ESTIMATION,WIND-V1,WIND-V1,WIND-V1,WIND-V1
ESP,Spain,AGREDA,WRI1006163,16.334,41.8559,-1.9224,Waste,,,,2000.0,INTEVER  S.A.,Red Eléctrica de España,http://www.ree.es/en/statistical-data-of-spanish-electrical-system/annual-report/preliminary-report-spanish-electricity-system-2015,CARMA,1053787,,,,,,,,,,,,,,5.68,NO-ESTIMATION,NO-ESTIMATION,NO-ESTIMATION,NO-ESTIMATION,CAPACITY-FACTOR-V1
ESP,Spain,AGROENERGETICA DE BAENA,WRI1006165,20.0,37.6167,-4.3225,Biomass,,,,,AGROENERGETICA DE BAENA  S.L.,Red Eléctrica de España,http://www.ree.es/en/statistical-data-of-spanish-electrical-system/annual-report/preliminary-report-spanish-electricity-system-2015,CARMA,,,,,,,,,,,,,,,,NO-ESTIMATION,NO-ESTIMATION,NO-ESTIMATION,NO-ESTIMATION,NO-ESTIMATION
ESP,Spain,AGUAYO 3,WRI1006167,360.59999999999997,43.0952,-4.0004,Hydro,,,,1983.0,VIESGO GENERACION  S.L.,Red Eléctrica de España,http://www.ree.es/en/statistical-data-of-spanish-electrical-system/annual-report/preliminary-report-spanish-electricity-system-2015,WRI,1014379,,,,,,,,,,850.45,745.62,178.60,747.66,106.66,HYDRO-V1,HYDRO-V1,HYDRO-V1,HYDRO-V1,HYDRO-V1
ESP,Spain,ALBARELLOS GRUPO 1,WRI1006170,67.6,42.4333,-8.1443,Hydro,,,,1973.0,GAS NATURAL FENOSA GENERACION  S.L.U.,Red Eléctrica de España,http://www.ree.es/en/statistical-data-of-spanish-electrical-system/annual-report/preliminary-report-spanish-electricity-system-2015,CARMA,1032400,,,,,,,,,,222.39,222.39,142.40,223.00,134.55,HYDRO-V1,HYDRO-V1,HYDRO-V1,HYDRO-V1,HYDRO-V1
ESP,Spain,ALCUDIA 1  GRUPO N 1,WRI1006172,533.8,39.8106,3.0913,Coal,Oil,,,1981.0,GAS Y ELECTRICIDAD GENERACION  S.A.U,Red Eléctrica de España,http://www.ree.es/en/statistical-data-of-spanish-electrical-system/annual-report/preliminary-report-spanish-electricity-system-2015,CARMA,1017458,,,,,,,,,,,,,,2435.05,NO-ESTIMATION,NO-ESTIMATION,NO-ESTIMATION,NO-ESTIMATION,CAPACITY-FACTOR-V1
ESP,Spain,ALDEADAVILA II 2,WRI1006178,1226.43,41.2117,-6.6856,Hydro,,,,1986.0,IBERDROLA GENERACION  S.A.,Red Eléctrica de España,http://www.ree.es/en/statistical-data-of-spanish-electrical-system/annual-report/preliminary-report-spanish-electricity-system-2015,GEODB,1019078,,,,2251.653,3451.513,1196.199,,,JRC-PPDB-OPEN,4817.37,4810.30,2358.23,4794.75,3147.47,HYDRO-V1,HYDRO-V1,HYDRO-V1,HYDRO-V1,HYDRO-V1
ESP,Spain,ALENTISQUE,WRI1006179,46.5,41.4206,-2.3319,Wind,,,,2007.0,PARQUES EOLICOS ALENTISQUE  S.L.,Red Eléctrica de España,http://www.ree.es/en/statistical-data-of-spanish-electrical-system/annual-report/preliminary-report-spanish-electricity-system-2015,CARMA,1066577,,,,,,,,,,127.05,117.27,116.68,119.89,117.78,WIND-V1,WIND-V1,WIND-V1,WIND-V1,WIND-V1
ESP,Spain,ALTO DE LA SIERRA,WRI1006185,11.05,41.5406,-1.7166,Wind,,,,,IBERDROLA ENERGIAS RENOVABLES  S.A.U.,Red Eléctrica de España,http://www.ree.es/en/statistical-data-of-spanish-electrical-system/annual-report/preliminary-report-spanish-electricity-system-2015,CARMA,,,,,,,,,,,,,,,23.50,NO-ESTIMATION,NO-ESTIMATION,NO-ESTIMATION,NO-ESTIMATION,CAPACITY-FACTOR-V1
ESP,Spain,AMOREBIETA,WRI1006189,786.42,43.2347,-2.7497,Gas,,,,2005.0,BIZKAIA ENERGIA  S.L.U.,Red Eléctrica de España,http://www.ree.es/en/statistical-data-of-spanish-electrical-system/annual-report/preliminary-report-spanish-electricity-system-2015,GEODB,1051022,,,,771.686,662.103,928.35,,,JRC-PPDB-OPEN,,,,,1864.07,NO-ESTIMATION,NO-ESTIMATION,NO-ESTIMATION,NO-ESTIMATION,CAPACITY-FACTOR-V1
ESP,Spain,AMPLIACION DEL PICAL,WRI1006191,11.05,42.9362,-4.3083,Wind,,,,,CORPORACION EOLICA DE BARRUELO,Red Eléctrica de España,http://www.ree.es/en/statistical-data-of-spanish-electrical-system/annual-report/preliminary-report-spanish-electricity-system-2015,CARMA,,,,,,,,,,,,,,,23.50,NO-ESTIMATION,NO-ESTIMATION,NO-ESTIMATION,NO-ESTIMATION,CAPACITY-FACTOR-V1
ESP,Spain,AMPLIACION PADORNELO,WRI1006192,18.0,42.0357,-6.9054,Wind,,,,2009.0,IBEREOLICA HEDROSO-ACIBEROS 2  S.L.U.,Red Eléctrica de España,http://www.ree.es/en/statistical-data-of-spanish-electrical-system/annual-report/preliminary-report-spanish-electricity-system-2015,CARMA,1053855,,,,,,,,,,48.95,49.45,46.59,43.73,43.80,WIND-V1,WIND-V1,WIND-V1,WIND-V1,WIND-V1
ESP,Spain,AMPLIACION SIERRA DEL CORTADO,WRI1006193,13.5,41.7389,-2.1697,Wind,,,,2013.0,PARQUE EOLICO SIERRA DEL MADERO  S.A.,Red Eléctrica de España,http://www.ree.es/en/statistical-data-of-spanish-electrical-system/annual-report/preliminary-report-spanish-electricity-system-2015,CARMA,1097969,,,,,,,,,,,42.03,42.30,38.40,37.91,NO-ESTIMATION,WIND-V1,WIND-V1,WIND-V1,WIND-V1
ESP,Spain,ANDASOL-3,WRI1006195,149.7,37.2281,-3.0511,Solar,,,,2011.0,MARQUESADO SOLAR  S.L.,Red Eléctrica de España,http://www.ree.es/en/statistical-data-of-spanish-electrical-system/annual-report/preliminary-report-spanish-electricity-system-2015,GEODB,1078301,,,,,,,,,,388.84,385.37,382.47,331.11,316.09,SOLAR-V1,SOLAR-V1,SOLAR-V1,SOLAR-V1,SOLAR-V1
ESP,Spain,ANLLARES GR 1,WRI1006197,346.84,42.8385,-6.5332,Coal,,,,1982.0,GAS NATURAL FENOSA GENERACION  S.L.U.,Red Eléctrica de España,http://www.ree.es/en/statistical-data-of-spanish-electrical-system/annual-report/preliminary-report-spanish-electricity-system-2015,GEODB,1017199,,,,704.347,1013.257,916.633,,,JRC-PPDB-OPEN,,,,,1582.19,NO-ESTIMATION,NO-ESTIMATION,NO-ESTIMATION,NO-ESTIMATION,CAPACITY-FACTOR-V1
ESP,Spain,ARBON 2,WRI1006201,56.040000000000006,43.4486,-6.7053,Hydro,,,,1968.0,VIESGO GENERACION  S.L.,Red Eléctrica de España,http://www.ree.es/en/statistical-data-of-spanish-electrical-system/annual-report/preliminary-report-spanish-electricity-system-2015,CARMA,1014381,,,,,,,,,,181.29,181.49,114.20,181.99,88.11,HYDRO-V1,HYDRO-V1,HYDRO-V1,HYDRO-V1,HYDRO-V1
ESP,Spain,ARCOS DE LA FRONTERA GRUPO 1,WRI1006203,1585.3899999999999,36.6721,-5.8164,Gas,,,,2005.0,IBERDROLA GENERACION  S.A.,Red Eléctrica de España,http://www.ree.es/en/statistical-data-of-spanish-electrical-system/annual-report/preliminary-report-spanish-electricity-system-2015,GEODB,,,,,198.232,909.407,888.096,,,JRC-PPDB-OPEN,,,,,3757.89,NO-ESTIMATION,NO-ESTIMATION,NO-ESTIMATION,NO-ESTIMATION,CAPACITY-FACTOR-V1
ESP,Spain,ARONA 1  GAS 1,WRI1006207,43.2,28.0996,-16.6810,Oil,,,,2003.0,UNION ELECTRICA DE CANARIAS GENERACION  S.A.U.,Red Eléctrica de España,http://www.ree.es/en/statistical-data-of-spanish-electrical-system/annual-report/preliminary-report-spanish-electricity-system-2015,CARMA,1078740,,,,,,,,,,,,,,90.00,NO-ESTIMATION,NO-ESTIMATION,NO-ESTIMATION,NO-ESTIMATION,CAPACITY-FACTOR-V1
ESP,Spain,ARRUBAL GRUPO 1,WRI1006210,784.7,42.4194,-2.2511,Gas,,,,2005.0,CONTOUR GLOBAL LA RIOJA  S.L.,Red Eléctrica de España,http://www.ree.es/en/statistical-data-of-spanish-electrical-system/annual-report/preliminary-report-spanish-electricity-system-2015,GEODB,1054391,,,,586.258,1010.712,1688.797,,,JRC-PPDB-OPEN,,,,,1859.99,NO-ESTIMATION,NO-ESTIMATION,NO-ESTIMATION,NO-ESTIMATION,CAPACITY-FACTOR-V1
ESP,Spain,ARTIES 1,WRI1006212,67.52,41.7980,1.9543,Hydro,,,,1955.0,ENDESA GENERACION S.A.,Red Eléctrica de España,http://www.ree.es/en/statistical-data-of-spanish-electrical-system/annual-report/preliminary-report-spanish-electricity-system-2015,CARMA,1029321,,,,,,,,,,175.76,172.50,93.12,171.22,85.30,HYDRO-V1,HYDRO-V1,HYDRO-V1,HYDRO-V1,HYDRO-V1
ESP,Spain,ASCO GR,WRI1006213,1990.5,41.2008,0.5679,Nuclear,,,,1983.0,ENDESA GENERACION S.A.,Red Eléctrica de España,http://www.ree.es/en/statistical-data-of-spanish-electrical-system/annual-report/preliminary-report-spanish-electricity-system-2015,GEODB,1011921,,,,15802.182,16029.262,15241.801,,,JRC-PPDB-OPEN,,,,,15902.24,NO-ESTIMATION,NO-ESTIMATION,NO-ESTIMATION,NO-ESTIMATION,CAPACITY-FACTOR-V1
ESP,Spain,ASTE 1A,WRI1006214,99.8,39.1710,-3.2666,Solar,,,,2012.0,ARIES SOLAR TERMOELECTRICA  S.L.,Red Eléctrica de España,http://www.ree.es/en/statistical-data-of-spanish-electrical-system/annual-report/preliminary-report-spanish-electricity-system-2015,GEODB,1078152,,,,,,,,,,210.94,217.47,224.51,216.85,208.00,SOLAR-V1,SOLAR-V1,SOLAR-V1,SOLAR-V1,SOLAR-V1
ESP,Spain,ASTEXOL-2,WRI1006215,49.9,38.8120,-7.0587,Solar,,,,2012.0,DIOXIPE SOLAR  S.L.,Red Eléctrica de España,http://www.ree.es/en/statistical-data-of-spanish-electrical-system/annual-report/preliminary-report-spanish-electricity-system-2015,GEODB,1078151,,,,,,,,,,111.79,109.74,110.36,109.13,100.41,SOLAR-V1,SOLAR-V1,SOLAR-V1,SOLAR-V1,SOLAR-V1
ESP,Spain,AZULIBER,WRI1006221,17.763,40.0667,-0.2000,Gas,,,,,AZULIBER 1 S.L.,Red Eléctrica de España,http://www.ree.es/en/statistical-data-of-spanish-electrical-system/annual-report/preliminary-report-spanish-electricity-system-2015,CARMA,1010596,,,,,,,,,,,,,,42.10,NO-ESTIMATION,NO-ESTIMATION,NO-ESTIMATION,NO-ESTIMATION,CAPACITY-FACTOR-V1
ESP,Spain,AZUTAN 2,WRI1006222,198.01,39.7799,-5.0876,Hydro,,,,1970.0,IBERDROLA GENERACION  S.A.,Red Eléctrica de España,http://www.ree.es/en/statistical-data-of-spanish-electrical-system/annual-report/preliminary-report-spanish-electricity-system-2015,WRI,1019083,,,,,,,,,,626.74,633.25,222.49,545.28,212.59,HYDRO-V1,HYDRO-V1,HYDRO-V1,HYDRO-V1,HYDRO-V1
ESP,Spain,Abenójar,WKS0060326,5.2,38.8980,-4.3660,Solar,,,,,,Wiki-Solar,https://www.wiki-solar.org,Wiki-Solar,,,,,,,,,,,10.42,10.45,11.49,10.33,10.13,SOLAR-V1-NO-AGE,SOLAR-V1-NO-AGE,SOLAR-V1-NO-AGE,SOLAR-V1-NO-AGE,SOLAR-V1-NO-AGE
ESP,Spain,Abertura,WKS0060038,23.0,39.2226,-5.7853,Solar,,,,,,Wiki-Solar,https://www.wiki-solar.org,Wiki-Solar,,,,,,,,,,,49.02,46.65,48.51,46.74,48.43,SOLAR-V1-NO-AGE,SOLAR-V1-NO-AGE,SOLAR-V1-NO-AGE,SOLAR-V1-NO-AGE,SOLAR-V1-NO-AGE
ESP,Spain,Ablitas,WKS0061102,8.8,42.0060,-1.6920,Solar,,,,,,Wiki-Solar,https://www.wiki-solar.org,Wiki-Solar,,,,,,,,,,,14.32,14.70,14.48,14.64,15.25,SOLAR-V1-NO-AGE,SOLAR-V1-NO-AGE,SOLAR-V1-NO-AGE,SOLAR-V1-NO-AGE,SOLAR-V1-NO-AGE
ESP,Spain,Abona,WKS0065991,6.0,28.1630,-16.4680,Solar,,,,,,Wiki-Solar,https://www.wiki-solar.org,Wiki-Solar,,,,,,,,,,,13.85,13.95,13.90,14.01,13.85,SOLAR-V1-NO-AGE,SOLAR-V1-NO-AGE,SOLAR-V1-NO-AGE,SOLAR-V1-NO-AGE,SOLAR-V1-NO-AGE
ESP,Spain,Actiu Technological Park,WKS0060333,5.2,38.6057,-0.6586,Solar,,,,,,Wiki-Solar,https://www.wiki-solar.org,Wiki-Solar,,,,,,,,,,,11.32,10.76,10.14,10.18,11.66,SOLAR-V1-NO-AGE,SOLAR-V1-NO-AGE,SOLAR-V1-NO-AGE,SOLAR-V1-NO-AGE,SOLAR-V1-NO-AGE
ESP,Spain,Ager,WKS0060113,11.3,38.3280,-6.6880,Solar,,,,,,Wiki-Solar,https://www.wiki-solar.org,Wiki-Solar,,,,,,,,,,,24.04,23.87,23.56,23.99,25.67,SOLAR-V1-NO-AGE,SOLAR-V1-NO-AGE,SOLAR-V1-NO-AGE,SOLAR-V1-NO-AGE,SOLAR-V1-NO-AGE
ESP,Spain,Alange,WKS0060188,8.5,38.8064,-6.2832,Solar,,,,,,Wiki-Solar,https://www.wiki-solar.org,Wiki-Solar,,,,,,,,,,,16.44,15.86,16.04,15.96,16.15,SOLAR-V1-NO-AGE,SOLAR-V1-NO-AGE,SOLAR-V1-NO-AGE,SOLAR-V1-NO-AGE,SOLAR-V1-NO-AGE
ESP,Spain,Albacete Casa Grande,WKS0060152,10.0,39.0440,-1.9760,Solar,,,,,,Wiki-Solar,https://www.wiki-solar.org,Wiki-Solar,,,,,,,,,,,19.23,19.32,19.13,19.14,19.50,SOLAR-V1-NO-AGE,SOLAR-V1-NO-AGE,SOLAR-V1-NO-AGE,SOLAR-V1-NO-AGE,SOLAR-V1-NO-AGE
ESP,Spain,Albacete Tinajeros,WKS0060163,10.0,39.0465,-1.7941,Solar,,,,,,Wiki-Solar,https://www.wiki-solar.org,Wiki-Solar,,,,,,,,,,,19.06,19.15,19.13,19.14,19.47,SOLAR-V1-NO-AGE,SOLAR-V1-NO-AGE,SOLAR-V1-NO-AGE,SOLAR-V1-NO-AGE,SOLAR-V1-NO-AGE
ESP,Spain,Alcaudete,WKS0060224,7.2,37.5710,-4.0930,Solar,,,,,,Wiki-Solar,https://www.wiki-solar.org,Wiki-Solar,,,,,,,,,,,14.50,15.65,15.84,14.72,15.44,SOLAR-V1-NO-AGE,SOLAR-V1-NO-AGE,SOLAR-V1-NO-AGE,SOLAR-V1-NO-AGE,SOLAR-V1-NO-AGE
ESP,Spain,Alcolea I+II,WKS0060254,9.3,37.9200,-4.6730,Solar,,,,,,Wiki-Solar,https://www.wiki-solar.org,Wiki-Solar,,,,,,,,,,,18.61,17.95,19.87,18.41,19.71,SOLAR-V1-NO-AGE,SOLAR-V1-NO-AGE,SOLAR-V1-NO-AGE,SOLAR-V1-NO-AGE,SOLAR-V1-NO-AGE
ESP,Spain,Alconchel,WKS0060160,10.0,38.5230,-7.0600,Solar,,,,,,Wiki-Solar,https://www.wiki-solar.org,Wiki-Solar,,,,,,,,,,,19.20,19.04,19.00,19.01,20.69,SOLAR-V1-NO-AGE,SOLAR-V1-NO-AGE,SOLAR-V1-NO-AGE,SOLAR-V1-NO-AGE,SOLAR-V1-NO-AGE
ESP,Spain,Alconera,WKS0060221,7.3,38.3650,-6.4549,Solar,,,,,,Wiki-Solar,https://www.wiki-solar.org,Wiki-Solar,,,,,,,,,,,14.41,14.44,14.50,14.49,14.45,SOLAR-V1-NO-AGE,SOLAR-V1-NO-AGE,SOLAR-V1-NO-AGE,SOLAR-V1-NO-AGE,SOLAR-V1-NO-AGE
ESP,Spain,Alconera II,WKS0065277,7.2,38.3773,-6.4587,Solar,,,,,,Wiki-Solar,https://www.wiki-solar.org,Wiki-Solar,,,,,,,,,,,14.27,14.26,14.32,14.31,14.27,SOLAR-V1-NO-AGE,SOLAR-V1-NO-AGE,SOLAR-V1-NO-AGE,SOLAR-V1-NO-AGE,SOLAR-V1-NO-AGE
ESP,Spain,Aldea del Conde,WKS0060265,6.2,38.8170,-6.7490,Solar,,,,,,Wiki-Solar,https://www.wiki-solar.org,Wiki-Solar,,,,,,,,,,,12.36,12.10,12.29,12.17,12.26,SOLAR-V1-NO-AGE,SOLAR-V1-NO-AGE,SOLAR-V1-NO-AGE,SOLAR-V1-NO-AGE,SOLAR-V1-NO-AGE
ESP,Spain,Alfarrasi,WKS0061428,10.6,38.9060,-0.5090,Solar,,,,,,Wiki-Solar,https://www.wiki-solar.org,Wiki-Solar,,,,,,,,,,,24.38,23.63,22.56,22.27,24.56,SOLAR-V1-NO-AGE,SOLAR-V1-NO-AGE,SOLAR-V1-NO-AGE,SOLAR-V1-NO-AGE,SOLAR-V1-NO-AGE
ESP,Spain,Algarrobo,WKS0060300,5.6,37.6030,-5.1040,Solar,,,,,,Wiki-Solar,https://www.wiki-solar.org,Wiki-Solar,,,,,,,,,,,11.26,11.01,10.80,10.98,11.52,SOLAR-V1-NO-AGE,SOLAR-V1-NO-AGE,SOLAR-V1-NO-AGE,SOLAR-V1-NO-AGE,SOLAR-V1-NO-AGE
ESP,Spain,Alhama,WKS0060259,6.3,37.8483,-1.3416,Solar,,,,,,Wiki-Solar,https://www.wiki-solar.org,Wiki-Solar,,,,,,,,,,,13.65,12.90,12.29,12.27,13.70,SOLAR-V1-NO-AGE,SOLAR-V1-NO-AGE,SOLAR-V1-NO-AGE,SOLAR-V1-NO-AGE,SOLAR-V1-NO-AGE
ESP,Spain,Almansa,WKS0060193,8.3,38.8443,-1.0498,Solar,,,,,,Wiki-Solar,https://www.wiki-solar.org,Wiki-Solar,,,,,,,,,,,16.04,15.58,15.81,15.70,15.62,SOLAR-V1-NO-AGE,SOLAR-V1-NO-AGE,SOLAR-V1-NO-AGE,SOLAR-V1-NO-AGE,SOLAR-V1-NO-AGE
ESP,Spain,Almaraz,WKS0060040,22.1,39.8300,-5.6600,Solar,,,,,,Wiki-Solar,https://www.wiki-solar.org,Wiki-Solar,,,,,,,,,,,47.10,45.54,47.35,45.42,46.38,SOLAR-V1-NO-AGE,SOLAR-V1-NO-AGE,SOLAR-V1-NO-AGE,SOLAR-V1-NO-AGE,SOLAR-V1-NO-AGE
ESP,Spain,Almodóvar del Campo,WKS0060155,10.0,38.7288,-4.2100,Solar,,,,,,Wiki-Solar,https://www.wiki-solar.org,Wiki-Solar,,,,,,,,,,,19.43,18.83,20.76,18.89,20.71,SOLAR-V1-NO-AGE,SOLAR-V1-NO-AGE,SOLAR-V1-NO-AGE,SOLAR-V1-NO-AGE,SOLAR-V1-NO-AGE
ESP,Spain,Almodóvar del Río E,WKS0060157,9.6,37.8380,-4.9720,Solar,,,,,,Wiki-Solar,https://www.wiki-solar.org,Wiki-Solar,,,,,,,,,,,18.37,18.18,18.03,18.30,19.24,SOLAR-V1-NO-AGE,SOLAR-V1-NO-AGE,SOLAR-V1-NO-AGE,SOLAR-V1-NO-AGE,SOLAR-V1-NO-AGE
ESP,Spain,Almodóvar del Río W,WKS0060167,9.6,37.8370,-4.9800,Solar,,,,,,Wiki-Solar,https://www.wiki-solar.org,Wiki-Solar,,,,,,,,,,,18.37,18.18,18.03,18.30,19.24,SOLAR-V1-NO-AGE,SOLAR-V1-NO-AGE,SOLAR-V1-NO-AGE,SOLAR-V1-NO-AGE,SOLAR-V1-NO-AGE
ESP,Spain,Almonacid,WKS0060307,5.6,41.4180,-1.2969,Solar,,,,,,Wiki-Solar,https://www.wiki-solar.org,Wiki-Solar,,,,,,,,,,,9.28,9.70,10.10,10.06,10.17,SOLAR-V1-NO-AGE,SOLAR-V1-NO-AGE,SOLAR-V1-NO-AGE,SOLAR-V1-NO-AGE,SOLAR-V1-NO-AGE
ESP,Spain,Alvarado,WKS0060293,5.7,38.8081,-6.8254,Solar,,,,,,Wiki-Solar,https://www.wiki-solar.org,Wiki-Solar,,,,,,,,,,,11.39,11.12,11.30,11.22,11.41,SOLAR-V1-NO-AGE,SOLAR-V1-NO-AGE,SOLAR-V1-NO-AGE,SOLAR-V1-NO-AGE,SOLAR-V1-NO-AGE
ESP,Spain,Arbante,WKS0060182,8.8,42.4950,-2.3100,Solar,,,,,,Wiki-Solar,https://www.wiki-solar.org,Wiki-Solar,,,,,,,,,,,13.89,14.50,14.59,14.70,14.54,SOLAR-V1-NO-AGE,SOLAR-V1-NO-AGE,SOLAR-V1-NO-AGE,SOLAR-V1-NO-AGE,SOLAR-V1-NO-AGE
ESP,Spain,Archidona,WKS0060222,7.3,37.0900,-4.4330,Solar,,,,,,Wiki-Solar,https://www.wiki-solar.org,Wiki-Solar,,,,,,,,,,,15.41,15.15,15.46,14.99,15.45,SOLAR-V1-NO-AGE,SOLAR-V1-NO-AGE,SOLAR-V1-NO-AGE,SOLAR-V1-NO-AGE,SOLAR-V1-NO-AGE
ESP,Spain,Arcosol CSP,WKS0071015,49.9,36.6630,-5.8280,Solar,,,,,,Wiki-Solar,https://www.wiki-solar.org,Wiki-Solar,,,,,,,,,,,133.28,130.87,120.63,123.45,129.19,SOLAR-V1-NO-AGE,SOLAR-V1-NO-AGE,SOLAR-V1-NO-AGE,SOLAR-V1-NO-AGE,SOLAR-V1-NO-AGE
ESP,Spain,Arenales,WKS0071016,50.0,37.1220,-5.5670,Solar,,,,,,Wiki-Solar,https://www.wiki-solar.org,Wiki-Solar,,,,,,,,,,,118.29,117.86,114.34,117.54,118.04,SOLAR-V1-NO-AGE,SOLAR-V1-NO-AGE,SOLAR-V1-NO-AGE,SOLAR-V1-NO-AGE,SOLAR-V1-NO-AGE
ESP,Spain,Arguedas III,WKS0060227,7.1,42.1859,-1.6073,Solar,,,,,,Wiki-Solar,https://www.wiki-solar.org,Wiki-Solar,,,,,,,,,,,11.64,12.13,11.77,11.81,12.48,SOLAR-V1-NO-AGE,SOLAR-V1-NO-AGE,SOLAR-V1-NO-AGE,SOLAR-V1-NO-AGE,SOLAR-V1-NO-AGE
ESP,Spain,Arico,WKS0069759,6.6,28.1580,-16.4644,Solar,,,,,,Wiki-Solar,https://www.wiki-solar.org,Wiki-Solar,,,,,,,,,,,15.25,15.35,15.30,15.42,15.25,SOLAR-V1-NO-AGE,SOLAR-V1-NO-AGE,SOLAR-V1-NO-AGE,SOLAR-V1-NO-AGE,SOLAR-V1-NO-AGE
ESP,Spain,Arnedo,WKS0060022,30.0,42.2770,-2.0440,Solar,,,,,,Wiki-Solar,https://www.wiki-solar.org,Wiki-Solar,,,,,,,,,,,50.23,52.25,52.60,53.12,52.41,SOLAR-V1-NO-AGE,SOLAR-V1-NO-AGE,SOLAR-V1-NO-AGE,SOLAR-V1-NO-AGE,SOLAR-V1-NO-AGE
ESP,Spain,Aste 1B,WKS0070985,50.0,39.1720,-3.2770,Solar,,,,,,Wiki-Solar,https://www.wiki-solar.org,Wiki-Solar,,,,,,,,,,,100.91,103.33,106.58,103.65,107.05,SOLAR-V1-NO-AGE,SOLAR-V1-NO-AGE,SOLAR-V1-NO-AGE,SOLAR-V1-NO-AGE,SOLAR-V1-NO-AGE
ESP,Spain,Ataquines A,WKS0069237,4.0,41.1980,-4.8322,Solar,,,,,,Wiki-Solar,https://www.wiki-solar.org,Wiki-Solar,,,,,,,,,,,6.48,6.33,6.48,6.17,6.54,SOLAR-V1-NO-AGE,SOLAR-V1-NO-AGE,SOLAR-V1-NO-AGE,SOLAR-V1-NO-AGE,SOLAR-V1-NO-AGE
ESP,Spain,Atzeneta,WKS0060297,5.7,40.2140,-0.1853,Solar,,,,,,Wiki-Solar,https://www.wiki-solar.org,Wiki-Solar,,,,,,,,,,,12.74,11.21,11.39,11.27,12.33,SOLAR-V1-NO-AGE,SOLAR-V1-NO-AGE,SOLAR-V1-NO-AGE,SOLAR-V1-NO-AGE,SOLAR-V1-NO-AGE
ESP,Spain,Azonilla,WKS0065994,8.0,38.7462,-5.5308,Solar,,,,,,Wiki-Solar,https://www.wiki-solar.org,Wiki-Solar,,,,,,,,,,,15.97,15.69,15.70,15.75,15.88,SOLAR-V1-NO-AGE,SOLAR-V1-NO-AGE,SOLAR-V1-NO-AGE,SOLAR-V1-NO-AGE,SOLAR-V1-NO-AGE
ESP,Spain,BAHIA DE ALGECIRAS I,WRI1006223,731.0,36.1829,-5.3905,Gas,,,,1970.0,VIESGO GENERACION  S.L.,Red Eléctrica de España,http://www.ree.es/en/statistical-data-of-spanish-electrical-system/annual-report/preliminary-report-spanish-electricity-system-2015,GEODB,1012767,,,,2103.497,2415.509,3373.713,,,JRC-PPDB-OPEN,,,,,1732.71,NO-ESTIMATION,NO-ESTIMATION,NO-ESTIMATION,NO-ESTIMATION,CAPACITY-FACTOR-V1
ESP,Spain,BARAZAR 1,WRI1006226,82.7,43.1000,-2.7500,Hydro,,,,1957.0,IBERDROLA GENERACION  S.A.,Red Eléctrica de España,http://www.ree.es/en/statistical-data-of-spanish-electrical-system/annual-report/preliminary-report-spanish-electricity-system-2015,CARMA,1019084,,,,,,,,,,274.01,274.01,184.76,274.76,175.15,HYDRO-V1,HYDRO-V1,HYDRO-V1,HYDRO-V1,HYDRO-V1
ESP,Spain,BARCENA GR 1,WRI1006228,61.15,43.1258,-4.0566,Hydro,,,,1959.0,ENDESA GENERACION S.A.,Red Eléctrica de España,http://www.ree.es/en/statistical-data-of-spanish-electrical-system/annual-report/preliminary-report-spanish-electricity-system-2015,CARMA,,,,,,,,,,,185.20,163.90,75.48,164.35,59.60,HYDRO-V1,HYDRO-V1,HYDRO-V1,HYDRO-V1,HYDRO-V1
ESP,Spain,BARRADOS,WRI1006229,15.88,42.7333,0.7167,Hydro,,,,1956.0,ENDESA GENERACION S.A.,Red Eléctrica de España,http://www.ree.es/en/statistical-data-of-spanish-electrical-system/annual-report/preliminary-report-spanish-electricity-system-2015,CARMA,1029322,,,,,,,,,,56.11,56.12,31.41,55.67,32.12,HYDRO-V1,HYDRO-V1,HYDRO-V1,HYDRO-V1,HYDRO-V1
ESP,Spain,BARRANCO DE TIRAJANA 7  VAPOR 3 (CC1),WRI1006230,646.26,27.8045,-15.4387,Oil,Gas,,,2008.0,UNION ELECTRICA DE CANARIAS GENERACION  S.A.U.,Red Eléctrica de España,http://www.ree.es/en/statistical-data-of-spanish-electrical-system/annual-report/preliminary-report-spanish-electricity-system-2015,WRI,1032398,,,,,,,,,,,,,,1346.49,NO-ESTIMATION,NO-ESTIMATION,NO-ESTIMATION,NO-ESTIMATION,CAPACITY-FACTOR-V1
ESP,Spain,BELESAR GRUPO 2,WRI1006246,331.01,42.6263,-7.7135,Hydro,,,,1963.0,GAS NATURAL FENOSA GENERACION  S.L.U.,Red Eléctrica de España,http://www.ree.es/en/statistical-data-of-spanish-electrical-system/annual-report/preliminary-report-spanish-electricity-system-2015,WRI,,,,,463.251,737.018,105.937,,,JRC-PPDB-OPEN,972.62,967.60,372.82,978.93,369.50,HYDRO-V1,HYDRO-V1,HYDRO-V1,HYDRO-V1,HYDRO-V1
ESP,Spain,BEMBEZAR,WRI1006247,14.86,37.8333,-5.2333,Hydro,,,,1962.0,ENDESA GENERACION S.A.,Red Eléctrica de España,http://www.ree.es/en/statistical-data-of-spanish-electrical-system/annual-report/preliminary-report-spanish-electricity-system-2015,CARMA,1012771,,,,,,,,,,43.75,41.87,30.99,42.32,28.30,HYDRO-V1,HYDRO-V1,HYDRO-V1,HYDRO-V1,HYDRO-V1
ESP,Spain,BENAGEBER 2,WRI1006248,14.91,39.7167,-1.1000,Hydro,,,,1996.0,IBERDROLA RENOVABLES ENERGIA  S.A.,Red Eléctrica de España,http://www.ree.es/en/statistical-data-of-spanish-electrical-system/annual-report/preliminary-report-spanish-electricity-system-2015,CARMA,1037446,,,,,,,,,,41.33,40.68,25.84,40.66,25.03,HYDRO-V1,HYDRO-V1,HYDRO-V1,HYDRO-V1,HYDRO-V1
ESP,Spain,BESOS  GRUPO 5,WRI1006249,1670.81,41.4196,2.2294,Gas,,,,2010.0,ENDESA GENERACION S.A.,Red Eléctrica de España,http://www.ree.es/en/statistical-data-of-spanish-electrical-system/annual-report/preliminary-report-spanish-electricity-system-2015,GEODB,1031231,,,,744.13,666.045,1360.293,,,JRC-PPDB-OPEN,,,,,3960.37,NO-ESTIMATION,NO-ESTIMATION,NO-ESTIMATION,NO-ESTIMATION,CAPACITY-FACTOR-V1
ESP,Spain,BIESCAS II 1,WRI1006251,61.4,42.6290,-0.3214,Hydro,,,,1969.0,CORPORACION ACCIONA HIDRAULICA  S.L.,Red Eléctrica de España,http://www.ree.es/en/statistical-data-of-spanish-electrical-system/annual-report/preliminary-report-spanish-electricity-system-2015,CARMA,1095025,,,,,,,,,,200.21,200.21,127.55,200.75,120.42,HYDRO-V1,HYDRO-V1,HYDRO-V1,HYDRO-V1,HYDRO-V1
ESP,Spain,BOINERSA,WRI1006265,24.6,42.6500,-8.9000,Oil,,,,2011.0,BOIRO ENERGIA  S.A.,Red Eléctrica de España,http://www.ree.es/en/statistical-data-of-spanish-electrical-system/annual-report/preliminary-report-spanish-electricity-system-2015,CARMA,1054434,,,,,,,,,,,,,,51.25,NO-ESTIMATION,NO-ESTIMATION,NO-ESTIMATION,NO-ESTIMATION,CAPACITY-FACTOR-V1
ESP,Spain,BOLARQUE I GRUPO 1,WRI1006266,27.939999999999998,40.4190,-2.9226,Hydro,,,,1954.0,GAS NATURAL FENOSA GENERACION  S.L.U.,Red Eléctrica de España,http://www.ree.es/en/statistical-data-of-spanish-electrical-system/annual-report/preliminary-report-spanish-electricity-system-2015,CARMA,1032411,,,,,,,,,,91.53,91.53,65.21,91.78,61.97,HYDRO-V1,HYDRO-V1,HYDRO-V1,HYDRO-V1,HYDRO-V1
ESP,Spain,BOLARQUE II GRUPO 1,WRI1006267,215.0,40.3640,-2.8289,Hydro,,,,1973.0,GAS NATURAL FENOSA GENERACION  S.L.U.,Red Eléctrica de España,http://www.ree.es/en/statistical-data-of-spanish-electrical-system/annual-report/preliminary-report-spanish-electricity-system-2015,WRI,1032411,,,,,,,,,,464.64,456.88,204.95,454.77,149.69,HYDRO-V1,HYDRO-V1,HYDRO-V1,HYDRO-V1,HYDRO-V1
ESP,Spain,BUENDIA GRUPO 1,WRI1006273,54.449999999999996,40.3664,-2.7565,Hydro,,,,1956.0,GAS NATURAL FENOSA GENERACION  S.L.U.,Red Eléctrica de España,http://www.ree.es/en/statistical-data-of-spanish-electrical-system/annual-report/preliminary-report-spanish-electricity-system-2015,CARMA,1032413,,,,,,,,,,139.77,139.73,114.67,137.90,67.20,HYDRO-V1,HYDRO-V1,HYDRO-V1,HYDRO-V1,HYDRO-V1
ESP,Spain,BURGUILLO GRUPO 1,WRI1006274,61.949999999999996,40.4153,-4.5016,Hydro,,,,1970.0,GAS NATURAL FENOSA GENERACION  S.L.U.,Red Eléctrica de España,http://www.ree.es/en/statistical-data-of-spanish-electrical-system/annual-report/preliminary-report-spanish-electricity-system-2015,CARMA,1032415,,,,,,,,,,180.63,180.18,46.92,171.56,67.67,HYDRO-V1,HYDRO-V1,HYDRO-V1,HYDRO-V1,HYDRO-V1
ESP,Spain,Bardenas,WKS0060135,10.1,42.2710,-1.6660,Solar,,,,,,Wiki-Solar,https://www.wiki-solar.org,Wiki-Solar,,,,,,,,,,,15.81,16.42,16.10,16.09,16.06,SOLAR-V1-NO-AGE,SOLAR-V1-NO-AGE,SOLAR-V1-NO-AGE,SOLAR-V1-NO-AGE,SOLAR-V1-NO-AGE
ESP,Spain,Bargas,WKS0060325,5.2,39.9190,-4.1170,Solar,,,,,,Wiki-Solar,https://www.wiki-solar.org,Wiki-Solar,,,,,,,,,,,10.16,10.20,10.43,9.80,10.43,SOLAR-V1-NO-AGE,SOLAR-V1-NO-AGE,SOLAR-V1-NO-AGE,SOLAR-V1-NO-AGE,SOLAR-V1-NO-AGE
ESP,Spain,Belmez,WKS0060124,10.9,38.2812,-5.2390,Solar,,,,,,Wiki-Solar,https://www.wiki-solar.org,Wiki-Solar,,,,,,,,,,,23.49,22.83,24.77,23.13,22.66,SOLAR-V1-NO-AGE,SOLAR-V1-NO-AGE,SOLAR-V1-NO-AGE,SOLAR-V1-NO-AGE,SOLAR-V1-NO-AGE
ESP,Spain,Benahadux,WKS0060127,10.6,36.9268,-2.4758,Solar,,,,,,Wiki-Solar,https://www.wiki-solar.org,Wiki-Solar,,,,,,,,,,,25.87,26.71,27.02,27.29,26.83,SOLAR-V1-NO-AGE,SOLAR-V1-NO-AGE,SOLAR-V1-NO-AGE,SOLAR-V1-NO-AGE,SOLAR-V1-NO-AGE
ESP,Spain,Beneixama,WKS0060055,20.0,38.7200,-0.7270,Solar,,,,,,Wiki-Solar,https://www.wiki-solar.org,Wiki-Solar,,,,,,,,,,,46.89,46.31,43.34,42.40,47.34,SOLAR-V1-NO-AGE,SOLAR-V1-NO-AGE,SOLAR-V1-NO-AGE,SOLAR-V1-NO-AGE,SOLAR-V1-NO-AGE
ESP,Spain,Blanca,WKS0060240,7.0,38.2216,-1.3163,Solar,,,,,,Wiki-Solar,https://www.wiki-solar.org,Wiki-Solar,,,,,,,,,,,13.76,14.50,13.94,13.94,15.37,SOLAR-V1-NO-AGE,SOLAR-V1-NO-AGE,SOLAR-V1-NO-AGE,SOLAR-V1-NO-AGE,SOLAR-V1-NO-AGE
ESP,Spain,Bonete,WKS0060299,5.7,38.8816,-1.3300,Solar,,,,,,Wiki-Solar,https://www.wiki-solar.org,Wiki-Solar,,,,,,,,,,,11.52,11.19,11.18,11.24,11.64,SOLAR-V1-NO-AGE,SOLAR-V1-NO-AGE,SOLAR-V1-NO-AGE,SOLAR-V1-NO-AGE,SOLAR-V1-NO-AGE
ESP,Spain,Bullas,WKS0060345,5.0,38.0520,-1.6870,Solar,,,,,,Wiki-Solar,https://www.wiki-solar.org,Wiki-Solar,,,,,,,,,,,9.97,10.69,9.97,9.80,11.07,SOLAR-V1-NO-AGE,SOLAR-V1-NO-AGE,SOLAR-V1-NO-AGE,SOLAR-V1-NO-AGE,SOLAR-V1-NO-AGE
ESP,Spain,C.H. ARNOYA,WRI1006277,10.0,42.8878,-8.9567,Hydro,,,,2005.0,HIDROELECTRICA DEL GIESTA SRL,Red Eléctrica de España,http://www.ree.es/en/statistical-data-of-spanish-electrical-system/annual-report/preliminary-report-spanish-electricity-system-2015,CARMA,1058381,,,,,,,,,,32.41,32.79,20.66,32.16,15.12,HYDRO-V1,HYDRO-V1,HYDRO-V1,HYDRO-V1,HYDRO-V1
ESP,Spain,C.H. EN ALARCON,WRI1006278,15.89,39.5500,-2.0833,Hydro,,,,2006.0,CIENER  S.A.U.,Red Eléctrica de España,http://www.ree.es/en/statistical-data-of-spanish-electrical-system/annual-report/preliminary-report-spanish-electricity-system-2015,CARMA,1070318,,,,,,,,,,44.22,36.30,31.39,44.72,26.41,HYDRO-V1,HYDRO-V1,HYDRO-V1,HYDRO-V1,HYDRO-V1
ESP,Spain,C.H. MILLARES II GRUPO 1,WRI1006280,70.17,39.2500,-0.7667,Hydro,,,,2003.0,IBERDROLA GENERACION  S.A.,Red Eléctrica de España,http://www.ree.es/en/statistical-data-of-spanish-electrical-system/annual-report/preliminary-report-spanish-electricity-system-2015,CARMA,1064457,,,,,,,,,,184.54,140.50,86.60,203.59,83.01,HYDRO-V1,HYDRO-V1,HYDRO-V1,HYDRO-V1,HYDRO-V1
ESP,Spain,C.H. RIALB 2.,WRI1006282,24.774,41.9753,1.2561,Hydro,,,,2007.0,SALTOS Y CENTRALES DE CATALUNYA  S.A.,Red Eléctrica de España,http://www.ree.es/en/statistical-data-of-spanish-electrical-system/annual-report/preliminary-report-spanish-electricity-system-2015,CARMA,1062471,,,,,,,,,,83.83,83.83,50.47,75.01,44.49,HYDRO-V1,HYDRO-V1,HYDRO-V1,HYDRO-V1,HYDRO-V1
ESP,Spain,C.H. SAHECHORES,WRI1006283,20.216,42.6563,-5.1753,Hydro,,,,2007.0,CONFEDERACION HIDROGRAFICA DEL DUERO,Red Eléctrica de España,http://www.ree.es/en/statistical-data-of-spanish-electrical-system/annual-report/preliminary-report-spanish-electricity-system-2015,CARMA,1067543,,,,,,,,,,53.04,51.69,38.04,54.00,28.12,HYDRO-V1,HYDRO-V1,HYDRO-V1,HYDRO-V1,HYDRO-V1
ESP,Spain,CALDES 2,WRI1006288,32.48,42.5046,0.8006,Hydro,,,,1959.0,ENDESA GENERACION S.A.,Red Eléctrica de España,http://www.ree.es/en/statistical-data-of-spanish-electrical-system/annual-report/preliminary-report-spanish-electricity-system-2015,CARMA,1015785,,,,,,,,,,106.66,106.66,75.54,106.96,71.77,HYDRO-V1,HYDRO-V1,HYDRO-V1,HYDRO-V1,HYDRO-V1
ESP,Spain,CAMARASA II 1,WRI1006289,58.650000000000006,41.8749,0.8781,Hydro,,,,1989.0,ENDESA GENERACION S.A.,Red Eléctrica de España,http://www.ree.es/en/statistical-data-of-spanish-electrical-system/annual-report/preliminary-report-spanish-electricity-system-2015,CARMA,1017205,,,,,,,,,,198.74,203.61,98.16,197.54,95.67,HYDRO-V1,HYDRO-V1,HYDRO-V1,HYDRO-V1,HYDRO-V1
ESP,Spain,CAMPO DE GIBRALTAR GRUPO 20,WRI1006292,780.6600000000001,36.1834,-5.3933,Gas,,,,2004.0,PUENTE MAYORGA GENERACION  S.L.U.,Red Eléctrica de España,http://www.ree.es/en/statistical-data-of-spanish-electrical-system/annual-report/preliminary-report-spanish-electricity-system-2015,GEODB,1045094,,,,,,,,,,,,,,1850.42,NO-ESTIMATION,NO-ESTIMATION,NO-ESTIMATION,NO-ESTIMATION,CAPACITY-FACTOR-V1
ESP,Spain,CAMPORRIONDI,WRI1006297,15.2,43.3514,-5.1292,Hydro,,,,,NAVARRO GENERACION  S.A.,Red Eléctrica de España,http://www.ree.es/en/statistical-data-of-spanish-electrical-system/annual-report/preliminary-report-spanish-electricity-system-2015,CARMA,1027881,,,,,,,,,,51.38,51.56,29.92,51.52,22.89,HYDRO-V1,HYDRO-V1,HYDRO-V1,HYDRO-V1,HYDRO-V1
ESP,Spain,CANALEJAS,WRI1006300,18.7,39.8500,-0.7500,Wind,,,,2005.0,BIOVENT ENERGIA  S.A.,Red Eléctrica de España,http://www.ree.es/en/statistical-data-of-spanish-electrical-system/annual-report/preliminary-report-spanish-electricity-system-2015,CARMA,1062615,,,,,,,,,,43.88,47.36,47.03,45.74,43.60,WIND-V1,WIND-V1,WIND-V1,WIND-V1,WIND-V1
ESP,Spain,CANDELARIA 9  VAPOR 5,WRI1006302,153.94,28.3548,-16.3727,Oil,,,,1979.0,UNION ELECTRICA DE CANARIAS GENERACION  S.A.U.,Red Eléctrica de España,http://www.ree.es/en/statistical-data-of-spanish-electrical-system/annual-report/preliminary-report-spanish-electricity-system-2015,CARMA,1032387,,,,,,,,,,,,,,320.73,NO-ESTIMATION,NO-ESTIMATION,NO-ESTIMATION,NO-ESTIMATION,CAPACITY-FACTOR-V1
ESP,Spain,CANELLES 1,WRI1006306,107.39999999999999,41.9763,0.6116,Hydro,,,,1959.0,ENDESA GENERACION S.A.,Red Eléctrica de España,http://www.ree.es/en/statistical-data-of-spanish-electrical-system/annual-report/preliminary-report-spanish-electricity-system-2015,WRI,1015787,,,,,,,,,,356.58,285.72,169.09,288.27,229.63,HYDRO-V1,HYDRO-V1,HYDRO-V1,HYDRO-V1,HYDRO-V1
ESP,Spain,CARTAGENA GRUPO 1,WRI1006308,1248.82,37.5732,-0.9392,Gas,,,,2006.0,GAS NATURAL FENOSA GENERACION  S.L.U.,Red Eléctrica de España,http://www.ree.es/en/statistical-data-of-spanish-electrical-system/annual-report/preliminary-report-spanish-electricity-system-2015,GEODB,1044241,,,,,,,,,,,,,,2960.11,NO-ESTIMATION,NO-ESTIMATION,NO-ESTIMATION,NO-ESTIMATION,CAPACITY-FACTOR-V1
ESP,Spain,CAS TRESORER TG3  CC2,WRI1006309,429.0,39.5672,2.6895,Gas,,,,2009.0,ENDESA GENERACION S.A.,Red Eléctrica de España,http://www.ree.es/en/statistical-data-of-spanish-electrical-system/annual-report/preliminary-report-spanish-electricity-system-2015,GEODB,1062467,,,,,,,,,,,,,,1016.87,NO-ESTIMATION,NO-ESTIMATION,NO-ESTIMATION,NO-ESTIMATION,CAPACITY-FACTOR-V1
ESP,Spain,CASABLANCA,WRI1006316,49.9,39.2939,-5.2168,Solar,,,,2013.0,SERREZUELA SOLAR II  S.L.,Red Eléctrica de España,http://www.ree.es/en/statistical-data-of-spanish-electrical-system/annual-report/preliminary-report-spanish-electricity-system-2015,GEODB,1091433,,,,,,,,,,,113.06,110.88,110.36,110.13,NO-ESTIMATION,SOLAR-V1,SOLAR-V1,SOLAR-V1,SOLAR-V1
ESP,Spain,CASTEJON  GRUPO 2,WRI1006317,797.41,42.1718,-1.6773,Gas,,,,2007.0,HIDROELECTRICA DEL CANTABRICO  S.A.,Red Eléctrica de España,http://www.ree.es/en/statistical-data-of-spanish-electrical-system/annual-report/preliminary-report-spanish-electricity-system-2015,GEODB,1041578,,,,341.909,632.861,537.364,,,JRC-PPDB-OPEN,,,,,1890.12,NO-ESTIMATION,NO-ESTIMATION,NO-ESTIMATION,NO-ESTIMATION,CAPACITY-FACTOR-V1
ESP,Spain,CASTELLON,WRI1006318,782.0,39.9592,-0.0010,Gas,,,,2002.0,IBERDROLA GENERACION  S.A.,Red Eléctrica de España,http://www.ree.es/en/statistical-data-of-spanish-electrical-system/annual-report/preliminary-report-spanish-electricity-system-2015,GEODB,1049538,,,,1343.546,1798.903,1591.824,,,JRC-PPDB-OPEN,,,,,1853.59,NO-ESTIMATION,NO-ESTIMATION,NO-ESTIMATION,NO-ESTIMATION,CAPACITY-FACTOR-V1
ESP,Spain,CASTREJON GRUPO 1,WRI1006319,80.73,39.8880,-4.4539,Hydro,,,,1968.0,GAS NATURAL FENOSA GENERACION  S.L.U.,Red Eléctrica de España,http://www.ree.es/en/statistical-data-of-spanish-electrical-system/annual-report/preliminary-report-spanish-electricity-system-2015,CARMA,1032421,,,,,,,,,,264.48,233.10,105.78,214.50,114.69,HYDRO-V1,HYDRO-V1,HYDRO-V1,HYDRO-V1,HYDRO-V1
ESP,Spain,CASTRELO GRUPO 1,WRI1006320,135.59,42.2917,-8.1136,Hydro,,,,1969.0,GAS NATURAL FENOSA GENERACION  S.L.U.,Red Eléctrica de España,http://www.ree.es/en/statistical-data-of-spanish-electrical-system/annual-report/preliminary-report-spanish-electricity-system-2015,WRI,,,,,,,,,,,406.81,429.80,302.64,430.97,209.11,HYDRO-V1,HYDRO-V1,HYDRO-V1,HYDRO-V1,HYDRO-V1
ESP,Spain,CASTRO II,WRI1006321,195.29,41.5756,-6.1891,Hydro,,,,1977.0,IBERDROLA GENERACION  S.A.,Red Eléctrica de España,http://www.ree.es/en/statistical-data-of-spanish-electrical-system/annual-report/preliminary-report-spanish-electricity-system-2015,WRI,1019107,,,,358.303,425.843,182.285,,,JRC-PPDB-OPEN,611.30,611.03,266.78,574.27,246.51,HYDRO-V1,HYDRO-V1,HYDRO-V1,HYDRO-V1,HYDRO-V1
ESP,Spain,CCC BAHIA DE ALGECIRAS,WRI1006322,820.536,36.1829,-5.3905,Gas,,,,2009.0,VIESGO GENERACION  S.L.,Red Eléctrica de España,http://www.ree.es/en/statistical-data-of-spanish-electrical-system/annual-report/preliminary-report-spanish-electricity-system-2015,GEODB,1012767,,,,,,,,,,,,,,1944.94,NO-ESTIMATION,NO-ESTIMATION,NO-ESTIMATION,NO-ESTIMATION,CAPACITY-FACTOR-V1
ESP,Spain,CCC SAGUNTO  GRUPO 2,WRI1006323,1232.19,39.6426,-0.2344,Gas,,,,2007.0,GAS NATURAL FENOSA GENERACION  S.L.U.,Red Eléctrica de España,http://www.ree.es/en/statistical-data-of-spanish-electrical-system/annual-report/preliminary-report-spanish-electricity-system-2015,GEODB,1051731,,,,3628.278,3092.415,2771.594,,,JRC-PPDB-OPEN,,,,,2920.69,NO-ESTIMATION,NO-ESTIMATION,NO-ESTIMATION,NO-ESTIMATION,CAPACITY-FACTOR-V1
ESP,Spain,CEDILLO 3,WRI1006324,495.18,39.6643,-7.5332,Hydro,,,,1976.0,IBERDROLA GENERACION  S.A.,Red Eléctrica de España,http://www.ree.es/en/statistical-data-of-spanish-electrical-system/annual-report/preliminary-report-spanish-electricity-system-2015,WRI,1019109,,,,329.235,604.332,294.514,,,JRC-PPDB-OPEN,1399.24,1239.99,571.56,1276.14,742.25,HYDRO-V1,HYDRO-V1,HYDRO-V1,HYDRO-V1,HYDRO-V1
ESP,Spain,CENTRAL HIDRAULICA DOMENO,WRI1006332,20.4,42.6758,-1.2395,Hydro,,,,2001.0,IBERENOVA PROMOCIONES  S.A.  SOCIEDAD UNIPERSONAL,Red Eléctrica de España,http://www.ree.es/en/statistical-data-of-spanish-electrical-system/annual-report/preliminary-report-spanish-electricity-system-2015,CARMA,1037449,,,,,,,,,,67.67,62.78,31.88,62.28,27.71,HYDRO-V1,HYDRO-V1,HYDRO-V1,HYDRO-V1,HYDRO-V1
ESP,Spain,CENTRAL SOLAR TERMOELECTRICA ENERSTAR VILLENA,WRI1006337,49.9,38.7291,-0.9219,Solar,,,,2013.0,ENERSTAR VILLENA  S.A.,Red Eléctrica de España,http://www.ree.es/en/statistical-data-of-spanish-electrical-system/annual-report/preliminary-report-spanish-electricity-system-2015,GEODB,1084473,,,,,,,,,,,121.70,113.10,113.13,119.43,NO-ESTIMATION,SOLAR-V1,SOLAR-V1,SOLAR-V1,SOLAR-V1
ESP,Spain,CENTRAL TERMOSOLAR LA AFRICANA,WRI1006338,49.9,37.7574,-5.0620,Solar,,,,2012.0,AFRICANA ENERGIA S.L.,Red Eléctrica de España,http://www.ree.es/en/statistical-data-of-spanish-electrical-system/annual-report/preliminary-report-spanish-electricity-system-2015,GEODB,1086245,,,,,,,,,,110.88,112.30,111.59,112.67,102.69,SOLAR-V1,SOLAR-V1,SOLAR-V1,SOLAR-V1,SOLAR-V1
ESP,Spain,CERNADILLA,WRI1006339,33.32,42.0208,-6.4170,Hydro,,,,1969.0,IBERDROLA GENERACION  S.A.,Red Eléctrica de España,http://www.ree.es/en/statistical-data-of-spanish-electrical-system/annual-report/preliminary-report-spanish-electricity-system-2015,CARMA,1019111,,,,,,,,,,102.14,114.96,53.58,111.35,26.21,HYDRO-V1,HYDRO-V1,HYDRO-V1,HYDRO-V1,HYDRO-V1
ESP,Spain,CEUTA  GRUPO 13,WRI1006343,48.7,35.8900,-5.3500,Oil,,,,2011.0,ENDESA GENERACION S.A.,Red Eléctrica de España,http://www.ree.es/en/statistical-data-of-spanish-electrical-system/annual-report/preliminary-report-spanish-electricity-system-2015,CARMA,1015707,,,,,,,,,,,,,,101.46,NO-ESTIMATION,NO-ESTIMATION,NO-ESTIMATION,NO-ESTIMATION,CAPACITY-FACTOR-V1
ESP,Spain,CEUTA 9  G-9,WRI1006342,11.5,35.8900,-5.3500,Oil,,,,2001.0,ENDESA GENERACION S.A.,Red Eléctrica de España,http://www.ree.es/en/statistical-data-of-spanish-electrical-system/annual-report/preliminary-report-spanish-electricity-system-2015,CARMA,,,,,,,,,,,,,,,23.96,NO-ESTIMATION,NO-ESTIMATION,NO-ESTIMATION,NO-ESTIMATION,CAPACITY-FACTOR-V1
ESP,Spain,CG NUFRI-1,WRI1006345,13.56,41.6333,0.9000,Oil,,,,2011.0,NUFRI SAT 1596,Red Eléctrica de España,http://www.ree.es/en/statistical-data-of-spanish-electrical-system/annual-report/preliminary-report-spanish-electricity-system-2015,CARMA,,,,,,,,,,,,,,,28.25,NO-ESTIMATION,NO-ESTIMATION,NO-ESTIMATION,NO-ESTIMATION,CAPACITY-FACTOR-V1
ESP,Spain,CICLO COMBINADO DE CASTELNOU,WRI1006355,790.68,41.2167,-0.2928,Gas,,,,2006.0,CASTELNOU ENERGIA  S.L.,Red Eléctrica de España,http://www.ree.es/en/statistical-data-of-spanish-electrical-system/annual-report/preliminary-report-spanish-electricity-system-2015,GEODB,1049538,,,,,,,,,,,,,,1874.17,NO-ESTIMATION,NO-ESTIMATION,NO-ESTIMATION,NO-ESTIMATION,CAPACITY-FACTOR-V1
ESP,Spain,CIJARA M. DCHA. 1,WRI1006357,50.4,39.3711,-5.0166,Hydro,,,,1980.0,ENDESA GENERACION S.A.,Red Eléctrica de España,http://www.ree.es/en/statistical-data-of-spanish-electrical-system/annual-report/preliminary-report-spanish-electricity-system-2015,WRI,,,,,,,,,,,142.08,115.34,36.95,151.97,57.02,HYDRO-V1,HYDRO-V1,HYDRO-V1,HYDRO-V1,HYDRO-V1
ESP,Spain,CIJARA M. IZDA. 3,WRI1023631,51.7,39.3711,-5.0166,Hydro,,,,1969.0,ENDESA GENERACION S.A.,Red Eléctrica de España,http://www.ree.es/en/statistical-data-of-spanish-electrical-system/annual-report/preliminary-report-spanish-electricity-system-2015,WRI,,,,,,,,,,,145.74,118.31,37.91,155.89,58.49,HYDRO-V1,HYDRO-V1,HYDRO-V1,HYDRO-V1,HYDRO-V1
ESP,Spain,CN ALMARAZ 1,WRI1006358,2016.9,39.8070,-5.6986,Nuclear,,,,1984.0,IBERDROLA GENERACION  S.A.,Red Eléctrica de España,http://www.ree.es/en/statistical-data-of-spanish-electrical-system/annual-report/preliminary-report-spanish-electricity-system-2015,GEODB,1011920,,,,16026.973,15053.359,16343.997,,,JRC-PPDB-OPEN,,,,,16113.15,NO-ESTIMATION,NO-ESTIMATION,NO-ESTIMATION,NO-ESTIMATION,CAPACITY-FACTOR-V1
ESP,Spain,CN COFRENTES,WRI1006359,1063.94,39.2134,-1.0509,Nuclear,,,,1985.0,IBERDROLA GENERACION NUCLEAR  S.A.U.,Red Eléctrica de España,http://www.ree.es/en/statistical-data-of-spanish-electrical-system/annual-report/preliminary-report-spanish-electricity-system-2015,GEODB,1019116,,,,7404.213,9152.878,7050.111,,,JRC-PPDB-OPEN,,,,,8499.89,NO-ESTIMATION,NO-ESTIMATION,NO-ESTIMATION,NO-ESTIMATION,CAPACITY-FACTOR-V1
ESP,Spain,COFRENTES 1,WRI1006361,120.53999999999999,39.2167,-1.0500,Hydro,,,,1951.0,IBERDROLA GENERACION  S.A.,Red Eléctrica de España,http://www.ree.es/en/statistical-data-of-spanish-electrical-system/annual-report/preliminary-report-spanish-electricity-system-2015,CARMA,1019229,,,,,,,,,,271.32,195.96,121.68,272.19,111.56,HYDRO-V1,HYDRO-V1,HYDRO-V1,HYDRO-V1,HYDRO-V1
ESP,Spain,COGENERACION MOTRIL,WRI1006377,48.8,36.7334,-3.5413,Gas,,,,2001.0,COGENERACION MOTRIL  S.A.,Red Eléctrica de España,http://www.ree.es/en/statistical-data-of-spanish-electrical-system/annual-report/preliminary-report-spanish-electricity-system-2015,CARMA,1049221,,,,,,,,,,,,,,115.67,NO-ESTIMATION,NO-ESTIMATION,NO-ESTIMATION,NO-ESTIMATION,CAPACITY-FACTOR-V1
ESP,Spain,COGENERACION NAVIA,WRI1006378,24.0,43.5354,-6.7193,Gas,,,,,INDUSTRIAS LACTEAS ASTURIANAS  S.A.,Red Eléctrica de España,http://www.ree.es/en/statistical-data-of-spanish-electrical-system/annual-report/preliminary-report-spanish-electricity-system-2015,CARMA,1009611,,,,,,,,,,,,,,56.88,NO-ESTIMATION,NO-ESTIMATION,NO-ESTIMATION,NO-ESTIMATION,CAPACITY-FACTOR-V1
ESP,Spain,COGENERACION REPSOL,WRI1006381,40.83,38.6871,-4.1073,Oil,,,,1994.0,REPSOL PETROLEO  S.A.,Red Eléctrica de España,http://www.ree.es/en/statistical-data-of-spanish-electrical-system/annual-report/preliminary-report-spanish-electricity-system-2015,CARMA,,,,,,,,,,,,,,,85.06,NO-ESTIMATION,NO-ESTIMATION,NO-ESTIMATION,NO-ESTIMATION,CAPACITY-FACTOR-V1
ESP,Spain,COLORTEX,WRI1006390,12.68,38.8167,-0.6167,Gas,,,,,COLORTEX  S.A.,Red Eléctrica de España,http://www.ree.es/en/statistical-data-of-spanish-electrical-system/annual-report/preliminary-report-spanish-electricity-system-2015,CARMA,1054595,,,,,,,,,,,,,,30.05,NO-ESTIMATION,NO-ESTIMATION,NO-ESTIMATION,NO-ESTIMATION,CAPACITY-FACTOR-V1
ESP,Spain,COMPOSTILLA II GR 5,WRI1006393,1005.1399999999999,42.6125,-6.5647,Coal,,,,1984.0,ENDESA GENERACION S.A.,Red Eléctrica de España,http://www.ree.es/en/statistical-data-of-spanish-electrical-system/annual-report/preliminary-report-spanish-electricity-system-2015,GEODB,1015708,,,,4269.858,,,,,JRC-PPDB-OPEN,,,,,4585.17,NO-ESTIMATION,NO-ESTIMATION,NO-ESTIMATION,NO-ESTIMATION,CAPACITY-FACTOR-V1
ESP,Spain,CONSO 2,WRI1006395,268.02,42.1142,-7.2090,Hydro,,,,1975.0,IBERDROLA GENERACION  S.A.,Red Eléctrica de España,http://www.ree.es/en/statistical-data-of-spanish-electrical-system/annual-report/preliminary-report-spanish-electricity-system-2015,WRI,1019120,,,,,,,,,,757.41,770.23,138.60,742.05,92.93,HYDRO-V1,HYDRO-V1,HYDRO-V1,HYDRO-V1,HYDRO-V1
ESP,Spain,CONSOLL ORELLANA,WRI1006396,49.9,39.0212,-5.5333,Solar,,,,2012.0,RUSTICAS VEGAS ALTAS  S.L.U.,Red Eléctrica de España,http://www.ree.es/en/statistical-data-of-spanish-electrical-system/annual-report/preliminary-report-spanish-electricity-system-2015,GEODB,1086075,,,,,,,,,,113.45,110.51,110.36,109.74,100.23,SOLAR-V1,SOLAR-V1,SOLAR-V1,SOLAR-V1,SOLAR-V1
ESP,Spain,CONTRERAS II 1,WRI1006398,13.99,39.5333,-1.6000,Hydro,,,,2009.0,IBERDROLA GENERACION  S.A.,Red Eléctrica de España,http://www.ree.es/en/statistical-data-of-spanish-electrical-system/annual-report/preliminary-report-spanish-electricity-system-2015,CARMA,,,,,,,,,,,40.37,40.09,28.65,39.85,26.64,HYDRO-V1,HYDRO-V1,HYDRO-V1,HYDRO-V1,HYDRO-V1
ESP,Spain,CORBERA,WRI1006400,49.2,42.6469,-6.3204,Wind,,,,2010.0,BON VENT DE CORBERA  S.L.U.,Red Eléctrica de España,http://www.ree.es/en/statistical-data-of-spanish-electrical-system/annual-report/preliminary-report-spanish-electricity-system-2015,CARMA,,,,,,,,,,,141.19,133.72,132.30,132.85,123.70,WIND-V1,WIND-V1,WIND-V1,WIND-V1,WIND-V1
ESP,Spain,CORNATEL GR 1,WRI1006401,130.66,42.4496,-6.9476,Hydro,,,,1963.0,ENDESA GENERACION S.A.,Red Eléctrica de España,http://www.ree.es/en/statistical-data-of-spanish-electrical-system/annual-report/preliminary-report-spanish-electricity-system-2015,CARMA,1015709,,,,,,,,,,425.86,425.86,189.03,384.33,166.49,HYDRO-V1,HYDRO-V1,HYDRO-V1,HYDRO-V1,HYDRO-V1
ESP,Spain,COTASA,WRI1006403,14.071,40.0667,-0.2000,Gas,,,,,TIERRA ATOMIZADA  S.A.,Red Eléctrica de España,http://www.ree.es/en/statistical-data-of-spanish-electrical-system/annual-report/preliminary-report-spanish-electricity-system-2015,CARMA,1031355,,,,,,,,,,,,,,33.35,NO-ESTIMATION,NO-ESTIMATION,NO-ESTIMATION,NO-ESTIMATION,CAPACITY-FACTOR-V1
ESP,Spain,CRISTOBAL COLON,WRI1006404,390.94,37.2156,-6.9430,Gas,,,,2006.0,ENDESA GENERACION S.A.,Red Eléctrica de España,http://www.ree.es/en/statistical-data-of-spanish-electrical-system/annual-report/preliminary-report-spanish-electricity-system-2015,GEODB,1012783,,,,289.949,0.0,195.981,,,JRC-PPDB-OPEN,,,,,926.65,NO-ESTIMATION,NO-ESTIMATION,NO-ESTIMATION,NO-ESTIMATION,CAPACITY-FACTOR-V1
ESP,Spain,CT ESCOMBRERAS 5,WRI1006406,537.28,37.5645,-0.9513,Oil,,,,1968.0,IBERDROLA GENERACION  S.A.,Red Eléctrica de España,http://www.ree.es/en/statistical-data-of-spanish-electrical-system/annual-report/preliminary-report-spanish-electricity-system-2015,WRI,1019142,,,,,,,,,,,,,,1119.42,NO-ESTIMATION,NO-ESTIMATION,NO-ESTIMATION,NO-ESTIMATION,CAPACITY-FACTOR-V1
ESP,Spain,CT GUARDO 2,WRI1006407,485.85,42.8261,-4.8463,Coal,,,,1984.0,IBERDROLA GENERACION  S.A.,Red Eléctrica de España,http://www.ree.es/en/statistical-data-of-spanish-electrical-system/annual-report/preliminary-report-spanish-electricity-system-2015,CARMA,,,,,1798.762,927.449,1103.074,,,JRC-PPDB-OPEN,,,,,2216.31,NO-ESTIMATION,NO-ESTIMATION,NO-ESTIMATION,NO-ESTIMATION,CAPACITY-FACTOR-V1
ESP,Spain,CT LADA 4,WRI1006408,347.7,43.3082,-5.7001,Coal,,,,1981.0,IBERDROLA GENERACION  S.A.,Red Eléctrica de España,http://www.ree.es/en/statistical-data-of-spanish-electrical-system/annual-report/preliminary-report-spanish-electricity-system-2015,WRI,,,,,1847.423,1146.851,1544.49,,,JRC-PPDB-OPEN,,,,,1586.11,NO-ESTIMATION,NO-ESTIMATION,NO-ESTIMATION,NO-ESTIMATION,CAPACITY-FACTOR-V1
ESP,Spain,CT SANTURCE 2,WRI1006409,897.02,43.3400,-3.0539,Oil,,,,1972.0,IBERDROLA GENERACION  S.A.,Red Eléctrica de España,http://www.ree.es/en/statistical-data-of-spanish-electrical-system/annual-report/preliminary-report-spanish-electricity-system-2015,GEODB,1019245,,,,,,,,,,,,,,1868.95,NO-ESTIMATION,NO-ESTIMATION,NO-ESTIMATION,NO-ESTIMATION,CAPACITY-FACTOR-V1
ESP,Spain,CTCC AS PONTES  GRUPO 5,WRI1006410,855.67,43.4451,-7.8621,Gas,,,,2008.0,ENDESA GENERACION S.A.,Red Eléctrica de España,http://www.ree.es/en/statistical-data-of-spanish-electrical-system/annual-report/preliminary-report-spanish-electricity-system-2015,GEODB,,,,,178.932,484.793,1472.945,,,JRC-PPDB-OPEN,,,,,2028.21,NO-ESTIMATION,NO-ESTIMATION,NO-ESTIMATION,NO-ESTIMATION,CAPACITY-FACTOR-V1
ESP,Spain,CTCC CASTEJON  GRUPO 1,WRI1006412,424.91,42.1718,-1.6773,Gas,,,,2002.0,HIDROELECTRICA DEL CANTABRICO  S.A.,Red Eléctrica de España,http://www.ree.es/en/statistical-data-of-spanish-electrical-system/annual-report/preliminary-report-spanish-electricity-system-2015,GEODB,,,,,390.789,656.442,875.788,,,JRC-PPDB-OPEN,,,,,1007.17,NO-ESTIMATION,NO-ESTIMATION,NO-ESTIMATION,NO-ESTIMATION,CAPACITY-FACTOR-V1
ESP,Spain,CTCC CASTELLON  GRUPO 4,WRI1006413,839.35,39.9592,-0.0010,Gas,,,,2008.0,IBERDROLA GENERACION  S.A.,Red Eléctrica de España,http://www.ree.es/en/statistical-data-of-spanish-electrical-system/annual-report/preliminary-report-spanish-electricity-system-2015,GEODB,1019106,,,,,,,,,,,,,,1989.53,NO-ESTIMATION,NO-ESTIMATION,NO-ESTIMATION,NO-ESTIMATION,CAPACITY-FACTOR-V1
ESP,Spain,CTCC ESCATRON,WRI1006414,274.635,41.2977,-0.3376,Gas,,,,2007.0,GLOBAL 3 COMBI  S.L.U.,Red Eléctrica de España,http://www.ree.es/en/statistical-data-of-spanish-electrical-system/annual-report/preliminary-report-spanish-electricity-system-2015,GEODB,1061816,,,,,,,,,,,,,,650.97,NO-ESTIMATION,NO-ESTIMATION,NO-ESTIMATION,NO-ESTIMATION,CAPACITY-FACTOR-V1
ESP,Spain,CTCC ESCOMBRERAS,WRI1006415,815.64,37.5732,-0.9392,Gas,,,,2006.0,IBERDROLA GENERACION  S.A.,Red Eléctrica de España,http://www.ree.es/en/statistical-data-of-spanish-electrical-system/annual-report/preliminary-report-spanish-electricity-system-2015,GEODB,1019142,,,,369.818,644.342,1083.558,,,JRC-PPDB-OPEN,,,,,1933.33,NO-ESTIMATION,NO-ESTIMATION,NO-ESTIMATION,NO-ESTIMATION,CAPACITY-FACTOR-V1
ESP,Spain,CTCC PLANA DEL VENT 2,WRI1006416,819.03,40.9596,0.8692,Gas,,,,2007.0,ALPIQ ENERGIA ESPANA  S.A.U.,Red Eléctrica de España,http://www.ree.es/en/statistical-data-of-spanish-electrical-system/annual-report/preliminary-report-spanish-electricity-system-2015,GEODB,1054392,,,,348.084,606.193,876.424,,,JRC-PPDB-OPEN,,,,,1941.37,NO-ESTIMATION,NO-ESTIMATION,NO-ESTIMATION,NO-ESTIMATION,CAPACITY-FACTOR-V1
ESP,Spain,CTCC SABON  GRUPO 3,WRI1006417,391.31,43.3290,-8.5030,Gas,,,,2008.0,GAS NATURAL FENOSA GENERACION  S.L.U.,Red Eléctrica de España,http://www.ree.es/en/statistical-data-of-spanish-electrical-system/annual-report/preliminary-report-spanish-electricity-system-2015,GEODB,1032483,,,,160.119,188.941,297.541,,,JRC-PPDB-OPEN,,,,,927.53,NO-ESTIMATION,NO-ESTIMATION,NO-ESTIMATION,NO-ESTIMATION,CAPACITY-FACTOR-V1
ESP,Spain,CTCC SOTO DE RIBERA  GRUPO 5,WRI1006418,854.1700000000001,43.3161,-5.8777,Gas,,,,2011.0,HIDROELECTRICA DEL CANTABRICO  S.A.,Red Eléctrica de España,http://www.ree.es/en/statistical-data-of-spanish-electrical-system/annual-report/preliminary-report-spanish-electricity-system-2015,GEODB,1031230,,,,77.778,112.482,112.966,,,JRC-PPDB-OPEN,,,,,2024.66,NO-ESTIMATION,NO-ESTIMATION,NO-ESTIMATION,NO-ESTIMATION,CAPACITY-FACTOR-V1
ESP,Spain,Calasparra,WKS0060054,20.0,38.2600,-1.6820,Solar,,,,,,Wiki-Solar,https://www.wiki-solar.org,Wiki-Solar,,,,,,,,,,,43.22,42.09,42.77,42.53,43.70,SOLAR-V1-NO-AGE,SOLAR-V1-NO-AGE,SOLAR-V1-NO-AGE,SOLAR-V1-NO-AGE,SOLAR-V1-NO-AGE
ESP,Spain,Calavéron,WKS0060045,21.2,39.3320,-2.5250,Solar,,,,,,Wiki-Solar,https://www.wiki-solar.org,Wiki-Solar,,,,,,,,,,,39.46,40.17,43.32,40.05,44.32,SOLAR-V1-NO-AGE,SOLAR-V1-NO-AGE,SOLAR-V1-NO-AGE,SOLAR-V1-NO-AGE,SOLAR-V1-NO-AGE
ESP,Spain,Calzada de Calatrava,WKS0060158,10.0,38.7071,-3.7200,Solar,,,,,,Wiki-Solar,https://www.wiki-solar.org,Wiki-Solar,,,,,,,,,,,19.51,18.78,19.72,18.83,18.83,SOLAR-V1-NO-AGE,SOLAR-V1-NO-AGE,SOLAR-V1-NO-AGE,SOLAR-V1-NO-AGE,SOLAR-V1-NO-AGE
ESP,Spain,Camino del Cementerio A,WKS0068018,8.0,38.8220,-7.0050,Solar,,,,,,Wiki-Solar,https://www.wiki-solar.org,Wiki-Solar,,,,,,,,,,,15.74,15.43,15.68,15.55,15.81,SOLAR-V1-NO-AGE,SOLAR-V1-NO-AGE,SOLAR-V1-NO-AGE,SOLAR-V1-NO-AGE,SOLAR-V1-NO-AGE
ESP,Spain,Campo Lugar,WKS0060372,4.8,39.2120,-5.7803,Solar,,,,,,Wiki-Solar,https://www.wiki-solar.org,Wiki-Solar,,,,,,,,,,,10.49,10.11,10.35,10.16,10.30,SOLAR-V1-NO-AGE,SOLAR-V1-NO-AGE,SOLAR-V1-NO-AGE,SOLAR-V1-NO-AGE,SOLAR-V1-NO-AGE
ESP,Spain,Campollano,WKS0060309,5.6,39.0105,-1.8949,Solar,,,,,,Wiki-Solar,https://www.wiki-solar.org,Wiki-Solar,,,,,,,,,,,10.03,11.02,10.50,10.58,11.06,SOLAR-V1-NO-AGE,SOLAR-V1-NO-AGE,SOLAR-V1-NO-AGE,SOLAR-V1-NO-AGE,SOLAR-V1-NO-AGE
ESP,Spain,Cantillana,WKS0060295,5.7,37.5890,-5.8160,Solar,,,,,,Wiki-Solar,https://www.wiki-solar.org,Wiki-Solar,,,,,,,,,,,12.69,12.20,10.83,11.24,11.42,SOLAR-V1-NO-AGE,SOLAR-V1-NO-AGE,SOLAR-V1-NO-AGE,SOLAR-V1-NO-AGE,SOLAR-V1-NO-AGE
ESP,Spain,Carmona,WKS0060274,6.1,37.5189,-5.6592,Solar,,,,,,Wiki-Solar,https://www.wiki-solar.org,Wiki-Solar,,,,,,,,,,,11.65,11.32,11.17,11.50,12.59,SOLAR-V1-NO-AGE,SOLAR-V1-NO-AGE,SOLAR-V1-NO-AGE,SOLAR-V1-NO-AGE,SOLAR-V1-NO-AGE
ESP,Spain,Casas Coloradas,WKS0063593,7.1,37.8094,-1.0631,Solar,,,,,,Wiki-Solar,https://www.wiki-solar.org,Wiki-Solar,,,,,,,,,,,15.23,13.66,15.01,14.95,14.90,SOLAR-V1-NO-AGE,SOLAR-V1-NO-AGE,SOLAR-V1-NO-AGE,SOLAR-V1-NO-AGE,SOLAR-V1-NO-AGE
ESP,Spain,Casas Ibañez,WKS0060336,5.1,39.2714,-1.4687,Solar,,,,,,Wiki-Solar,https://www.wiki-solar.org,Wiki-Solar,,,,,,,,,,,10.36,10.19,10.26,10.29,10.25,SOLAR-V1-NO-AGE,SOLAR-V1-NO-AGE,SOLAR-V1-NO-AGE,SOLAR-V1-NO-AGE,SOLAR-V1-NO-AGE
ESP,Spain,Casas de Don Pedro,WKS0060236,7.0,39.1159,-5.3349,Solar,,,,,,Wiki-Solar,https://www.wiki-solar.org,Wiki-Solar,,,,,,,,,,,14.17,13.76,14.05,13.85,13.84,SOLAR-V1-NO-AGE,SOLAR-V1-NO-AGE,SOLAR-V1-NO-AGE,SOLAR-V1-NO-AGE,SOLAR-V1-NO-AGE
ESP,Spain,Casas de Los Pinos,WKS0060099,28.0,39.2750,-2.4095,Solar,,,,,,Wiki-Solar,https://www.wiki-solar.org,Wiki-Solar,,,,,,,,,,,50.77,53.68,55.90,54.43,57.20,SOLAR-V1-NO-AGE,SOLAR-V1-NO-AGE,SOLAR-V1-NO-AGE,SOLAR-V1-NO-AGE,SOLAR-V1-NO-AGE
ESP,Spain,Casatejada,WKS0060112,11.3,39.8830,-5.6670,Solar,,,,,,Wiki-Solar,https://www.wiki-solar.org,Wiki-Solar,,,,,,,,,,,24.26,23.71,24.26,23.56,23.80,SOLAR-V1-NO-AGE,SOLAR-V1-NO-AGE,SOLAR-V1-NO-AGE,SOLAR-V1-NO-AGE,SOLAR-V1-NO-AGE
ESP,Spain,Castejon,WKS0060321,5.2,42.1517,-1.6556,Solar,,,,,,Wiki-Solar,https://www.wiki-solar.org,Wiki-Solar,,,,,,,,,,,8.56,8.78,8.60,8.69,9.13,SOLAR-V1-NO-AGE,SOLAR-V1-NO-AGE,SOLAR-V1-NO-AGE,SOLAR-V1-NO-AGE,SOLAR-V1-NO-AGE
ESP,Spain,Castelnou,WKS0060286,6.0,41.2199,-0.3017,Solar,,,,,,Wiki-Solar,https://www.wiki-solar.org,Wiki-Solar,,,,,,,,,,,10.87,10.76,10.70,10.77,11.87,SOLAR-V1-NO-AGE,SOLAR-V1-NO-AGE,SOLAR-V1-NO-AGE,SOLAR-V1-NO-AGE,SOLAR-V1-NO-AGE
ESP,Spain,Castuera,WKS0060318,5.4,38.7271,-5.5158,Solar,,,,,,Wiki-Solar,https://www.wiki-solar.org,Wiki-Solar,,,,,,,,,,,10.92,10.73,10.76,10.77,10.86,SOLAR-V1-NO-AGE,SOLAR-V1-NO-AGE,SOLAR-V1-NO-AGE,SOLAR-V1-NO-AGE,SOLAR-V1-NO-AGE
ESP,Spain,Central de San Pedro II Grupo 1,WRI1006331,23.11,38.7288,-2.0050,Hydro,,,,,IBERDROLA GENERACION  S.A.,Red Eléctrica de España,http://www.ree.es/en/statistical-data-of-spanish-electrical-system/annual-report/preliminary-report-spanish-electricity-system-2015,CARMA,1080041,,,,,,,,,,75.30,74.54,52.35,75.33,50.25,HYDRO-V1,HYDRO-V1,HYDRO-V1,HYDRO-V1,HYDRO-V1
ESP,Spain,Cieza IGS,WKS0073059,5.9,38.2584,-1.4568,Solar,,,,,,Wiki-Solar,https://www.wiki-solar.org,Wiki-Solar,,,,,,,,,,,11.82,11.95,11.81,11.77,11.72,SOLAR-V1-NO-AGE,SOLAR-V1-NO-AGE,SOLAR-V1-NO-AGE,SOLAR-V1-NO-AGE,SOLAR-V1-NO-AGE
ESP,Spain,Corella,WKS0060126,10.9,42.1194,-1.7154,Solar,,,,,,Wiki-Solar,https://www.wiki-solar.org,Wiki-Solar,,,,,,,,,,,18.72,18.93,19.29,19.46,20.28,SOLAR-V1-NO-AGE,SOLAR-V1-NO-AGE,SOLAR-V1-NO-AGE,SOLAR-V1-NO-AGE,SOLAR-V1-NO-AGE
ESP,Spain,Cortijo Viejo,WKS0060154,10.0,37.6410,-4.5840,Solar,,,,,,Wiki-Solar,https://www.wiki-solar.org,Wiki-Solar,,,,,,,,,,,18.90,20.36,20.53,18.31,20.26,SOLAR-V1-NO-AGE,SOLAR-V1-NO-AGE,SOLAR-V1-NO-AGE,SOLAR-V1-NO-AGE,SOLAR-V1-NO-AGE
ESP,Spain,Cáceres,WKS0062360,10.7,39.4628,-6.3061,Solar,,,,,,Wiki-Solar,https://www.wiki-solar.org,Wiki-Solar,,,,,,,,,,,22.96,20.96,22.77,21.53,22.68,SOLAR-V1-NO-AGE,SOLAR-V1-NO-AGE,SOLAR-V1-NO-AGE,SOLAR-V1-NO-AGE,SOLAR-V1-NO-AGE
ESP,Spain,DOIRAS 1,WRI1006423,61.94,43.3891,-6.8232,Hydro,,,,1944.0,VIESGO GENERACION  S.L.,Red Eléctrica de España,http://www.ree.es/en/statistical-data-of-spanish-electrical-system/annual-report/preliminary-report-spanish-electricity-system-2015,GEODB,1014386,,,,,,,,,,200.38,200.60,126.23,201.15,97.39,HYDRO-V1,HYDRO-V1,HYDRO-V1,HYDRO-V1,HYDRO-V1
ESP,Spain,DUQUE,WRI1006425,12.56,36.9402,-3.3610,Hydro,,,,1982.0,ENDESA GENERACION S.A.,Red Eléctrica de España,http://www.ree.es/en/statistical-data-of-spanish-electrical-system/annual-report/preliminary-report-spanish-electricity-system-2015,CARMA,1012790,,,,,,,,,,37.52,37.68,25.46,37.63,23.65,HYDRO-V1,HYDRO-V1,HYDRO-V1,HYDRO-V1,HYDRO-V1
ESP,Spain,Daimiel,WKS0060362,5.0,38.9932,-3.5714,Solar,,,,,,Wiki-Solar,https://www.wiki-solar.org,Wiki-Solar,,,,,,,,,,,9.96,10.10,9.96,10.00,9.98,SOLAR-V1-NO-AGE,SOLAR-V1-NO-AGE,SOLAR-V1-NO-AGE,SOLAR-V1-NO-AGE,SOLAR-V1-NO-AGE
ESP,Spain,Darro AES,WKS0060290,5.9,37.3341,-3.2508,Solar,,,,,,Wiki-Solar,https://www.wiki-solar.org,Wiki-Solar,,,,,,,,,,,12.45,12.68,12.83,12.57,12.88,SOLAR-V1-NO-AGE,SOLAR-V1-NO-AGE,SOLAR-V1-NO-AGE,SOLAR-V1-NO-AGE,SOLAR-V1-NO-AGE
ESP,Spain,Darro Epuron,WKS0060292,5.9,37.3488,-3.2707,Solar,,,,,,Wiki-Solar,https://www.wiki-solar.org,Wiki-Solar,,,,,,,,,,,12.46,12.50,12.82,12.57,12.92,SOLAR-V1-NO-AGE,SOLAR-V1-NO-AGE,SOLAR-V1-NO-AGE,SOLAR-V1-NO-AGE,SOLAR-V1-NO-AGE
ESP,Spain,Don Quijote,WKS0060068,15.2,39.8942,-5.3246,Solar,,,,,,Wiki-Solar,https://www.wiki-solar.org,Wiki-Solar,,,,,,,,,,,32.94,32.01,32.87,31.94,32.94,SOLAR-V1-NO-AGE,SOLAR-V1-NO-AGE,SOLAR-V1-NO-AGE,SOLAR-V1-NO-AGE,SOLAR-V1-NO-AGE
ESP,Spain,Don Rodrigo,WKS0071538,175.0,37.2280,-5.8670,Solar,,,,,,Wiki-Solar,https://www.wiki-solar.org,Wiki-Solar,,,,,,,,,,,417.95,407.02,402.71,403.16,393.82,SOLAR-V1-NO-AGE,SOLAR-V1-NO-AGE,SOLAR-V1-NO-AGE,SOLAR-V1-NO-AGE,SOLAR-V1-NO-AGE
ESP,Spain,Dulcinea,WKS0060023,31.8,39.6564,-2.8000,Solar,,,,,,Wiki-Solar,https://www.wiki-solar.org,Wiki-Solar,,,,,,,,,,,58.79,60.18,63.49,60.10,65.66,SOLAR-V1-NO-AGE,SOLAR-V1-NO-AGE,SOLAR-V1-NO-AGE,SOLAR-V1-NO-AGE,SOLAR-V1-NO-AGE
ESP,Spain,ECOCARBURANTES,WRI1006426,21.666,37.6051,-0.9862,Gas,,,,2012.0,ECOCARBURANTES ESPANOLES S.A.,Red Eléctrica de España,http://www.ree.es/en/statistical-data-of-spanish-electrical-system/annual-report/preliminary-report-spanish-electricity-system-2015,CARMA,1055607,,,,,,,,,,,,,,51.35,NO-ESTIMATION,NO-ESTIMATION,NO-ESTIMATION,NO-ESTIMATION,CAPACITY-FACTOR-V1
ESP,Spain,EL CANTO (AMPLIADA CON RE-0951),WRI1006434,15.18,41.0845,-3.8599,Wind,,,,,SISTEMAS ENERGETICOS VALLE DE SEDANO  S.A.U.,Red Eléctrica de España,http://www.ree.es/en/statistical-data-of-spanish-electrical-system/annual-report/preliminary-report-spanish-electricity-system-2015,CARMA,1047438,,,,,,,,,,,,,,32.28,NO-ESTIMATION,NO-ESTIMATION,NO-ESTIMATION,NO-ESTIMATION,CAPACITY-FACTOR-V1
ESP,Spain,EL CARCHE,WRI1006435,24.75,38.4545,-1.2140,Wind,,,,,ENRON WIND DE ESPANA  S.L.,Red Eléctrica de España,http://www.ree.es/en/statistical-data-of-spanish-electrical-system/annual-report/preliminary-report-spanish-electricity-system-2015,CARMA,1110426,,,,,,,,,,,,,,52.63,NO-ESTIMATION,NO-ESTIMATION,NO-ESTIMATION,NO-ESTIMATION,CAPACITY-FACTOR-V1
ESP,Spain,EL CERRO - AMPLIACION (DE 1206),WRI1006436,30.0,40.3167,-5.9167,Wind,,,,,SISTEMAS ENERGETICOS VALLE DE SEDANO  SA,Red Eléctrica de España,http://www.ree.es/en/statistical-data-of-spanish-electrical-system/annual-report/preliminary-report-spanish-electricity-system-2015,CARMA,,,,,,,,,,,,,,,63.80,NO-ESTIMATION,NO-ESTIMATION,NO-ESTIMATION,NO-ESTIMATION,CAPACITY-FACTOR-V1
ESP,Spain,EL MORALEJO II,WRI1006440,12.0,38.9667,-1.2167,Wind,,,,,INICIATIVAS EOLICAS DE ALPERA  S.L.,Red Eléctrica de España,http://www.ree.es/en/statistical-data-of-spanish-electrical-system/annual-report/preliminary-report-spanish-electricity-system-2015,CARMA,1078531,,,,,,,,,,,,,,25.52,NO-ESTIMATION,NO-ESTIMATION,NO-ESTIMATION,NO-ESTIMATION,CAPACITY-FACTOR-V1
ESP,Spain,EL NEGREDO,WRI1006442,18.0,41.3268,-3.3144,Wind,,,,2009.0,ENERGIAS NATURALES EL NEGREDO  S.L.,Red Eléctrica de España,http://www.ree.es/en/statistical-data-of-spanish-electrical-system/annual-report/preliminary-report-spanish-electricity-system-2015,CARMA,1078532,,,,,,,,,,49.37,50.14,42.57,39.46,41.94,WIND-V1,WIND-V1,WIND-V1,WIND-V1,WIND-V1
ESP,Spain,EL PARAMO,WRI1006444,44.0,42.6487,-3.5904,Wind,,,,,SINAE  ENERGIA Y MEDIO AMBIENTE  S.A.,Red Eléctrica de España,http://www.ree.es/en/statistical-data-of-spanish-electrical-system/annual-report/preliminary-report-spanish-electricity-system-2015,CARMA,,,,,,,,,,,,,,,93.57,NO-ESTIMATION,NO-ESTIMATION,NO-ESTIMATION,NO-ESTIMATION,CAPACITY-FACTOR-V1
ESP,Spain,EL PARAMO,WRI1023632,24.0,42.4098,-3.7632,Wind,,,,2010.0,EL PARAMO PARQUE EOLICO  S.L.,Red Eléctrica de España,http://www.ree.es/en/statistical-data-of-spanish-electrical-system/annual-report/preliminary-report-spanish-electricity-system-2015,WRI,1078537,,,,,,,,,,74.50,68.92,66.96,63.31,58.66,WIND-V1,WIND-V1,WIND-V1,WIND-V1,WIND-V1
ESP,Spain,EL PUEYO,WRI1006446,14.0,42.3764,-0.0026,Hydro,,,,,CONFEDERACION HIDROGRAFICA DEL EBRO,Red Eléctrica de España,http://www.ree.es/en/statistical-data-of-spanish-electrical-system/annual-report/preliminary-report-spanish-electricity-system-2015,CARMA,1016281,,,,,,,,,,42.09,42.26,28.65,42.20,26.63,HYDRO-V1,HYDRO-V1,HYDRO-V1,HYDRO-V1,HYDRO-V1
ESP,Spain,EL PULPAL,WRI1006447,17.25,41.7790,-1.9839,Wind,,,,2000.0,EOLICA DEL MONCAYO  S.L.U.,Red Eléctrica de España,http://www.ree.es/en/statistical-data-of-spanish-electrical-system/annual-report/preliminary-report-spanish-electricity-system-2015,CARMA,1049559,,,,,,,,,,35.41,29.94,32.30,33.34,32.09,WIND-V1,WIND-V1,WIND-V1,WIND-V1,WIND-V1
ESP,Spain,ENCE - PONTEVEDRA $$,WRI1006454,26.62,42.4167,-8.6667,Gas,,,,2008.0,GRUPO EMPRESARIAL ENCE  S.A.,Red Eléctrica de España,http://www.ree.es/en/statistical-data-of-spanish-electrical-system/annual-report/preliminary-report-spanish-electricity-system-2015,CARMA,1073837,,,,,,,,,,,,,,63.09,NO-ESTIMATION,NO-ESTIMATION,NO-ESTIMATION,NO-ESTIMATION,CAPACITY-FACTOR-V1
ESP,Spain,ENCE ENERGIA HUELVA  S.L.U. $$,WRI1006455,50.0,37.2583,-6.9508,Gas,,,,2012.0,ENCE ENERGIA HUELVA S.L.U.,Red Eléctrica de España,http://www.ree.es/en/statistical-data-of-spanish-electrical-system/annual-report/preliminary-report-spanish-electricity-system-2015,CARMA,1073838,,,,,,,,,,,,,,118.51,NO-ESTIMATION,NO-ESTIMATION,NO-ESTIMATION,NO-ESTIMATION,CAPACITY-FACTOR-V1
ESP,Spain,ENEMANSA,WRI1006456,16.0,39.2379,-3.4233,Oil,,,,,ENEMANSA,Red Eléctrica de España,http://www.ree.es/en/statistical-data-of-spanish-electrical-system/annual-report/preliminary-report-spanish-electricity-system-2015,CARMA,1044240,,,,,,,,,,,,,,33.33,NO-ESTIMATION,NO-ESTIMATION,NO-ESTIMATION,NO-ESTIMATION,CAPACITY-FACTOR-V1
ESP,Spain,ENERGYWORKS CARBALLO  S.L.,WRI1006460,13.18,43.2130,-8.6910,Oil,,,,2012.0,ENERGYWORKS CARBALLO  S.L.,Red Eléctrica de España,http://www.ree.es/en/statistical-data-of-spanish-electrical-system/annual-report/preliminary-report-spanish-electricity-system-2015,CARMA,,,,,,,,,,,,,,,27.46,NO-ESTIMATION,NO-ESTIMATION,NO-ESTIMATION,NO-ESTIMATION,CAPACITY-FACTOR-V1
ESP,Spain,ENTREPENAS GRUPO 1,WRI1006462,40.8,40.5175,-2.7925,Hydro,,,,1956.0,GAS NATURAL FENOSA GENERACION  S.L.U.,Red Eléctrica de España,http://www.ree.es/en/statistical-data-of-spanish-electrical-system/annual-report/preliminary-report-spanish-electricity-system-2015,CARMA,1032435,,,,,,,,,,99.81,99.36,85.52,98.06,80.09,HYDRO-V1,HYDRO-V1,HYDRO-V1,HYDRO-V1,HYDRO-V1
ESP,Spain,ERISTE 1,WRI1006463,87.6,42.5899,0.4927,Hydro,,,,1969.0,CORPORACION ACCIONA HIDRAULICA  S.L.,Red Eléctrica de España,http://www.ree.es/en/statistical-data-of-spanish-electrical-system/annual-report/preliminary-report-spanish-electricity-system-2015,CARMA,1016282,,,,,,,,,,234.97,234.03,109.54,184.15,118.43,HYDRO-V1,HYDRO-V1,HYDRO-V1,HYDRO-V1,HYDRO-V1
ESP,Spain,ESCALES 1,WRI1006464,35.85,42.3161,0.7463,Hydro,,,,1955.0,ENDESA GENERACION S.A.,Red Eléctrica de España,http://www.ree.es/en/statistical-data-of-spanish-electrical-system/annual-report/preliminary-report-spanish-electricity-system-2015,CARMA,1015789,,,,,,,,,,114.43,114.43,80.07,114.74,75.91,HYDRO-V1,HYDRO-V1,HYDRO-V1,HYDRO-V1,HYDRO-V1
ESP,Spain,ESCATRON,WRI1006465,804.36,41.2977,-0.3376,Gas,,,,2008.0,VIESGO GENERACION  S.L.,Red Eléctrica de España,http://www.ree.es/en/statistical-data-of-spanish-electrical-system/annual-report/preliminary-report-spanish-electricity-system-2015,GEODB,1015712,,,,68.238,0.0,926.488,,,JRC-PPDB-OPEN,,,,,1906.59,NO-ESTIMATION,NO-ESTIMATION,NO-ESTIMATION,NO-ESTIMATION,CAPACITY-FACTOR-V1
ESP,Spain,ESCATRON GR 5,WRI1006466,65.0,41.2961,-0.3376,Coal,,,,1990.0,VIESGO GENERACION  S.L.,Red Eléctrica de España,http://www.ree.es/en/statistical-data-of-spanish-electrical-system/annual-report/preliminary-report-spanish-electricity-system-2015,CARMA,,,,,,,,,,,,,,,296.51,NO-ESTIMATION,NO-ESTIMATION,NO-ESTIMATION,NO-ESTIMATION,CAPACITY-FACTOR-V1
ESP,Spain,ESCOMBRERAS GRUPO 1,WRI1006467,1199.25,7.5732,-0.9392,Gas,,,,2006.0,GDF SUEZ CARTAGENA ENERGIA  S.L.,Red Eléctrica de España,http://www.ree.es/en/statistical-data-of-spanish-electrical-system/annual-report/preliminary-report-spanish-electricity-system-2015,WRI,1019142|1044241,,,,1683.195,479.222,2367.604,,,JRC-PPDB-OPEN,,,,,2842.61,NO-ESTIMATION,NO-ESTIMATION,NO-ESTIMATION,NO-ESTIMATION,CAPACITY-FACTOR-V1
ESP,Spain,EUME GR 1,WRI1006471,54.4,43.4270,-8.0671,Hydro,,,,1960.0,ENDESA GENERACION S.A.,Red Eléctrica de España,http://www.ree.es/en/statistical-data-of-spanish-electrical-system/annual-report/preliminary-report-spanish-electricity-system-2015,CARMA,1015713,,,,,,,,,,172.50,172.50,108.13,172.97,101.81,HYDRO-V1,HYDRO-V1,HYDRO-V1,HYDRO-V1,HYDRO-V1
ESP,Spain,EXTRESOL-1,WRI1006473,149.8,38.6400,-6.7440,Solar,,,,2009.0,EXTRESOL-1  S.L.,Red Eléctrica de España,http://www.ree.es/en/statistical-data-of-spanish-electrical-system/annual-report/preliminary-report-spanish-electricity-system-2015,GEODB,1071330,,,,,,,,,,327.13,300.09,295.14,301.41,329.35,SOLAR-V1,SOLAR-V1,SOLAR-V1,SOLAR-V1,SOLAR-V1
ESP,Spain,El Bailadero,WKS0065992,9.0,28.1770,-16.4450,Solar,,,,,,Wiki-Solar,https://www.wiki-solar.org,Wiki-Solar,,,,,,,,,,,20.82,20.97,20.89,21.06,20.82,SOLAR-V1-NO-AGE,SOLAR-V1-NO-AGE,SOLAR-V1-NO-AGE,SOLAR-V1-NO-AGE,SOLAR-V1-NO-AGE
ESP,Spain,El Bonillo,WKS0060056,20.0,38.9160,-2.5500,Solar,,,,,,Wiki-Solar,https://www.wiki-solar.org,Wiki-Solar,,,,,,,,,,,41.91,42.11,42.47,42.19,42.98,SOLAR-V1-NO-AGE,SOLAR-V1-NO-AGE,SOLAR-V1-NO-AGE,SOLAR-V1-NO-AGE,SOLAR-V1-NO-AGE
ESP,Spain,El Carpio de Tajo,WKS0071310,50.0,39.8700,-4.4750,Solar,,,,,,Wiki-Solar,https://www.wiki-solar.org,Wiki-Solar,,,,,,,,,,,103.90,103.20,107.46,102.78,107.30,SOLAR-V1-NO-AGE,SOLAR-V1-NO-AGE,SOLAR-V1-NO-AGE,SOLAR-V1-NO-AGE,SOLAR-V1-NO-AGE
ESP,Spain,El Coronil,WKS0060044,16.6,37.0939,-5.6265,Solar,,,,,,Wiki-Solar,https://www.wiki-solar.org,Wiki-Solar,,,,,,,,,,,38.96,37.96,36.74,35.95,37.20,SOLAR-V1-NO-AGE,SOLAR-V1-NO-AGE,SOLAR-V1-NO-AGE,SOLAR-V1-NO-AGE,SOLAR-V1-NO-AGE
ESP,Spain,El Coronil I,WKS0063916,10.1,37.0973,-5.6343,Solar,,,,,,Wiki-Solar,https://www.wiki-solar.org,Wiki-Solar,,,,,,,,,,,20.60,19.22,18.00,18.48,18.01,SOLAR-V1-NO-AGE,SOLAR-V1-NO-AGE,SOLAR-V1-NO-AGE,SOLAR-V1-NO-AGE,SOLAR-V1-NO-AGE
ESP,Spain,El Coronil II,WKS0063917,10.2,37.0983,-5.6223,Solar,,,,,,Wiki-Solar,https://www.wiki-solar.org,Wiki-Solar,,,,,,,,,,,20.92,19.37,18.23,18.67,18.19,SOLAR-V1-NO-AGE,SOLAR-V1-NO-AGE,SOLAR-V1-NO-AGE,SOLAR-V1-NO-AGE,SOLAR-V1-NO-AGE
ESP,Spain,El Cuervo Chico,WKS0063020,20.0,36.8400,-6.0580,Solar,,,,,,Wiki-Solar,https://www.wiki-solar.org,Wiki-Solar,,,,,,,,,,,48.03,48.27,46.59,44.44,49.61,SOLAR-V1-NO-AGE,SOLAR-V1-NO-AGE,SOLAR-V1-NO-AGE,SOLAR-V1-NO-AGE,SOLAR-V1-NO-AGE
ESP,Spain,El Escambron,WKS0060263,4.7,37.2729,-7.3672,Solar,,,,,,Wiki-Solar,https://www.wiki-solar.org,Wiki-Solar,,,,,,,,,,,10.54,10.05,9.54,9.80,10.00,SOLAR-V1-NO-AGE,SOLAR-V1-NO-AGE,SOLAR-V1-NO-AGE,SOLAR-V1-NO-AGE,SOLAR-V1-NO-AGE
ESP,Spain,El Realengo,WKS0060088,13.2,38.1995,-0.8000,Solar,,,,,,Wiki-Solar,https://www.wiki-solar.org,Wiki-Solar,,,,,,,,,,,29.28,29.44,28.81,28.60,30.11,SOLAR-V1-NO-AGE,SOLAR-V1-NO-AGE,SOLAR-V1-NO-AGE,SOLAR-V1-NO-AGE,SOLAR-V1-NO-AGE
ESP,Spain,Elduayen,WKS0060110,11.5,38.8952,-6.2600,Solar,,,,,,Wiki-Solar,https://www.wiki-solar.org,Wiki-Solar,,,,,,,,,,,24.53,23.71,24.55,23.77,24.36,SOLAR-V1-NO-AGE,SOLAR-V1-NO-AGE,SOLAR-V1-NO-AGE,SOLAR-V1-NO-AGE,SOLAR-V1-NO-AGE
ESP,Spain,Eruela,WKS0060234,7.0,39.4194,-2.9897,Solar,,,,,,Wiki-Solar,https://www.wiki-solar.org,Wiki-Solar,,,,,,,,,,,12.40,12.55,13.24,12.57,13.27,SOLAR-V1-NO-AGE,SOLAR-V1-NO-AGE,SOLAR-V1-NO-AGE,SOLAR-V1-NO-AGE,SOLAR-V1-NO-AGE
ESP,Spain,Espartosa,WKS0073058,4.7,38.2813,-1.5100,Solar,,,,,,Wiki-Solar,https://www.wiki-solar.org,Wiki-Solar,,,,,,,,,,,9.80,9.50,9.74,9.71,9.70,SOLAR-V1-NO-AGE,SOLAR-V1-NO-AGE,SOLAR-V1-NO-AGE,SOLAR-V1-NO-AGE,SOLAR-V1-NO-AGE
ESP,Spain,Extremasol,WKS0060108,10.0,38.8459,-6.4300,Solar,,,,,,Wiki-Solar,https://www.wiki-solar.org,Wiki-Solar,,,,,,,,,,,19.25,18.73,18.98,18.85,18.88,SOLAR-V1-NO-AGE,SOLAR-V1-NO-AGE,SOLAR-V1-NO-AGE,SOLAR-V1-NO-AGE,SOLAR-V1-NO-AGE
ESP,Spain,FERTIMOLINA,WRI1006477,10.0,40.8436,-1.8876,Gas,,,,2000.0,FERTIMOLINA  S.A.,Red Eléctrica de España,http://www.ree.es/en/statistical-data-of-spanish-electrical-system/annual-report/preliminary-report-spanish-electricity-system-2015,CARMA,1056498,,,,,,,,,,,,,,23.70,NO-ESTIMATION,NO-ESTIMATION,NO-ESTIMATION,NO-ESTIMATION,CAPACITY-FACTOR-V1
ESP,Spain,FINSA-SANTIAGO,WRI1006480,23.96,42.8805,-8.5457,Gas,,,,2002.0,COGENERACION DEL NOROESTE  S.L.,Red Eléctrica de España,http://www.ree.es/en/statistical-data-of-spanish-electrical-system/annual-report/preliminary-report-spanish-electricity-system-2015,CARMA,1017189,,,,,,,,,,,,,,56.79,NO-ESTIMATION,NO-ESTIMATION,NO-ESTIMATION,NO-ESTIMATION,CAPACITY-FACTOR-V1
ESP,Spain,FLIX 1,WRI1006481,52.52,41.2331,0.5472,Hydro,,,,1948.0,ENDESA GENERACION S.A.,Red Eléctrica de España,http://www.ree.es/en/statistical-data-of-spanish-electrical-system/annual-report/preliminary-report-spanish-electricity-system-2015,WRI,,,,,,,,,,,176.14,174.67,107.54,175.05,98.38,HYDRO-V1,HYDRO-V1,HYDRO-V1,HYDRO-V1,HYDRO-V1
ESP,Spain,FORESTAL DEL ATLANTICO,WRI1006483,24.8,43.4604,-8.2551,Oil,,,,2012.0,FORESTAL DEL ATLANTICO  S.A.,Red Eléctrica de España,http://www.ree.es/en/statistical-data-of-spanish-electrical-system/annual-report/preliminary-report-spanish-electricity-system-2015,CARMA,1074236,,,,,,,,,,,,,,51.67,NO-ESTIMATION,NO-ESTIMATION,NO-ESTIMATION,NO-ESTIMATION,CAPACITY-FACTOR-V1
ESP,Spain,FRIEIRA GRUPO 1,WRI1006486,160.61,42.1538,-8.1933,Hydro,,,,1970.0,GAS NATURAL FENOSA GENERACION  S.L.U.,Red Eléctrica de España,http://www.ree.es/en/statistical-data-of-spanish-electrical-system/annual-report/preliminary-report-spanish-electricity-system-2015,WRI,1032441,,,,,,,,,,617.47,513.39,369.78,564.01,275.97,HYDRO-V1,HYDRO-V1,HYDRO-V1,HYDRO-V1,HYDRO-V1
ESP,Spain,FUENTE ALAMO III,WRI1006489,75.0,37.7000,-1.1000,Waste,,,,,CARDENAL BELLUGA  S.L.,Red Eléctrica de España,http://www.ree.es/en/statistical-data-of-spanish-electrical-system/annual-report/preliminary-report-spanish-electricity-system-2015,CARMA,,,,,,,,,,,,,,,26.12,NO-ESTIMATION,NO-ESTIMATION,NO-ESTIMATION,NO-ESTIMATION,CAPACITY-FACTOR-V1
ESP,Spain,Finca Verde,WKS0060178,9.0,28.1564,-16.4852,Solar,,,,,,Wiki-Solar,https://www.wiki-solar.org,Wiki-Solar,,,,,,,,,,,20.82,20.97,20.89,21.06,20.82,SOLAR-V1-NO-AGE,SOLAR-V1-NO-AGE,SOLAR-V1-NO-AGE,SOLAR-V1-NO-AGE,SOLAR-V1-NO-AGE
ESP,Spain,Fontellas,WKS0061103,8.8,41.9900,-1.5660,Solar,,,,,,Wiki-Solar,https://www.wiki-solar.org,Wiki-Solar,,,,,,,,,,,14.43,14.71,14.58,14.53,15.32,SOLAR-V1-NO-AGE,SOLAR-V1-NO-AGE,SOLAR-V1-NO-AGE,SOLAR-V1-NO-AGE,SOLAR-V1-NO-AGE
ESP,Spain,Fontiveros,WKS0060151,10.0,40.9178,-4.9700,Solar,,,,,,Wiki-Solar,https://www.wiki-solar.org,Wiki-Solar,,,,,,,,,,,16.96,17.13,17.32,16.61,17.15,SOLAR-V1-NO-AGE,SOLAR-V1-NO-AGE,SOLAR-V1-NO-AGE,SOLAR-V1-NO-AGE,SOLAR-V1-NO-AGE
ESP,Spain,Fuenmayor,WKS0060162,9.9,42.4704,-2.6076,Solar,,,,,,Wiki-Solar,https://www.wiki-solar.org,Wiki-Solar,,,,,,,,,,,15.25,15.96,16.27,16.23,16.12,SOLAR-V1-NO-AGE,SOLAR-V1-NO-AGE,SOLAR-V1-NO-AGE,SOLAR-V1-NO-AGE,SOLAR-V1-NO-AGE
ESP,Spain,Fuente Palmera,WKS0060273,6.1,37.7539,-5.0429,Solar,,,,,,Wiki-Solar,https://www.wiki-solar.org,Wiki-Solar,,,,,,,,,,,12.28,12.22,11.91,12.11,12.21,SOLAR-V1-NO-AGE,SOLAR-V1-NO-AGE,SOLAR-V1-NO-AGE,SOLAR-V1-NO-AGE,SOLAR-V1-NO-AGE
ESP,Spain,Fuente Álamo,WKS0060028,27.9,37.6850,-1.1740,Solar,,,,,,Wiki-Solar,https://www.wiki-solar.org,Wiki-Solar,,,,,,,,,,,68.62,72.91,66.21,66.50,67.61,SOLAR-V1-NO-AGE,SOLAR-V1-NO-AGE,SOLAR-V1-NO-AGE,SOLAR-V1-NO-AGE,SOLAR-V1-NO-AGE
ESP,Spain,Fuente Álamo I,WKS0063590,14.8,37.6850,-1.1740,Solar,,,,,,Wiki-Solar,https://www.wiki-solar.org,Wiki-Solar,,,,,,,,,,,35.81,38.90,34.16,34.24,35.46,SOLAR-V1-NO-AGE,SOLAR-V1-NO-AGE,SOLAR-V1-NO-AGE,SOLAR-V1-NO-AGE,SOLAR-V1-NO-AGE
ESP,Spain,Fuente Álamo II,WKS0063588,8.9,37.6840,-1.1790,Solar,,,,,,Wiki-Solar,https://www.wiki-solar.org,Wiki-Solar,,,,,,,,,,,19.07,19.54,16.83,16.98,18.27,SOLAR-V1-NO-AGE,SOLAR-V1-NO-AGE,SOLAR-V1-NO-AGE,SOLAR-V1-NO-AGE,SOLAR-V1-NO-AGE
ESP,Spain,Fuente Álamo III,WKS0063589,10.4,37.6900,-1.1620,Solar,,,,,,Wiki-Solar,https://www.wiki-solar.org,Wiki-Solar,,,,,,,,,,,24.28,25.61,22.72,22.74,23.74,SOLAR-V1-NO-AGE,SOLAR-V1-NO-AGE,SOLAR-V1-NO-AGE,SOLAR-V1-NO-AGE,SOLAR-V1-NO-AGE
ESP,Spain,Fuentes de Valdepero,WKS0072903,4.5,42.0630,-4.4980,Solar,,,,,,Wiki-Solar,https://www.wiki-solar.org,Wiki-Solar,,,,,,,,,,,6.90,7.05,7.10,7.10,6.97,SOLAR-V1-NO-AGE,SOLAR-V1-NO-AGE,SOLAR-V1-NO-AGE,SOLAR-V1-NO-AGE,SOLAR-V1-NO-AGE
ESP,Spain,Fustiñana III,WKS0060319,5.4,42.0309,-1.4775,Solar,,,,,,Wiki-Solar,https://www.wiki-solar.org,Wiki-Solar,,,,,,,,,,,8.95,9.20,9.11,9.09,9.48,SOLAR-V1-NO-AGE,SOLAR-V1-NO-AGE,SOLAR-V1-NO-AGE,SOLAR-V1-NO-AGE,SOLAR-V1-NO-AGE
ESP,Spain,GABRIEL Y GALAN,WRI1006492,110.4,40.2211,-6.1330,Hydro,,,,1982.0,IBERDROLA GENERACION  S.A.,Red Eléctrica de España,http://www.ree.es/en/statistical-data-of-spanish-electrical-system/annual-report/preliminary-report-spanish-electricity-system-2015,WRI,1019145,,,,54.191,107.152,46.751,,,JRC-PPDB-OPEN,392.69,387.53,172.06,391.38,145.05,HYDRO-V1,HYDRO-V1,HYDRO-V1,HYDRO-V1,HYDRO-V1
ESP,Spain,GARONA VERDA,WRI1006494,14.95,0.7046,42.8025,Gas,,,,1999.0,NEO SC ARAN  SLU,Red Eléctrica de España,http://www.ree.es/en/statistical-data-of-spanish-electrical-system/annual-report/preliminary-report-spanish-electricity-system-2015,WRI,,,,,,,,,,,,,,,35.43,NO-ESTIMATION,NO-ESTIMATION,NO-ESTIMATION,NO-ESTIMATION,CAPACITY-FACTOR-V1
ESP,Spain,GENSABON,WRI1006500,12.0,43.3048,-8.5075,Gas,,,,1999.0,GENSABON  S.A.,Red Eléctrica de España,http://www.ree.es/en/statistical-data-of-spanish-electrical-system/annual-report/preliminary-report-spanish-electricity-system-2015,CARMA,1054440,,,,,,,,,,,,,,28.44,NO-ESTIMATION,NO-ESTIMATION,NO-ESTIMATION,NO-ESTIMATION,CAPACITY-FACTOR-V1
ESP,Spain,GRADO,WRI1006504,27.2,39.8770,-0.0558,Wind,,,,2005.0,BIOVENT ENERGIA  S.A.,Red Eléctrica de España,http://www.ree.es/en/statistical-data-of-spanish-electrical-system/annual-report/preliminary-report-spanish-electricity-system-2015,CARMA,1062634,,,,,,,,,,63.10,64.68,60.63,77.22,72.96,WIND-V1,WIND-V1,WIND-V1,WIND-V1,WIND-V1
ESP,Spain,GRADO II 1,WRI1006505,25.71,39.8770,-0.0558,Hydro,,,,1968.0,CORPORACION ACCIONA HIDRAULICA  S.L.,Red Eléctrica de España,http://www.ree.es/en/statistical-data-of-spanish-electrical-system/annual-report/preliminary-report-spanish-electricity-system-2015,CARMA,,,,,,,,,,,90.24,90.24,44.48,90.29,62.84,HYDRO-V1,HYDRO-V1,HYDRO-V1,HYDRO-V1,HYDRO-V1
ESP,Spain,GRANADILLA 1  GAS 1,WRI1006506,693.34,28.0863,-16.4939,Oil,Gas,,,1990.0,UNION ELECTRICA DE CANARIAS GENERACION  S.A.U.,Red Eléctrica de España,http://www.ree.es/en/statistical-data-of-spanish-electrical-system/annual-report/preliminary-report-spanish-electricity-system-2015,WRI,1032390,,,,,,,,,,,,,,1444.58,NO-ESTIMATION,NO-ESTIMATION,NO-ESTIMATION,NO-ESTIMATION,CAPACITY-FACTOR-V1
ESP,Spain,GRUPO TURBO-GENERADOR 2 TIRME-SON REUS,WRI1006520,74.80000000000001,39.5694,2.6502,Waste,,,,2010.0,TIRME  S.A,Red Eléctrica de España,http://www.ree.es/en/statistical-data-of-spanish-electrical-system/annual-report/preliminary-report-spanish-electricity-system-2015,CARMA,1046533,,,,,,,,,,,,,,26.05,NO-ESTIMATION,NO-ESTIMATION,NO-ESTIMATION,NO-ESTIMATION,CAPACITY-FACTOR-V1
ESP,Spain,GUADALMENA,WRI1006522,15.2,38.3119,-3.0422,Hydro,,,,1970.0,ENDESA GENERACION S.A.,Red Eléctrica de España,http://www.ree.es/en/statistical-data-of-spanish-electrical-system/annual-report/preliminary-report-spanish-electricity-system-2015,CARMA,1012799,,,,,,,,,,55.52,44.69,28.11,44.35,25.75,HYDRO-V1,HYDRO-V1,HYDRO-V1,HYDRO-V1,HYDRO-V1
ESP,Spain,GUASCOR,WRI1006523,13.5,42.2793,-1.7463,Gas,,,,,GUASCOR INVESTIGACION Y DESARROLLO,Red Eléctrica de España,http://www.ree.es/en/statistical-data-of-spanish-electrical-system/annual-report/preliminary-report-spanish-electricity-system-2015,CARMA,,,,,,,,,,,,,,,31.99,NO-ESTIMATION,NO-ESTIMATION,NO-ESTIMATION,NO-ESTIMATION,CAPACITY-FACTOR-V1
ESP,Spain,GUIA DE ISORA GAS 1,WRI1006524,43.1,28.2115,-16.7795,Oil,,,,2006.0,UNELCO,Red Eléctrica de España,http://www.ree.es/en/statistical-data-of-spanish-electrical-system/annual-report/preliminary-report-spanish-electricity-system-2015,CARMA,1062139,,,,,,,,,,,,,,89.79,NO-ESTIMATION,NO-ESTIMATION,NO-ESTIMATION,NO-ESTIMATION,CAPACITY-FACTOR-V1
ESP,Spain,GUIJO DE GRANADILLA 2,WRI1006525,52.209999999999994,40.1935,-6.1634,Hydro,,,,1982.0,IBERDROLA GENERACION  S.A.,Red Eléctrica de España,http://www.ree.es/en/statistical-data-of-spanish-electrical-system/annual-report/preliminary-report-spanish-electricity-system-2015,CARMA,1019149,,,,,,,,,,180.75,178.75,77.08,180.12,65.69,HYDRO-V1,HYDRO-V1,HYDRO-V1,HYDRO-V1,HYDRO-V1
ESP,Spain,GUILLENA 1,WRI1006526,207.99,37.6410,-6.0724,Hydro,,,,1973.0,ENDESA GENERACION S.A.,Red Eléctrica de España,http://www.ree.es/en/statistical-data-of-spanish-electrical-system/annual-report/preliminary-report-spanish-electricity-system-2015,WRI,1012801,,,,,,,,,,458.88,468.90,325.65,459.04,152.89,HYDRO-V1,HYDRO-V1,HYDRO-V1,HYDRO-V1,HYDRO-V1
ESP,Spain,Gemasol,WKS0062476,19.9,37.5620,-5.3320,Solar,,,,,,Wiki-Solar,https://www.wiki-solar.org,Wiki-Solar,,,,,,,,,,,42.66,42.16,42.00,43.30,45.48,SOLAR-V1-NO-AGE,SOLAR-V1-NO-AGE,SOLAR-V1-NO-AGE,SOLAR-V1-NO-AGE,SOLAR-V1-NO-AGE
ESP,Spain,General Motors,WKS0060104,11.8,41.7550,-1.1750,Solar,,,,,,Wiki-Solar,https://www.wiki-solar.org,Wiki-Solar,,,,,,,,,,,20.74,21.62,21.82,21.34,22.66,SOLAR-V1-NO-AGE,SOLAR-V1-NO-AGE,SOLAR-V1-NO-AGE,SOLAR-V1-NO-AGE,SOLAR-V1-NO-AGE
ESP,Spain,Girasol,WKS0060344,5.0,38.8030,-6.8300,Solar,,,,,,Wiki-Solar,https://www.wiki-solar.org,Wiki-Solar,,,,,,,,,,,10.01,9.81,10.01,9.89,10.04,SOLAR-V1-NO-AGE,SOLAR-V1-NO-AGE,SOLAR-V1-NO-AGE,SOLAR-V1-NO-AGE,SOLAR-V1-NO-AGE
ESP,Spain,Guadarranque,WKS0060084,12.3,36.1950,-5.4160,Solar,,,,,,Wiki-Solar,https://www.wiki-solar.org,Wiki-Solar,,,,,,,,,,,31.56,31.34,31.90,31.88,31.86,SOLAR-V1-NO-AGE,SOLAR-V1-NO-AGE,SOLAR-V1-NO-AGE,SOLAR-V1-NO-AGE,SOLAR-V1-NO-AGE
ESP,Spain,HEDROSO-ACIBEROS,WRI1006527,31.45,42.0357,-6.9054,Wind,,,,2004.0,IBEREOLICA HEDROSO-ACIBEROS  S.A.,Red Eléctrica de España,http://www.ree.es/en/statistical-data-of-spanish-electrical-system/annual-report/preliminary-report-spanish-electricity-system-2015,CARMA,1057732,,,,,,,,,,75.77,76.57,92.33,87.98,74.73,WIND-V1,WIND-V1,WIND-V1,WIND-V1,WIND-V1
ESP,Spain,HELIOS I,WRI1006528,99.8,39.2385,-3.4749,Solar,,,,2012.0,HELIOS I HYPERION ENERGY INVESTMENTS  S.L,Red Eléctrica de España,http://www.ree.es/en/statistical-data-of-spanish-electrical-system/annual-report/preliminary-report-spanish-electricity-system-2015,GEODB,1092390,,,,,,,,,,218.57,219.56,224.11,219.82,201.27,SOLAR-V1,SOLAR-V1,SOLAR-V1,SOLAR-V1,SOLAR-V1
ESP,Spain,HORTA MEDIO AMBIENTE,WRI1006533,14.94,42.8561,-7.1636,Waste,,,,,HORTA MEDIO AMBIENTE  S.A.,Red Eléctrica de España,http://www.ree.es/en/statistical-data-of-spanish-electrical-system/annual-report/preliminary-report-spanish-electricity-system-2015,CARMA,,,,,,,,,,,,,,,5.20,NO-ESTIMATION,NO-ESTIMATION,NO-ESTIMATION,NO-ESTIMATION,CAPACITY-FACTOR-V1
ESP,Spain,HOYA DEL MORAL,WRI1006534,40.8,38.8299,-3.5781,Wind,,,,,PROVENTO RENOVABLES  S.A.,Red Eléctrica de España,http://www.ree.es/en/statistical-data-of-spanish-electrical-system/annual-report/preliminary-report-spanish-electricity-system-2015,CARMA,,,,,,,,,,,,,,,86.76,NO-ESTIMATION,NO-ESTIMATION,NO-ESTIMATION,NO-ESTIMATION,CAPACITY-FACTOR-V1
ESP,Spain,Hellin I+II,WKS0060207,8.0,38.5891,-1.7906,Solar,,,,,,Wiki-Solar,https://www.wiki-solar.org,Wiki-Solar,,,,,,,,,,,16.07,15.43,15.78,15.63,16.31,SOLAR-V1-NO-AGE,SOLAR-V1-NO-AGE,SOLAR-V1-NO-AGE,SOLAR-V1-NO-AGE,SOLAR-V1-NO-AGE
ESP,Spain,Hinojar,WKS0060314,5.5,37.6850,-1.5330,Solar,,,,,,Wiki-Solar,https://www.wiki-solar.org,Wiki-Solar,,,,,,,,,,,12.00,12.00,10.86,10.88,11.50,SOLAR-V1-NO-AGE,SOLAR-V1-NO-AGE,SOLAR-V1-NO-AGE,SOLAR-V1-NO-AGE,SOLAR-V1-NO-AGE
ESP,Spain,Hinojos,WKS0060170,9.5,37.2680,-6.4170,Solar,,,,,,Wiki-Solar,https://www.wiki-solar.org,Wiki-Solar,,,,,,,,,,,18.61,18.18,17.64,18.36,16.93,SOLAR-V1-NO-AGE,SOLAR-V1-NO-AGE,SOLAR-V1-NO-AGE,SOLAR-V1-NO-AGE,SOLAR-V1-NO-AGE
ESP,Spain,Hinojosa del Valle,WKS0060100,12.0,38.4740,-6.2320,Solar,,,,,,Wiki-Solar,https://www.wiki-solar.org,Wiki-Solar,,,,,,,,,,,25.51,25.21,25.53,25.40,25.62,SOLAR-V1-NO-AGE,SOLAR-V1-NO-AGE,SOLAR-V1-NO-AGE,SOLAR-V1-NO-AGE,SOLAR-V1-NO-AGE
ESP,Spain,Hoya de Los Vicentes,WKS0060039,20.0,38.3640,-1.2770,Solar,,,,,,Wiki-Solar,https://www.wiki-solar.org,Wiki-Solar,,,,,,,,,,,42.83,42.91,43.13,42.74,42.68,SOLAR-V1-NO-AGE,SOLAR-V1-NO-AGE,SOLAR-V1-NO-AGE,SOLAR-V1-NO-AGE,SOLAR-V1-NO-AGE
ESP,Spain,IP 1,WRI1006560,88.85,42.7163,-0.5256,Hydro,,,,1969.0,CORPORACION ACCIONA HIDRAULICA  S.L.,Red Eléctrica de España,http://www.ree.es/en/statistical-data-of-spanish-electrical-system/annual-report/preliminary-report-spanish-electricity-system-2015,CARMA,1014321,,,,,,,,,,292.30,292.30,196.42,293.11,186.10,HYDRO-V1,HYDRO-V1,HYDRO-V1,HYDRO-V1,HYDRO-V1
ESP,Spain,IZNAJAR 1,WRI1006562,76.71000000000001,37.2667,-4.4143,Hydro,,,,1969.0,ENDESA GENERACION S.A.,Red Eléctrica de España,http://www.ree.es/en/statistical-data-of-spanish-electrical-system/annual-report/preliminary-report-spanish-electricity-system-2015,CARMA,1012803,,,,,,,,,,265.95,232.76,131.86,225.36,106.26,HYDRO-V1,HYDRO-V1,HYDRO-V1,HYDRO-V1,HYDRO-V1
ESP,Spain,Ibersol CSP,WKS0071076,50.0,38.6450,-3.9730,Solar,,,,,,Wiki-Solar,https://www.wiki-solar.org,Wiki-Solar,,,,,,,,,,,107.66,105.77,118.34,104.75,112.46,SOLAR-V1-NO-AGE,SOLAR-V1-NO-AGE,SOLAR-V1-NO-AGE,SOLAR-V1-NO-AGE,SOLAR-V1-NO-AGE
ESP,Spain,Iniesta,WKS0060356,5.0,39.4380,-1.7090,Solar,,,,,,Wiki-Solar,https://www.wiki-solar.org,Wiki-Solar,,,,,,,,,,,9.88,10.07,9.94,9.96,10.08,SOLAR-V1-NO-AGE,SOLAR-V1-NO-AGE,SOLAR-V1-NO-AGE,SOLAR-V1-NO-AGE,SOLAR-V1-NO-AGE
ESP,Spain,Isla Mayor,WKS0060191,8.4,37.1488,-6.1452,Solar,,,,,,Wiki-Solar,https://www.wiki-solar.org,Wiki-Solar,,,,,,,,,,,16.18,16.03,15.19,14.60,15.86,SOLAR-V1-NO-AGE,SOLAR-V1-NO-AGE,SOLAR-V1-NO-AGE,SOLAR-V1-NO-AGE,SOLAR-V1-NO-AGE
ESP,Spain,JINAMAR 10  GAS 2,WRI1006564,234.46000000000004,28.0424,-15.4114,Oil,,,,1989.0,UNION ELECTRICA DE CANARIAS GENERACION  S.A.U.,Red Eléctrica de España,http://www.ree.es/en/statistical-data-of-spanish-electrical-system/annual-report/preliminary-report-spanish-electricity-system-2015,CARMA,1032393,,,,,,,,,,,,,,488.50,NO-ESTIMATION,NO-ESTIMATION,NO-ESTIMATION,NO-ESTIMATION,CAPACITY-FACTOR-V1
ESP,Spain,JOSE M ORIOL  GRUPO 4,WRI1006571,953.3199999999999,39.2438,-0.9317,Hydro,,,,1970.0,IBERDROLA GENERACION  S.A.,Red Eléctrica de España,http://www.ree.es/en/statistical-data-of-spanish-electrical-system/annual-report/preliminary-report-spanish-electricity-system-2015,WRI,1019076,,,,,,,,,,2706.34,2231.34,1150.43,3068.43,1076.51,HYDRO-V1,HYDRO-V1,HYDRO-V1,HYDRO-V1,HYDRO-V1
ESP,Spain,Jerez de la Frontera,WKS0060311,5.6,36.7076,-6.2309,Solar,,,,,,Wiki-Solar,https://www.wiki-solar.org,Wiki-Solar,,,,,,,,,,,12.53,12.30,12.32,12.09,12.47,SOLAR-V1-NO-AGE,SOLAR-V1-NO-AGE,SOLAR-V1-NO-AGE,SOLAR-V1-NO-AGE,SOLAR-V1-NO-AGE
ESP,Spain,L'Olleria and Garrofera,WKS0060239,7.0,38.9287,-0.5115,Solar,,,,,,Wiki-Solar,https://www.wiki-solar.org,Wiki-Solar,,,,,,,,,,,15.51,14.68,14.03,13.61,15.38,SOLAR-V1-NO-AGE,SOLAR-V1-NO-AGE,SOLAR-V1-NO-AGE,SOLAR-V1-NO-AGE,SOLAR-V1-NO-AGE
ESP,Spain,LA ALJORRA-CARTAGENA,WRI1006574,27.17,37.4955,-1.4802,Waste,,,,,BECOSA ENERGIAS RENOVABLES  S.A.,Red Eléctrica de España,http://www.ree.es/en/statistical-data-of-spanish-electrical-system/annual-report/preliminary-report-spanish-electricity-system-2015,CARMA,,,,,,,,,,,,,,,9.46,NO-ESTIMATION,NO-ESTIMATION,NO-ESTIMATION,NO-ESTIMATION,CAPACITY-FACTOR-V1
ESP,Spain,LA BARCA 1,WRI1006575,52.09,28.3504,-14.1076,Hydro,,,,1967.0,HIDROELECTRICA DEL CANTABRICO  S.A.,Red Eléctrica de España,http://www.ree.es/en/statistical-data-of-spanish-electrical-system/annual-report/preliminary-report-spanish-electricity-system-2015,CARMA,1018391,,,,,,,,,,180.32,180.32,118.68,180.82,112.63,HYDRO-V1,HYDRO-V1,HYDRO-V1,HYDRO-V1,HYDRO-V1
ESP,Spain,LA CALZADA,WRI1006576,30.6,38.6739,-0.8133,Wind,,,,2008.0,ENERGIAS NATURALES LA CALZADA  S.L.U.,Red Eléctrica de España,http://www.ree.es/en/statistical-data-of-spanish-electrical-system/annual-report/preliminary-report-spanish-electricity-system-2015,CARMA,1078535,,,,,,,,,,87.24,74.03,71.96,70.23,77.80,WIND-V1,WIND-V1,WIND-V1,WIND-V1,WIND-V1
ESP,Spain,LA DEHESA,WRI1006578,49.9,38.9594,-6.4640,Solar,,,,2010.0,RENOVABLES SAMCA  S.A.,Red Eléctrica de España,http://www.ree.es/en/statistical-data-of-spanish-electrical-system/annual-report/preliminary-report-spanish-electricity-system-2015,GEODB,1083572,,,,,,,,,,111.50,108.21,101.13,101.31,100.26,SOLAR-V1,SOLAR-V1,SOLAR-V1,SOLAR-V1,SOLAR-V1
ESP,Spain,LA FLORIDA,WRI1006580,49.9,38.8145,-6.8377,Solar,,,,2010.0,RENOVABLES SAMCA  S.A.,Red Eléctrica de España,http://www.ree.es/en/statistical-data-of-spanish-electrical-system/annual-report/preliminary-report-spanish-electricity-system-2015,GEODB,1083573,,,,,,,,,,111.51,108.67,100.21,101.47,100.57,SOLAR-V1,SOLAR-V1,SOLAR-V1,SOLAR-V1,SOLAR-V1
ESP,Spain,LA LORA I,WRI1006583,49.6,42.7744,-4.1676,Wind,,,,2007.0,PARQUE EOLICO LA BOGA  S.L.,Red Eléctrica de España,http://www.ree.es/en/statistical-data-of-spanish-electrical-system/annual-report/preliminary-report-spanish-electricity-system-2015,CARMA,,,,,,,,,,,135.52,125.09,124.46,123.58,108.87,WIND-V1,WIND-V1,WIND-V1,WIND-V1,WIND-V1
ESP,Spain,LA MUELA CORTES 1,WRI1006586,634.0,39.2628,-0.9192,Hydro,,,,1989.0,IBERDROLA GENERACION  S.A.,Red Eléctrica de España,http://www.ree.es/en/statistical-data-of-spanish-electrical-system/annual-report/preliminary-report-spanish-electricity-system-2015,WRI,1019171,,,,,2350.322,1774.483,,,JRC-PPDB-OPEN,1677.46,1361.57,642.72,1917.94,593.55,HYDRO-V1,HYDRO-V1,HYDRO-V1,HYDRO-V1,HYDRO-V1
ESP,Spain,LA REMOLINA GR 1,WRI1006591,83.19,42.9036,-5.1437,Hydro,,,,1990.0,VIESGO GENERACION  S.L.,Red Eléctrica de España,http://www.ree.es/en/statistical-data-of-spanish-electrical-system/annual-report/preliminary-report-spanish-electricity-system-2015,CARMA,1015714,,,,,,,,,,273.68,273.68,183.91,274.43,174.24,HYDRO-V1,HYDRO-V1,HYDRO-V1,HYDRO-V1,HYDRO-V1
ESP,Spain,LA RISCA,WRI1006592,50.0,38.8269,-6.8240,Solar,,,,2009.0,TERMOSOLAR ALVARADO  S.L.,Red Eléctrica de España,http://www.ree.es/en/statistical-data-of-spanish-electrical-system/annual-report/preliminary-report-spanish-electricity-system-2015,GEODB,1073133,,,,,,,,,,111.27,102.32,99.79,102.46,103.60,SOLAR-V1,SOLAR-V1,SOLAR-V1,SOLAR-V1,SOLAR-V1
ESP,Spain,LA ROBLA GRUPO 2,WRI1006593,619.06,42.7924,-5.6340,Coal,,,,1984.0,GAS NATURAL FENOSA GENERACION  S.L.U.,Red Eléctrica de España,http://www.ree.es/en/statistical-data-of-spanish-electrical-system/annual-report/preliminary-report-spanish-electricity-system-2015,GEODB,1032447,,,,2550.471,1468.909,1591.627,,,JRC-PPDB-OPEN,,,,,2823.98,NO-ESTIMATION,NO-ESTIMATION,NO-ESTIMATION,NO-ESTIMATION,CAPACITY-FACTOR-V1
ESP,Spain,LA SARRA,WRI1006594,24.0,42.7713,-0.3345,Hydro,,,,,ACCIONA SALTOS DE AGUA  S.L.,Red Eléctrica de España,http://www.ree.es/en/statistical-data-of-spanish-electrical-system/annual-report/preliminary-report-spanish-electricity-system-2015,CARMA,1016283,,,,,,,,,,79.06,79.06,56.02,79.28,53.23,HYDRO-V1,HYDRO-V1,HYDRO-V1,HYDRO-V1,HYDRO-V1
ESP,Spain,LA SERENA,WRI1006595,22.0,38.7320,-5.5439,Hydro,,,,1992.0,ENDESA GENERACION S.A.,Red Eléctrica de España,http://www.ree.es/en/statistical-data-of-spanish-electrical-system/annual-report/preliminary-report-spanish-electricity-system-2015,CARMA,1027884,,,,,,,,,,69.30,71.57,51.26,71.77,47.33,HYDRO-V1,HYDRO-V1,HYDRO-V1,HYDRO-V1,HYDRO-V1
ESP,Spain,LA ZARZUELA,WRI1006598,41.8,36.0139,-5.6069,Wind,,,,2012.0,CYL ENERGIA EOLICA  S.L.U.,Red Eléctrica de España,http://www.ree.es/en/statistical-data-of-spanish-electrical-system/annual-report/preliminary-report-spanish-electricity-system-2015,CARMA,1110492,,,,,,,,,,144.63,134.01,113.24,112.88,123.94,WIND-V1,WIND-V1,WIND-V1,WIND-V1,WIND-V1
ESP,Spain,LAFORTUNADA CINCA 1,WRI1006599,41.400000000000006,42.5741,0.1824,Hydro,,,,1923.0,CORPORACION ACCIONA HIDRAULICA  S.L.,Red Eléctrica de España,http://www.ree.es/en/statistical-data-of-spanish-electrical-system/annual-report/preliminary-report-spanish-electricity-system-2015,CARMA,,,,,,,,,,,150.36,145.11,90.52,145.51,78.29,HYDRO-V1,HYDRO-V1,HYDRO-V1,HYDRO-V1,HYDRO-V1
ESP,Spain,LAFORTUNADA CINQUETA 1,WRI1006600,40.8,42.5741,0.1824,Hydro,,,,1932.0,ENDESA GENERACION S.A.,Red Eléctrica de España,http://www.ree.es/en/statistical-data-of-spanish-electrical-system/annual-report/preliminary-report-spanish-electricity-system-2015,CARMA,1019176|1019175,,,,,,,,,,148.18,143.01,89.21,143.40,77.16,HYDRO-V1,HYDRO-V1,HYDRO-V1,HYDRO-V1,HYDRO-V1
ESP,Spain,LANCHAL,WRI1006601,21.25,40.6336,-4.4669,Wind,,,,2012.0,ENEL GREEN POWER ESPANA  S.L.,Red Eléctrica de España,http://www.ree.es/en/statistical-data-of-spanish-electrical-system/annual-report/preliminary-report-spanish-electricity-system-2015,WRI,1110429,,,,,,,,,,65.94,67.54,58.72,56.58,58.74,WIND-V1,WIND-V1,WIND-V1,WIND-V1,WIND-V1
ESP,Spain,LANUZA 1,WRI1006603,52.69,42.7238,-0.2817,Hydro,,,,1977.0,CORPORACION ACCIONA HIDRAULICA  S.L.,Red Eléctrica de España,http://www.ree.es/en/statistical-data-of-spanish-electrical-system/annual-report/preliminary-report-spanish-electricity-system-2015,CARMA,1016284,,,,,,,,,,171.80,171.80,109.46,172.28,103.33,HYDRO-V1,HYDRO-V1,HYDRO-V1,HYDRO-V1,HYDRO-V1
ESP,Spain,LAS CONCHAS GRUPO 1,WRI1006604,49.38,42.4075,-7.5316,Hydro,,,,1949.0,GAS NATURAL FENOSA GENERACION  S.L.U.,Red Eléctrica de España,http://www.ree.es/en/statistical-data-of-spanish-electrical-system/annual-report/preliminary-report-spanish-electricity-system-2015,CARMA,1017244,,,,,,,,,,169.21,163.31,67.03,171.54,58.89,HYDRO-V1,HYDRO-V1,HYDRO-V1,HYDRO-V1,HYDRO-V1
ESP,Spain,LAS ONDINAS GR 1,WRI1006607,82.46000000000001,42.8206,-6.4875,Hydro,,,,1966.0,ENDESA GENERACION S.A.,Red Eléctrica de España,http://www.ree.es/en/statistical-data-of-spanish-electrical-system/annual-report/preliminary-report-spanish-electricity-system-2015,CARMA,1015716,,,,,,,,,,245.10,242.61,100.47,252.88,94.83,HYDRO-V1,HYDRO-V1,HYDRO-V1,HYDRO-V1,HYDRO-V1
ESP,Spain,LAS PICADAS GRUPO 1,WRI1006610,24.32,40.3236,-4.2032,Hydro,,,,1952.0,GAS NATURAL FENOSA GENERACION  S.L.U.,Red Eléctrica de España,http://www.ree.es/en/statistical-data-of-spanish-electrical-system/annual-report/preliminary-report-spanish-electricity-system-2015,CARMA,1032452,,,,,,,,,,79.06,79.06,55.09,79.28,52.88,HYDRO-V1,HYDRO-V1,HYDRO-V1,HYDRO-V1,HYDRO-V1
ESP,Spain,LAS SALINAS 12  DIESEL 9,WRI1006611,72.11,28.5004,-13.8627,Oil,,,,2005.0,UNION ELECTRICA DE CANARIAS GENERACION  S.A.U.,Red Eléctrica de España,http://www.ree.es/en/statistical-data-of-spanish-electrical-system/annual-report/preliminary-report-spanish-electricity-system-2015,CARMA,1032394,,,,,,,,,,,,,,150.24,NO-ESTIMATION,NO-ESTIMATION,NO-ESTIMATION,NO-ESTIMATION,CAPACITY-FACTOR-V1
ESP,Spain,LAS SALINAS 8  GAS 2,WRI1006615,51.25,28.5004,-13.8627,Oil,,,,2000.0,UNION ELECTRICA DE CANARIAS GENERACION  S.A.U.,Red Eléctrica de España,http://www.ree.es/en/statistical-data-of-spanish-electrical-system/annual-report/preliminary-report-spanish-electricity-system-2015,CARMA,1032394,,,,,,,,,,,,,,106.77,NO-ESTIMATION,NO-ESTIMATION,NO-ESTIMATION,NO-ESTIMATION,CAPACITY-FACTOR-V1
ESP,Spain,LAS SALINAS 9 (GAS MOVIL 1),WRI1006617,11.74,28.5004,-13.8627,Oil,,,,1988.0,UNION ELECTRICA DE CANARIAS GENERACION  S.A.U.,Red Eléctrica de España,http://www.ree.es/en/statistical-data-of-spanish-electrical-system/annual-report/preliminary-report-spanish-electricity-system-2015,CARMA,1032394,,,,,,,,,,,,,,24.46,NO-ESTIMATION,NO-ESTIMATION,NO-ESTIMATION,NO-ESTIMATION,CAPACITY-FACTOR-V1
ESP,Spain,LAS VINAS,WRI1006619,38.0,41.6704,-3.6892,Wind,,,,2010.0,IBERDROLA RENOVABLES CASTILLA Y LEON  S.A.,Red Eléctrica de España,http://www.ree.es/en/statistical-data-of-spanish-electrical-system/annual-report/preliminary-report-spanish-electricity-system-2015,CARMA,1110467,,,,,,,,,,106.71,104.29,88.00,81.06,82.19,WIND-V1,WIND-V1,WIND-V1,WIND-V1,WIND-V1
ESP,Spain,LERIDA,WRI1006620,11.93,41.6167,0.6167,Hydro,,,,1964.0,ENDESA GENERACION S.A.,Red Eléctrica de España,http://www.ree.es/en/statistical-data-of-spanish-electrical-system/annual-report/preliminary-report-spanish-electricity-system-2015,CARMA,,,,,,,,,,,42.22,43.36,24.41,44.02,23.73,HYDRO-V1,HYDRO-V1,HYDRO-V1,HYDRO-V1,HYDRO-V1
ESP,Spain,LES COLLADETES I,WRI1006621,36.63,40.8667,0.7167,Wind,,,,2000.0,ENERVENT  S.A.,Red Eléctrica de España,http://www.ree.es/en/statistical-data-of-spanish-electrical-system/annual-report/preliminary-report-spanish-electricity-system-2015,CARMA,1047387,,,,,,,,,,77.54,68.73,75.92,78.08,76.07,WIND-V1,WIND-V1,WIND-V1,WIND-V1,WIND-V1
ESP,Spain,LES FORQUES,WRI1006622,30.0,41.4833,1.2333,Wind,,,,2008.0,PARQUES EOLICOS GESTINVER  SL,Red Eléctrica de España,http://www.ree.es/en/statistical-data-of-spanish-electrical-system/annual-report/preliminary-report-spanish-electricity-system-2015,CARMA,1067284,,,,,,,,,,77.31,74.99,72.75,71.51,76.23,WIND-V1,WIND-V1,WIND-V1,WIND-V1,WIND-V1
ESP,Spain,LITORAL DE ALMERIA GR 2,WRI1006625,1119.5900000000001,36.9783,-1.9054,Coal,,,,1997.0,ENDESA GENERACION S.A.,Red Eléctrica de España,http://www.ree.es/en/statistical-data-of-spanish-electrical-system/annual-report/preliminary-report-spanish-electricity-system-2015,GEODB,1031229,,,,7342.939,5068.967,6119.552,,,JRC-PPDB-OPEN,,,,,5107.26,NO-ESTIMATION,NO-ESTIMATION,NO-ESTIMATION,NO-ESTIMATION,CAPACITY-FACTOR-V1
ESP,Spain,LLAVORSI CARDOS 1,WRI1006626,52.4,42.4951,1.2110,Hydro,,,,1966.0,ENDESA GENERACION S.A.,Red Eléctrica de España,http://www.ree.es/en/statistical-data-of-spanish-electrical-system/annual-report/preliminary-report-spanish-electricity-system-2015,CARMA,1017211,,,,,,,,,,181.41,181.22,88.40,177.38,78.02,HYDRO-V1,HYDRO-V1,HYDRO-V1,HYDRO-V1,HYDRO-V1
ESP,Spain,LOS BARRIOS,WRI1006636,570.05,36.1828,-5.4200,Coal,,,,1985.0,VIESGO GENERACION  S.L.,Red Eléctrica de España,http://www.ree.es/en/statistical-data-of-spanish-electrical-system/annual-report/preliminary-report-spanish-electricity-system-2015,GEODB,1012811,,,,3821.551,2353.358,3141.138,,,JRC-PPDB-OPEN,,,,,2600.41,NO-ESTIMATION,NO-ESTIMATION,NO-ESTIMATION,NO-ESTIMATION,CAPACITY-FACTOR-V1
ESP,Spain,LOS CASTRIOS,WRI1006639,26.4,38.1500,-1.0167,Wind,,,,2006.0,CASTRIOS  S.A.,Red Eléctrica de España,http://www.ree.es/en/statistical-data-of-spanish-electrical-system/annual-report/preliminary-report-spanish-electricity-system-2015,CARMA,1063570,,,,,,,,,,56.34,58.44,65.90,64.86,77.47,WIND-V1,WIND-V1,WIND-V1,WIND-V1,WIND-V1
ESP,Spain,LOS GUINCHOS 15   GAS MOVIL 2,WRI1006642,67.3,28.6538,-17.7867,Oil,,,,2006.0,UNION ELECTRICA DE CANARIAS GENERACION  S.A.U.,Red Eléctrica de España,http://www.ree.es/en/statistical-data-of-spanish-electrical-system/annual-report/preliminary-report-spanish-electricity-system-2015,CARMA,1032396,,,,,,,,,,,,,,140.22,NO-ESTIMATION,NO-ESTIMATION,NO-ESTIMATION,NO-ESTIMATION,CAPACITY-FACTOR-V1
ESP,Spain,LOS LLANOS,WRI1006648,38.0,36.4469,-5.2858,Wind,,,,2011.0,PRODUCTOR REGIONAL DE ENERGIAS RENOVABLES III  S.A,Red Eléctrica de España,http://www.ree.es/en/statistical-data-of-spanish-electrical-system/annual-report/preliminary-report-spanish-electricity-system-2015,CARMA,1089450,,,,,,,,,,118.78,108.31,89.30,99.40,94.88,WIND-V1,WIND-V1,WIND-V1,WIND-V1,WIND-V1
ESP,Spain,LOS PEARES GRUPO 2,WRI1006651,181.02,42.4637,-7.7237,Hydro,,,,1954.0,GAS NATURAL FENOSA GENERACION  S.L.U.,Red Eléctrica de España,http://www.ree.es/en/statistical-data-of-spanish-electrical-system/annual-report/preliminary-report-spanish-electricity-system-2015,WRI,1032458,,,,,,,,,,548.94,546.19,265.01,552.43,236.02,HYDRO-V1,HYDRO-V1,HYDRO-V1,HYDRO-V1,HYDRO-V1
ESP,Spain,La Corchuela,WKS0067994,26.3,38.8270,-7.0220,Solar,,,,,,Wiki-Solar,https://www.wiki-solar.org,Wiki-Solar,,,,,,,,,,,55.33,53.33,55.68,53.60,56.35,SOLAR-V1-NO-AGE,SOLAR-V1-NO-AGE,SOLAR-V1-NO-AGE,SOLAR-V1-NO-AGE,SOLAR-V1-NO-AGE
ESP,Spain,La Flamenca,WKS0060223,7.2,37.2800,-7.2590,Solar,,,,,,Wiki-Solar,https://www.wiki-solar.org,Wiki-Solar,,,,,,,,,,,16.24,15.60,14.92,15.13,15.63,SOLAR-V1-NO-AGE,SOLAR-V1-NO-AGE,SOLAR-V1-NO-AGE,SOLAR-V1-NO-AGE,SOLAR-V1-NO-AGE
ESP,Spain,La Herrera 160,WKS0060376,4.8,38.9580,-2.1048,Solar,,,,,,Wiki-Solar,https://www.wiki-solar.org,Wiki-Solar,,,,,,,,,,,10.12,10.48,10.23,10.27,10.47,SOLAR-V1-NO-AGE,SOLAR-V1-NO-AGE,SOLAR-V1-NO-AGE,SOLAR-V1-NO-AGE,SOLAR-V1-NO-AGE
ESP,Spain,La Magascona,WKS0063591,20.0,39.4361,-5.9333,Solar,,,,,,Wiki-Solar,https://www.wiki-solar.org,Wiki-Solar,,,,,,,,,,,43.11,41.18,42.69,41.29,42.98,SOLAR-V1-NO-AGE,SOLAR-V1-NO-AGE,SOLAR-V1-NO-AGE,SOLAR-V1-NO-AGE,SOLAR-V1-NO-AGE
ESP,Spain,La Magasquila,WKS0063592,10.0,39.4359,-5.9438,Solar,,,,,,Wiki-Solar,https://www.wiki-solar.org,Wiki-Solar,,,,,,,,,,,19.49,18.66,19.09,18.63,19.06,SOLAR-V1-NO-AGE,SOLAR-V1-NO-AGE,SOLAR-V1-NO-AGE,SOLAR-V1-NO-AGE,SOLAR-V1-NO-AGE
ESP,Spain,La Muela II Grupo 4,WRI1006587,877.95,39.2438,-0.9317,Hydro,,,,,IBERDROLA GENERACION  S.A.,Red Eléctrica de España,http://www.ree.es/en/statistical-data-of-spanish-electrical-system/annual-report/preliminary-report-spanish-electricity-system-2015,WRI,,,,,,,,,,,2492.37,2054.93,1059.48,2825.84,991.40,HYDRO-V1,HYDRO-V1,HYDRO-V1,HYDRO-V1,HYDRO-V1
ESP,Spain,La Olmeda,WKS0060289,6.0,41.2060,-4.8370,Solar,,,,,,Wiki-Solar,https://www.wiki-solar.org,Wiki-Solar,,,,,,,,,,,10.24,10.24,10.44,9.99,10.54,SOLAR-V1-NO-AGE,SOLAR-V1-NO-AGE,SOLAR-V1-NO-AGE,SOLAR-V1-NO-AGE,SOLAR-V1-NO-AGE
ESP,Spain,La Puente de Piedra,WKS0060116,11.2,41.4369,-2.5000,Solar,,,,,,Wiki-Solar,https://www.wiki-solar.org,Wiki-Solar,,,,,,,,,,,20.08,20.62,21.88,20.41,23.55,SOLAR-V1-NO-AGE,SOLAR-V1-NO-AGE,SOLAR-V1-NO-AGE,SOLAR-V1-NO-AGE,SOLAR-V1-NO-AGE
ESP,Spain,La Quintana,WKS0060164,9.8,37.7180,-4.8900,Solar,,,,,,Wiki-Solar,https://www.wiki-solar.org,Wiki-Solar,,,,,,,,,,,18.67,17.98,17.96,18.38,19.35,SOLAR-V1-NO-AGE,SOLAR-V1-NO-AGE,SOLAR-V1-NO-AGE,SOLAR-V1-NO-AGE,SOLAR-V1-NO-AGE
ESP,Spain,La Rambla,WKS0060294,5.7,37.6057,-4.7677,Solar,,,,,,Wiki-Solar,https://www.wiki-solar.org,Wiki-Solar,,,,,,,,,,,11.48,11.07,11.10,11.37,12.09,SOLAR-V1-NO-AGE,SOLAR-V1-NO-AGE,SOLAR-V1-NO-AGE,SOLAR-V1-NO-AGE,SOLAR-V1-NO-AGE
ESP,Spain,La Solana,WKS0060249,6.6,38.9240,-3.2570,Solar,,,,,,Wiki-Solar,https://www.wiki-solar.org,Wiki-Solar,,,,,,,,,,,13.04,13.08,13.45,13.10,13.32,SOLAR-V1-NO-AGE,SOLAR-V1-NO-AGE,SOLAR-V1-NO-AGE,SOLAR-V1-NO-AGE,SOLAR-V1-NO-AGE
ESP,Spain,La Veguilla,WKS0060171,9.4,38.0016,-4.3197,Solar,,,,,,Wiki-Solar,https://www.wiki-solar.org,Wiki-Solar,,,,,,,,,,,18.28,17.53,19.88,17.98,19.52,SOLAR-V1-NO-AGE,SOLAR-V1-NO-AGE,SOLAR-V1-NO-AGE,SOLAR-V1-NO-AGE,SOLAR-V1-NO-AGE
ESP,Spain,Las Cabezas de San Juan,WKS0060298,5.7,37.0700,-6.0330,Solar,,,,,,Wiki-Solar,https://www.wiki-solar.org,Wiki-Solar,,,,,,,,,,,11.83,11.22,11.03,10.78,11.48,SOLAR-V1-NO-AGE,SOLAR-V1-NO-AGE,SOLAR-V1-NO-AGE,SOLAR-V1-NO-AGE,SOLAR-V1-NO-AGE
ESP,Spain,Las Gabias N,WKS0060159,10.0,37.1420,-3.7150,Solar,,,,,,Wiki-Solar,https://www.wiki-solar.org,Wiki-Solar,,,,,,,,,,,21.98,21.99,20.88,21.24,22.21,SOLAR-V1-NO-AGE,SOLAR-V1-NO-AGE,SOLAR-V1-NO-AGE,SOLAR-V1-NO-AGE,SOLAR-V1-NO-AGE
ESP,Spain,Las Gabias S,WKS0060062,18.0,37.1290,-3.7120,Solar,,,,,,Wiki-Solar,https://www.wiki-solar.org,Wiki-Solar,,,,,,,,,,,44.45,46.09,43.61,44.08,46.83,SOLAR-V1-NO-AGE,SOLAR-V1-NO-AGE,SOLAR-V1-NO-AGE,SOLAR-V1-NO-AGE,SOLAR-V1-NO-AGE
ESP,Spain,Lasesa,WKS0060177,9.0,41.8560,-0.0610,Solar,,,,,,Wiki-Solar,https://www.wiki-solar.org,Wiki-Solar,,,,,,,,,,,14.95,15.45,16.02,15.98,16.08,SOLAR-V1-NO-AGE,SOLAR-V1-NO-AGE,SOLAR-V1-NO-AGE,SOLAR-V1-NO-AGE,SOLAR-V1-NO-AGE
ESP,Spain,Lazagurría,WKS0065988,4.0,42.4960,-2.2780,Solar,,,,,,Wiki-Solar,https://www.wiki-solar.org,Wiki-Solar,,,,,,,,,,,6.04,6.10,6.24,6.32,6.15,SOLAR-V1-NO-AGE,SOLAR-V1-NO-AGE,SOLAR-V1-NO-AGE,SOLAR-V1-NO-AGE,SOLAR-V1-NO-AGE
ESP,Spain,Lebrija 3+4,WKS0060226,7.1,36.9640,-6.0630,Solar,,,,,,Wiki-Solar,https://www.wiki-solar.org,Wiki-Solar,,,,,,,,,,,15.24,14.31,13.75,13.30,14.74,SOLAR-V1-NO-AGE,SOLAR-V1-NO-AGE,SOLAR-V1-NO-AGE,SOLAR-V1-NO-AGE,SOLAR-V1-NO-AGE
ESP,Spain,Llerena I,WKS0060373,4.8,38.2446,-5.9657,Solar,,,,,,Wiki-Solar,https://www.wiki-solar.org,Wiki-Solar,,,,,,,,,,,10.12,10.25,10.66,10.50,10.95,SOLAR-V1-NO-AGE,SOLAR-V1-NO-AGE,SOLAR-V1-NO-AGE,SOLAR-V1-NO-AGE,SOLAR-V1-NO-AGE
ESP,Spain,Lobosillo,WKS0060090,12.7,37.7336,-1.0596,Solar,,,,,,Wiki-Solar,https://www.wiki-solar.org,Wiki-Solar,,,,,,,,,,,30.51,32.94,29.09,29.14,30.08,SOLAR-V1-NO-AGE,SOLAR-V1-NO-AGE,SOLAR-V1-NO-AGE,SOLAR-V1-NO-AGE,SOLAR-V1-NO-AGE
ESP,Spain,Logrosán,WKS0060361,5.0,39.2946,-5.4885,Solar,,,,,,Wiki-Solar,https://www.wiki-solar.org,Wiki-Solar,,,,,,,,,,,10.09,9.73,10.11,9.78,10.02,SOLAR-V1-NO-AGE,SOLAR-V1-NO-AGE,SOLAR-V1-NO-AGE,SOLAR-V1-NO-AGE,SOLAR-V1-NO-AGE
ESP,Spain,Los Navalmorales,WKS0060246,6.6,39.7199,-4.6529,Solar,,,,,,Wiki-Solar,https://www.wiki-solar.org,Wiki-Solar,,,,,,,,,,,13.41,13.25,13.33,13.13,13.09,SOLAR-V1-NO-AGE,SOLAR-V1-NO-AGE,SOLAR-V1-NO-AGE,SOLAR-V1-NO-AGE,SOLAR-V1-NO-AGE
ESP,Spain,Los Olivares,WKS0060173,9.1,37.7976,-3.7977,Solar,,,,,,Wiki-Solar,https://www.wiki-solar.org,Wiki-Solar,,,,,,,,,,,17.91,19.45,19.60,17.43,18.85,SOLAR-V1-NO-AGE,SOLAR-V1-NO-AGE,SOLAR-V1-NO-AGE,SOLAR-V1-NO-AGE,SOLAR-V1-NO-AGE
ESP,Spain,Losa del Obispo,WKS0060218,7.4,39.6870,-0.8520,Solar,,,,,,Wiki-Solar,https://www.wiki-solar.org,Wiki-Solar,,,,,,,,,,,14.69,16.21,14.62,14.38,16.51,SOLAR-V1-NO-AGE,SOLAR-V1-NO-AGE,SOLAR-V1-NO-AGE,SOLAR-V1-NO-AGE,SOLAR-V1-NO-AGE
ESP,Spain,Lucainena de las Torres,WKS0060037,15.2,37.0150,-2.1760,Solar,,,,,,Wiki-Solar,https://www.wiki-solar.org,Wiki-Solar,,,,,,,,,,,39.67,39.15,39.75,40.35,39.96,SOLAR-V1-NO-AGE,SOLAR-V1-NO-AGE,SOLAR-V1-NO-AGE,SOLAR-V1-NO-AGE,SOLAR-V1-NO-AGE
ESP,Spain,MAHON 10  BURMEISTER N 2,WRI1006655,195.19999999999996,39.8964,4.2597,Oil,,,,1991.0,GAS Y ELECTRICIDAD GENERACION  S.A.U,Red Eléctrica de España,http://www.ree.es/en/statistical-data-of-spanish-electrical-system/annual-report/preliminary-report-spanish-electricity-system-2015,CARMA,1017460,,,,,,,,,,,,,,406.70,NO-ESTIMATION,NO-ESTIMATION,NO-ESTIMATION,NO-ESTIMATION,CAPACITY-FACTOR-V1
ESP,Spain,MAHON TG4,WRI1006662,50.0,39.8964,4.2597,Gas,,,,2008.0,GAS Y ELECTRICIDAD GENERACION  S.A.U,Red Eléctrica de España,http://www.ree.es/en/statistical-data-of-spanish-electrical-system/annual-report/preliminary-report-spanish-electricity-system-2015,CARMA,,,,,,,,,,,,,,,118.51,NO-ESTIMATION,NO-ESTIMATION,NO-ESTIMATION,NO-ESTIMATION,CAPACITY-FACTOR-V1
ESP,Spain,MAJADAS,WRI1006663,49.9,39.9687,-5.7417,Solar,,,,2010.0,TERMOSOLAR MAJADAS S.L.,Red Eléctrica de España,http://www.ree.es/en/statistical-data-of-spanish-electrical-system/annual-report/preliminary-report-spanish-electricity-system-2015,GEODB,1073135,,,,,,,,,,111.81,109.01,102.50,103.02,100.61,SOLAR-V1,SOLAR-V1,SOLAR-V1,SOLAR-V1,SOLAR-V1
ESP,Spain,MALA1 (CTCC MALAGA),WRI1006664,415.509,36.7495,-4.5631,Gas,,,,2009.0,GAS NATURAL FENOSA GENERACION  S.L.U.,Red Eléctrica de España,http://www.ree.es/en/statistical-data-of-spanish-electrical-system/annual-report/preliminary-report-spanish-electricity-system-2015,GEODB,1064787,,,,1845.647,1787.158,1821.304,,,JRC-PPDB-OPEN,,,,,984.89,NO-ESTIMATION,NO-ESTIMATION,NO-ESTIMATION,NO-ESTIMATION,CAPACITY-FACTOR-V1
ESP,Spain,MANCHASOL-2,WRI1006665,99.8,39.1838,-3.3119,Solar,,,,2011.0,MANCHASOL-2  CENTRAL TERMOSOLAR DOS  S.L.,Red Eléctrica de España,http://www.ree.es/en/statistical-data-of-spanish-electrical-system/annual-report/preliminary-report-spanish-electricity-system-2015,GEODB,1077591,,,,,,,,,,210.06,216.26,224.51,203.98,206.75,SOLAR-V1,SOLAR-V1,SOLAR-V1,SOLAR-V1,SOLAR-V1
ESP,Spain,MANDEO-ZARZO,WRI1006666,25.6,43.2347,-8.0171,Hydro,,,,,NAVARRO GENERACION  S.A.,Red Eléctrica de España,http://www.ree.es/en/statistical-data-of-spanish-electrical-system/annual-report/preliminary-report-spanish-electricity-system-2015,CARMA,1032460,,,,,,,,,,81.56,81.56,57.45,81.79,54.48,HYDRO-V1,HYDRO-V1,HYDRO-V1,HYDRO-V1,HYDRO-V1
ESP,Spain,MEDIANO 1,WRI1006670,66.97,42.3227,0.2438,Hydro,,,,1969.0,CORPORACION ACCIONA HIDRAULICA  S.L.,Red Eléctrica de España,http://www.ree.es/en/statistical-data-of-spanish-electrical-system/annual-report/preliminary-report-spanish-electricity-system-2015,CARMA,1015791,,,,,,,,,,226.45,232.18,122.62,232.81,102.72,HYDRO-V1,HYDRO-V1,HYDRO-V1,HYDRO-V1,HYDRO-V1
ESP,Spain,MEIRAMA GRUPO 1,WRI1006671,557.2,43.1685,-8.4111,Coal,,,,1980.0,GAS NATURAL FENOSA GENERACION  S.L.U.,Red Eléctrica de España,http://www.ree.es/en/statistical-data-of-spanish-electrical-system/annual-report/preliminary-report-spanish-electricity-system-2015,GEODB,1032462,,,,3131.406,2319.937,2476.67,,,JRC-PPDB-OPEN,,,,,2541.79,NO-ESTIMATION,NO-ESTIMATION,NO-ESTIMATION,NO-ESTIMATION,CAPACITY-FACTOR-V1
ESP,Spain,MELILLA 13,WRI1006672,46.900000000000006,35.2900,-2.9400,Oil,,,,2008.0,ENDESA GENERACION S.A.,Red Eléctrica de España,http://www.ree.es/en/statistical-data-of-spanish-electrical-system/annual-report/preliminary-report-spanish-electricity-system-2015,CARMA,1015717,,,,,,,,,,,,,,97.71,NO-ESTIMATION,NO-ESTIMATION,NO-ESTIMATION,NO-ESTIMATION,CAPACITY-FACTOR-V1
ESP,Spain,MENUZA,WRI1006675,27.716,41.3217,-0.3508,Hydro,,,,,ELECTRO METALURGICA DEL EBRO  S.L.,Red Eléctrica de España,http://www.ree.es/en/statistical-data-of-spanish-electrical-system/annual-report/preliminary-report-spanish-electricity-system-2015,CARMA,1029092,,,,,,,,,,88.28,88.44,60.80,88.40,51.17,HYDRO-V1,HYDRO-V1,HYDRO-V1,HYDRO-V1,HYDRO-V1
ESP,Spain,MEQUINENZA 1,WRI1006676,322.36,41.3687,0.2765,Hydro,,,,1964.0,ENDESA GENERACION S.A.,Red Eléctrica de España,http://www.ree.es/en/statistical-data-of-spanish-electrical-system/annual-report/preliminary-report-spanish-electricity-system-2015,WRI,1015792,,,,,,,,,,933.16,893.00,426.01,892.18,424.39,HYDRO-V1,HYDRO-V1,HYDRO-V1,HYDRO-V1,HYDRO-V1
ESP,Spain,MICHELIN ARANDA,WRI1006677,31.866,41.6704,-3.6892,Gas,,,,2003.0,ENERGYWORKS ARANDA  S.L.,Red Eléctrica de España,http://www.ree.es/en/statistical-data-of-spanish-electrical-system/annual-report/preliminary-report-spanish-electricity-system-2015,CARMA,1053157,,,,,,,,,,,,,,75.53,NO-ESTIMATION,NO-ESTIMATION,NO-ESTIMATION,NO-ESTIMATION,CAPACITY-FACTOR-V1
ESP,Spain,MICHELIN VALLADOLID $$,WRI1006678,46.0,41.6552,-4.7237,Gas,,,,,ENERGYWORKS VIT-VALL  S.L.,Red Eléctrica de España,http://www.ree.es/en/statistical-data-of-spanish-electrical-system/annual-report/preliminary-report-spanish-electricity-system-2015,CARMA,1049219,,,,,,,,,,,,,,109.03,NO-ESTIMATION,NO-ESTIMATION,NO-ESTIMATION,NO-ESTIMATION,CAPACITY-FACTOR-V1
ESP,Spain,MONTAMARA 1,WRI1006685,92.42,42.5758,1.1423,Hydro,,,,1974.0,ENDESA GENERACION S.A.,Red Eléctrica de España,http://www.ree.es/en/statistical-data-of-spanish-electrical-system/annual-report/preliminary-report-spanish-electricity-system-2015,WRI,1017214,,,,,,,,,,312.08,312.08,148.37,281.19,109.47,HYDRO-V1,HYDRO-V1,HYDRO-V1,HYDRO-V1,HYDRO-V1
ESP,Spain,MONTEFURADO 3,WRI1006689,44.29,42.4768,-7.2746,Hydro,,,,1957.0,IBERDROLA GENERACION  S.A.,Red Eléctrica de España,http://www.ree.es/en/statistical-data-of-spanish-electrical-system/annual-report/preliminary-report-spanish-electricity-system-2015,CARMA,1019198,,,,,,,,,,141.40,141.40,93.04,142.70,73.22,HYDRO-V1,HYDRO-V1,HYDRO-V1,HYDRO-V1,HYDRO-V1
ESP,Spain,MONTEJO DE BRICIA,WRI1006690,13.6,40.6325,-5.6229,Wind,,,,2006.0,BOREAS EOLICA 2  S.A.,Red Eléctrica de España,http://www.ree.es/en/statistical-data-of-spanish-electrical-system/annual-report/preliminary-report-spanish-electricity-system-2015,CARMA,1063569,,,,,,,,,,30.38,31.86,36.17,33.61,41.86,WIND-V1,WIND-V1,WIND-V1,WIND-V1,WIND-V1
ESP,Spain,MONTIJA,WRI1006691,30.8,38.9503,-0.6520,Wind,,,,2004.0,GAS NATURAL FENOSA RENOVABLES  S.L.,Red Eléctrica de España,http://www.ree.es/en/statistical-data-of-spanish-electrical-system/annual-report/preliminary-report-spanish-electricity-system-2015,CARMA,1063567,,,,,,,,,,76.63,77.31,89.63,81.28,72.25,WIND-V1,WIND-V1,WIND-V1,WIND-V1,WIND-V1
ESP,Spain,MORALETS 1,WRI1006693,219.14000000000001,42.5787,0.7587,Hydro,,,,1985.0,ENDESA GENERACION S.A.,Red Eléctrica de España,http://www.ree.es/en/statistical-data-of-spanish-electrical-system/annual-report/preliminary-report-spanish-electricity-system-2015,WRI,1015793,,,,,,,,,,637.76,637.76,360.39,639.51,329.14,HYDRO-V1,HYDRO-V1,HYDRO-V1,HYDRO-V1,HYDRO-V1
ESP,Spain,MUDEFER,WRI1006695,57.6,41.0333,0.2500,Wind,,,,2010.0,PARC EOLIC MUDEFER  SL,Red Eléctrica de España,http://www.ree.es/en/statistical-data-of-spanish-electrical-system/annual-report/preliminary-report-spanish-electricity-system-2015,CARMA,1071226,,,,,,,,,,220.51,167.05,145.12,139.08,131.08,WIND-V1,WIND-V1,WIND-V1,WIND-V1,WIND-V1
ESP,Spain,MUELA DE MORATALLA,WRI1006697,49.5,38.9667,-1.2167,Wind,,,,,IBERDROLA DIVERSIFICACION  S.A.,Red Eléctrica de España,http://www.ree.es/en/statistical-data-of-spanish-electrical-system/annual-report/preliminary-report-spanish-electricity-system-2015,CARMA,,,,,,,,,,,,,,,105.27,NO-ESTIMATION,NO-ESTIMATION,NO-ESTIMATION,NO-ESTIMATION,CAPACITY-FACTOR-V1
ESP,Spain,Madridejos,WKS0060181,8.8,39.4920,-3.5350,Solar,,,,,,Wiki-Solar,https://www.wiki-solar.org,Wiki-Solar,,,,,,,,,,,15.49,16.32,17.20,15.68,17.19,SOLAR-V1-NO-AGE,SOLAR-V1-NO-AGE,SOLAR-V1-NO-AGE,SOLAR-V1-NO-AGE,SOLAR-V1-NO-AGE
ESP,Spain,Magacela,WKS0060123,10.9,38.9130,-5.7048,Solar,,,,,,Wiki-Solar,https://www.wiki-solar.org,Wiki-Solar,,,,,,,,,,,23.54,22.52,23.15,22.71,23.28,SOLAR-V1-NO-AGE,SOLAR-V1-NO-AGE,SOLAR-V1-NO-AGE,SOLAR-V1-NO-AGE,SOLAR-V1-NO-AGE
ESP,Spain,Magec de Abona,WKS0060264,6.3,28.1408,-16.4622,Solar,,,,,,Wiki-Solar,https://www.wiki-solar.org,Wiki-Solar,,,,,,,,,,,14.55,14.65,14.60,14.72,14.55,SOLAR-V1-NO-AGE,SOLAR-V1-NO-AGE,SOLAR-V1-NO-AGE,SOLAR-V1-NO-AGE,SOLAR-V1-NO-AGE
ESP,Spain,Mahora,WKS0060073,15.0,39.2101,-1.7500,Solar,,,,,,Wiki-Solar,https://www.wiki-solar.org,Wiki-Solar,,,,,,,,,,,31.65,32.32,31.81,31.80,32.47,SOLAR-V1-NO-AGE,SOLAR-V1-NO-AGE,SOLAR-V1-NO-AGE,SOLAR-V1-NO-AGE,SOLAR-V1-NO-AGE
ESP,Spain,Malagón,WKS0060197,8.0,39.2610,-4.0870,Solar,,,,,,Wiki-Solar,https://www.wiki-solar.org,Wiki-Solar,,,,,,,,,,,16.05,15.91,16.09,15.77,15.74,SOLAR-V1-NO-AGE,SOLAR-V1-NO-AGE,SOLAR-V1-NO-AGE,SOLAR-V1-NO-AGE,SOLAR-V1-NO-AGE
ESP,Spain,Malpartida de Cáceres,WKS0073057,10.0,39.4670,-6.5100,Solar,,,,,,Wiki-Solar,https://www.wiki-solar.org,Wiki-Solar,,,,,,,,,,,19.50,18.34,19.25,18.59,18.86,SOLAR-V1-NO-AGE,SOLAR-V1-NO-AGE,SOLAR-V1-NO-AGE,SOLAR-V1-NO-AGE,SOLAR-V1-NO-AGE
ESP,Spain,Manchasol-2,WKS0071032,50.0,39.1810,-3.3140,Solar,,,,,,Wiki-Solar,https://www.wiki-solar.org,Wiki-Solar,,,,,,,,,,,100.91,103.33,105.90,103.65,107.05,SOLAR-V1-NO-AGE,SOLAR-V1-NO-AGE,SOLAR-V1-NO-AGE,SOLAR-V1-NO-AGE,SOLAR-V1-NO-AGE
ESP,Spain,Manzanares,WKS0060285,6.0,39.0041,-3.4111,Solar,,,,,,Wiki-Solar,https://www.wiki-solar.org,Wiki-Solar,,,,,,,,,,,11.92,11.88,12.23,11.90,12.23,SOLAR-V1-NO-AGE,SOLAR-V1-NO-AGE,SOLAR-V1-NO-AGE,SOLAR-V1-NO-AGE,SOLAR-V1-NO-AGE
ESP,Spain,Mazarrón,WKS0060256,6.3,37.6420,-1.3480,Solar,,,,,,Wiki-Solar,https://www.wiki-solar.org,Wiki-Solar,,,,,,,,,,,13.66,13.60,12.52,12.51,13.18,SOLAR-V1-NO-AGE,SOLAR-V1-NO-AGE,SOLAR-V1-NO-AGE,SOLAR-V1-NO-AGE,SOLAR-V1-NO-AGE
ESP,Spain,Mazarrón Conergy,WKS0061095,5.2,37.6260,-1.3610,Solar,,,,,,Wiki-Solar,https://www.wiki-solar.org,Wiki-Solar,,,,,,,,,,,11.10,11.12,10.30,10.20,10.72,SOLAR-V1-NO-AGE,SOLAR-V1-NO-AGE,SOLAR-V1-NO-AGE,SOLAR-V1-NO-AGE,SOLAR-V1-NO-AGE
ESP,Spain,Medina,WKS0065692,7.1,41.3432,-4.9200,Solar,,,,,,Wiki-Solar,https://www.wiki-solar.org,Wiki-Solar,,,,,,,,,,,11.95,11.95,11.84,11.80,12.56,SOLAR-V1-NO-AGE,SOLAR-V1-NO-AGE,SOLAR-V1-NO-AGE,SOLAR-V1-NO-AGE,SOLAR-V1-NO-AGE
ESP,Spain,Mendavia,WKS0065990,4.0,42.4684,-2.2781,Solar,,,,,,Wiki-Solar,https://www.wiki-solar.org,Wiki-Solar,,,,,,,,,,,6.04,6.07,6.28,6.35,6.16,SOLAR-V1-NO-AGE,SOLAR-V1-NO-AGE,SOLAR-V1-NO-AGE,SOLAR-V1-NO-AGE,SOLAR-V1-NO-AGE
ESP,Spain,Moclinejo,WKS0060232,7.0,36.7848,-4.2672,Solar,,,,,,Wiki-Solar,https://www.wiki-solar.org,Wiki-Solar,,,,,,,,,,,15.57,16.23,15.26,15.76,16.65,SOLAR-V1-NO-AGE,SOLAR-V1-NO-AGE,SOLAR-V1-NO-AGE,SOLAR-V1-NO-AGE,SOLAR-V1-NO-AGE
ESP,Spain,Monte Alto,WKS0060169,9.5,42.2600,-1.7750,Solar,,,,,,Wiki-Solar,https://www.wiki-solar.org,Wiki-Solar,,,,,,,,,,,15.28,15.98,15.66,15.73,15.61,SOLAR-V1-NO-AGE,SOLAR-V1-NO-AGE,SOLAR-V1-NO-AGE,SOLAR-V1-NO-AGE,SOLAR-V1-NO-AGE
ESP,Spain,Moraleja,WKS0060371,4.8,40.0620,-6.6750,Solar,,,,,,Wiki-Solar,https://www.wiki-solar.org,Wiki-Solar,,,,,,,,,,,10.40,9.67,10.56,9.63,10.34,SOLAR-V1-NO-AGE,SOLAR-V1-NO-AGE,SOLAR-V1-NO-AGE,SOLAR-V1-NO-AGE,SOLAR-V1-NO-AGE
ESP,Spain,Moratalla,WKS0060119,10.0,38.3010,-1.7630,Solar,,,,,,Wiki-Solar,https://www.wiki-solar.org,Wiki-Solar,,,,,,,,,,,19.63,18.42,19.19,19.02,19.64,SOLAR-V1-NO-AGE,SOLAR-V1-NO-AGE,SOLAR-V1-NO-AGE,SOLAR-V1-NO-AGE,SOLAR-V1-NO-AGE
ESP,Spain,Morita,WKS0060183,8.7,37.4542,-4.6968,Solar,,,,,,Wiki-Solar,https://www.wiki-solar.org,Wiki-Solar,,,,,,,,,,,16.57,16.32,16.35,16.90,17.94,SOLAR-V1-NO-AGE,SOLAR-V1-NO-AGE,SOLAR-V1-NO-AGE,SOLAR-V1-NO-AGE,SOLAR-V1-NO-AGE
ESP,Spain,Morón,WKS0071086,50.0,37.1600,-5.5500,Solar,,,,,,Wiki-Solar,https://www.wiki-solar.org,Wiki-Solar,,,,,,,,,,,117.74,117.71,113.64,118.39,118.31,SOLAR-V1-NO-AGE,SOLAR-V1-NO-AGE,SOLAR-V1-NO-AGE,SOLAR-V1-NO-AGE,SOLAR-V1-NO-AGE
ESP,Spain,NARCEA GRUPO 3,WRI1006702,553.6400000000001,43.2924,-6.3937,Coal,,,,1984.0,GAS NATURAL FENOSA GENERACION  S.L.U.,Red Eléctrica de España,http://www.ree.es/en/statistical-data-of-spanish-electrical-system/annual-report/preliminary-report-spanish-electricity-system-2015,GEODB,1032469,,,,1694.352,1285.066,1155.655,,,JRC-PPDB-OPEN,,,,,2525.55,NO-ESTIMATION,NO-ESTIMATION,NO-ESTIMATION,NO-ESTIMATION,CAPACITY-FACTOR-V1
ESP,Spain,NEUMATICOS MICHELIN-VITORIA,WRI1006705,47.0,42.8500,-2.6667,Gas,,,,,ENERGYWORKS VIT-VALL  S.L.,Red Eléctrica de España,http://www.ree.es/en/statistical-data-of-spanish-electrical-system/annual-report/preliminary-report-spanish-electricity-system-2015,CARMA,1022576,,,,,,,,,,,,,,111.40,NO-ESTIMATION,NO-ESTIMATION,NO-ESTIMATION,NO-ESTIMATION,CAPACITY-FACTOR-V1
ESP,Spain,NUFRI,WRI1006706,10.0,41.6333,0.9000,Gas,,,,2005.0,SAT NUM.1596 NUFRI,Red Eléctrica de España,http://www.ree.es/en/statistical-data-of-spanish-electrical-system/annual-report/preliminary-report-spanish-electricity-system-2015,CARMA,1053783,,,,,,,,,,,,,,23.70,NO-ESTIMATION,NO-ESTIMATION,NO-ESTIMATION,NO-ESTIMATION,CAPACITY-FACTOR-V1
ESP,Spain,OLEXTRA,WRI1006712,16.647,42.0690,1.3135,Waste,,,,,OLEXTRA  S.A.,Red Eléctrica de España,http://www.ree.es/en/statistical-data-of-spanish-electrical-system/annual-report/preliminary-report-spanish-electricity-system-2015,CARMA,1083569,,,,,,,,,,,,,,5.79,NO-ESTIMATION,NO-ESTIMATION,NO-ESTIMATION,NO-ESTIMATION,CAPACITY-FACTOR-V1
ESP,Spain,OLIANA 3,WRI1006711,37.62,41.9397,1.1954,Hydro,,,,1965.0,ENDESA GENERACION S.A.,Red Eléctrica de España,http://www.ree.es/en/statistical-data-of-spanish-electrical-system/annual-report/preliminary-report-spanish-electricity-system-2015,WRI,1017247,,,,,,,,,,126.48,126.48,76.03,112.51,66.37,HYDRO-V1,HYDRO-V1,HYDRO-V1,HYDRO-V1,HYDRO-V1
ESP,Spain,Olivenza,WKS0060061,18.0,38.7217,-7.1375,Solar,,,,,,Wiki-Solar,https://www.wiki-solar.org,Wiki-Solar,,,,,,,,,,,38.58,38.86,39.67,38.99,39.87,SOLAR-V1-NO-AGE,SOLAR-V1-NO-AGE,SOLAR-V1-NO-AGE,SOLAR-V1-NO-AGE,SOLAR-V1-NO-AGE
ESP,Spain,Olmeda de la Cuesta,WKS0060216,7.6,40.3190,-2.4750,Solar,,,,,,Wiki-Solar,https://www.wiki-solar.org,Wiki-Solar,,,,,,,,,,,14.48,15.10,15.49,15.03,15.41,SOLAR-V1-NO-AGE,SOLAR-V1-NO-AGE,SOLAR-V1-NO-AGE,SOLAR-V1-NO-AGE,SOLAR-V1-NO-AGE
ESP,Spain,Olmedilla,WKS0060007,60.0,39.6190,-2.0860,Solar,,,,,,Wiki-Solar,https://www.wiki-solar.org,Wiki-Solar,,,,,,,,,,,124.40,124.60,125.15,124.39,128.78,SOLAR-V1-NO-AGE,SOLAR-V1-NO-AGE,SOLAR-V1-NO-AGE,SOLAR-V1-NO-AGE,SOLAR-V1-NO-AGE
ESP,Spain,Olmedilla de Alarcón,WKS0060107,10.0,39.6393,-2.0965,Solar,,,,,,Wiki-Solar,https://www.wiki-solar.org,Wiki-Solar,,,,,,,,,,,19.26,19.32,19.36,19.33,19.60,SOLAR-V1-NO-AGE,SOLAR-V1-NO-AGE,SOLAR-V1-NO-AGE,SOLAR-V1-NO-AGE,SOLAR-V1-NO-AGE
ESP,Spain,Olmedilla de Alarcón 6MW,WKS0060288,6.0,39.6034,-2.0829,Solar,,,,,,Wiki-Solar,https://www.wiki-solar.org,Wiki-Solar,,,,,,,,,,,11.94,11.92,11.97,11.94,12.18,SOLAR-V1-NO-AGE,SOLAR-V1-NO-AGE,SOLAR-V1-NO-AGE,SOLAR-V1-NO-AGE,SOLAR-V1-NO-AGE
ESP,Spain,P. E.  ALAIZ Y AMPLIACION,WRI1006720,26.4,42.7370,-1.6331,Wind,,,,1998.0,ACCIONA ENERGIA  S.A.,Red Eléctrica de España,http://www.ree.es/en/statistical-data-of-spanish-electrical-system/annual-report/preliminary-report-spanish-electricity-system-2015,CARMA,1049578,,,,,,,,,,54.97,56.83,54.74,53.05,54.48,WIND-V1,WIND-V1,WIND-V1,WIND-V1,WIND-V1
ESP,Spain,P. E.  CARRASQUILLO,WRI1006724,49.3,42.1933,-4.2939,Wind,,,,,IBERENOVA PROMOCIONES  S.A.,Red Eléctrica de España,http://www.ree.es/en/statistical-data-of-spanish-electrical-system/annual-report/preliminary-report-spanish-electricity-system-2015,CARMA,1056707,,,,,,,,,,,,,,104.84,NO-ESTIMATION,NO-ESTIMATION,NO-ESTIMATION,NO-ESTIMATION,CAPACITY-FACTOR-V1
ESP,Spain,P. E.  ESCURRILLO,WRI1006725,49.5,42.2142,-2.1649,Wind,,,,,DESARROLLO ENERGIAS RENOVABLES LA RIOJA,Red Eléctrica de España,http://www.ree.es/en/statistical-data-of-spanish-electrical-system/annual-report/preliminary-report-spanish-electricity-system-2015,CARMA,1053856,,,,,,,,,,,,,,105.27,NO-ESTIMATION,NO-ESTIMATION,NO-ESTIMATION,NO-ESTIMATION,CAPACITY-FACTOR-V1
ESP,Spain,P. E.  LA CARRACHA,WRI1006730,49.5,41.5801,-1.1172,Wind,,,,,PARQUE EOLICO  LA CARRACHA  S.L.,Red Eléctrica de España,http://www.ree.es/en/statistical-data-of-spanish-electrical-system/annual-report/preliminary-report-spanish-electricity-system-2015,CARMA,1053800,,,,,,,,,,,,,,105.27,NO-ESTIMATION,NO-ESTIMATION,NO-ESTIMATION,NO-ESTIMATION,CAPACITY-FACTOR-V1
ESP,Spain,P. E.  LA GAMONEDA (AMPLIADA CON RE-1814),WRI1006731,19.8,42.0357,-6.9054,Wind,,,,,EOLICA DE SANABRIA  S.L.,Red Eléctrica de España,http://www.ree.es/en/statistical-data-of-spanish-electrical-system/annual-report/preliminary-report-spanish-electricity-system-2015,CARMA,1079634,,,,,,,,,,,,,,42.10,NO-ESTIMATION,NO-ESTIMATION,NO-ESTIMATION,NO-ESTIMATION,CAPACITY-FACTOR-V1
ESP,Spain,P. E.  LAS LOMILLAS,WRI1006732,49.5,39.5000,-2.1667,Wind,,,,2005.0,TEBAR EOLICA  S.A.,Red Eléctrica de España,http://www.ree.es/en/statistical-data-of-spanish-electrical-system/annual-report/preliminary-report-spanish-electricity-system-2015,CARMA,1062163,,,,,,,,,,123.28,129.53,121.10,136.64,132.47,WIND-V1,WIND-V1,WIND-V1,WIND-V1,WIND-V1
ESP,Spain,P. E.  MANZANAL,WRI1006733,33.75,42.0286,-2.2310,Wind,,,,,ENERGIAS ESPECIALES DEL BIERZO  S.A.,Red Eléctrica de España,http://www.ree.es/en/statistical-data-of-spanish-electrical-system/annual-report/preliminary-report-spanish-electricity-system-2015,CARMA,1056716,,,,,,,,,,,,,,71.77,NO-ESTIMATION,NO-ESTIMATION,NO-ESTIMATION,NO-ESTIMATION,CAPACITY-FACTOR-V1
ESP,Spain,P. E.  MONTE SEIXO-CANDO,WRI1006734,34.98,42.4000,-8.4333,Wind,,,,,OLIVENTO  S.L.S.U.,Red Eléctrica de España,http://www.ree.es/en/statistical-data-of-spanish-electrical-system/annual-report/preliminary-report-spanish-electricity-system-2015,CARMA,1049565,,,,,,,,,,,,,,74.39,NO-ESTIMATION,NO-ESTIMATION,NO-ESTIMATION,NO-ESTIMATION,CAPACITY-FACTOR-V1
ESP,Spain,P. E.  NEREA,WRI1006735,39.75,43.6604,-8.0572,Wind,,,,2004.0,PARQUE EOLICO NEREA  S.L.,Red Eléctrica de España,http://www.ree.es/en/statistical-data-of-spanish-electrical-system/annual-report/preliminary-report-spanish-electricity-system-2015,CARMA,1071372,,,,,,,,,,96.24,94.16,84.98,83.19,85.97,WIND-V1,WIND-V1,WIND-V1,WIND-V1,WIND-V1
ESP,Spain,P. E.  OS CORVOS Y  COUCEPENIDO,WRI1023526,33.0,43.6907,-7.9580,Wind,,,,1999.0,PARQUE EOLICO SAN ANDRES  S.A.,Red Eléctrica de España,http://www.ree.es/en/statistical-data-of-spanish-electrical-system/annual-report/preliminary-report-spanish-electricity-system-2015,WRI,1049555|1049556,,,,,,,,,,60.11,58.91,58.25,70.44,70.24,WIND-V1,WIND-V1,WIND-V1,WIND-V1,WIND-V1
ESP,Spain,P. E.  PAXAREIRAS- MONTEVOS (PAXAREIRAS I Y II A),WRI1006737,39.6,42.8233,-9.0891,Wind,,,,,EOS PAX II A  S.L.,Red Eléctrica de España,http://www.ree.es/en/statistical-data-of-spanish-electrical-system/annual-report/preliminary-report-spanish-electricity-system-2015,CARMA,1016768,,,,,,,,,,,,,,84.21,NO-ESTIMATION,NO-ESTIMATION,NO-ESTIMATION,NO-ESTIMATION,CAPACITY-FACTOR-V1
ESP,Spain,P. E.  PLANAS DE POLA,WRI1006738,35.64,41.9180,-1.2534,Wind,,,,,COMPANIA EOLICA ARAGONESA  S.A.,Red Eléctrica de España,http://www.ree.es/en/statistical-data-of-spanish-electrical-system/annual-report/preliminary-report-spanish-electricity-system-2015,CARMA,1073612,,,,,,,,,,,,,,75.79,NO-ESTIMATION,NO-ESTIMATION,NO-ESTIMATION,NO-ESTIMATION,CAPACITY-FACTOR-V1
ESP,Spain,P. E. AMPLIACION A LA GAMONEDA (AMPL. RE-2623),WRI1006747,29.75,42.0357,-6.9054,Wind,,,,,EOLICA DE SANABRIA  S.L.,Red Eléctrica de España,http://www.ree.es/en/statistical-data-of-spanish-electrical-system/annual-report/preliminary-report-spanish-electricity-system-2015,CARMA,1079634,,,,,,,,,,,,,,63.26,NO-ESTIMATION,NO-ESTIMATION,NO-ESTIMATION,NO-ESTIMATION,CAPACITY-FACTOR-V1
ESP,Spain,P. E. AMPLIACION PUERTO DE MALAGA,WRI1006748,12.85,37.5251,-7.4925,Wind,,,,2008.0,SIERRA DE BANOS  S.L.,Red Eléctrica de España,http://www.ree.es/en/statistical-data-of-spanish-electrical-system/annual-report/preliminary-report-spanish-electricity-system-2015,CARMA,,,,,,,,,,,36.87,32.67,28.40,30.86,32.47,WIND-V1,WIND-V1,WIND-V1,WIND-V1,WIND-V1
ESP,Spain,P. E. AMPLIACION SERRA DA LOBA (PENA REVOLTA),WRI1006749,10.0,43.3333,-8.0167,Wind,,,,2008.0,PARQUES EOLICOS GESTINVER  SL,Red Eléctrica de España,http://www.ree.es/en/statistical-data-of-spanish-electrical-system/annual-report/preliminary-report-spanish-electricity-system-2015,CARMA,1078157,,,,,,,,,,26.45,24.67,23.13,19.40,20.96,WIND-V1,WIND-V1,WIND-V1,WIND-V1,WIND-V1
ESP,Spain,P. E. BOQUERON UNIFICADO,WRI1006753,49.5,41.8341,-1.5327,Wind,,,,,COMPANIA EOLICA ARAGONESA  S.A.,Red Eléctrica de España,http://www.ree.es/en/statistical-data-of-spanish-electrical-system/annual-report/preliminary-report-spanish-electricity-system-2015,CARMA,,,,,,,,,,,,,,,105.27,NO-ESTIMATION,NO-ESTIMATION,NO-ESTIMATION,NO-ESTIMATION,CAPACITY-FACTOR-V1
ESP,Spain,P. E. CALLEJAS,WRI1006755,49.5,39.6000,-1.8000,Wind,,,,,IBERDROLA E.RENOV. CASTILLA LA MANCHA,Red Eléctrica de España,http://www.ree.es/en/statistical-data-of-spanish-electrical-system/annual-report/preliminary-report-spanish-electricity-system-2015,CARMA,1062017,,,,,,,,,,,,,,105.27,NO-ESTIMATION,NO-ESTIMATION,NO-ESTIMATION,NO-ESTIMATION,CAPACITY-FACTOR-V1
ESP,Spain,P. E. CAMPALBO,WRI1006756,49.3,39.9000,-1.2667,Wind,,,,,IBERDROLA E.RENOV. CASTILLA LA MANCHA,Red Eléctrica de España,http://www.ree.es/en/statistical-data-of-spanish-electrical-system/annual-report/preliminary-report-spanish-electricity-system-2015,CARMA,1053814,,,,,,,,,,,,,,104.84,NO-ESTIMATION,NO-ESTIMATION,NO-ESTIMATION,NO-ESTIMATION,CAPACITY-FACTOR-V1
ESP,Spain,P. E. CARCELEN,WRI1006759,49.6,38.9505,-2.5405,Wind,,,,2004.0,ELECDEY CARCELEN  S.L.,Red Eléctrica de España,http://www.ree.es/en/statistical-data-of-spanish-electrical-system/annual-report/preliminary-report-spanish-electricity-system-2015,CARMA,1056698,,,,,,,,,,130.96,128.48,128.46,130.47,119.42,WIND-V1,WIND-V1,WIND-V1,WIND-V1,WIND-V1
ESP,Spain,P. E. CASTILFRIO,WRI1023527,24.75,41.9461,-2.2822,Wind,,,,2003.0,CIA. EOLICA TIERRAS ALTAS  S.A. (CETASA),Red Eléctrica de España,http://www.ree.es/en/statistical-data-of-spanish-electrical-system/annual-report/preliminary-report-spanish-electricity-system-2015,WRI,1056714,,,,,,,,,,60.47,56.58,51.56,56.15,52.26,WIND-V1,WIND-V1,WIND-V1,WIND-V1,WIND-V1
ESP,Spain,P. E. CERRO DE LA PUNTA,WRI1006763,24.42,39.8667,-1.2167,Wind,,,,,IBERDROLA E.RENOV. CASTILLA LA MANCHA,Red Eléctrica de España,http://www.ree.es/en/statistical-data-of-spanish-electrical-system/annual-report/preliminary-report-spanish-electricity-system-2015,CARMA,1047575,,,,,,,,,,,,,,51.93,NO-ESTIMATION,NO-ESTIMATION,NO-ESTIMATION,NO-ESTIMATION,CAPACITY-FACTOR-V1
ESP,Spain,P. E. CERRO DEL PALO,WRI1006764,49.5,39.5000,-2.1667,Wind,,,,,IBERDROLA E.RENOV. CASTILLA LA MANCHA,Red Eléctrica de España,http://www.ree.es/en/statistical-data-of-spanish-electrical-system/annual-report/preliminary-report-spanish-electricity-system-2015,CARMA,1058895,,,,,,,,,,,,,,105.27,NO-ESTIMATION,NO-ESTIMATION,NO-ESTIMATION,NO-ESTIMATION,CAPACITY-FACTOR-V1
ESP,Spain,P. E. CERRO VICENTE,WRI1006766,68.85,38.9209,-1.7202,Wind,,,,,IBERDROLA E.RENOV. CASTILLA LA MANCHA,Red Eléctrica de España,http://www.ree.es/en/statistical-data-of-spanish-electrical-system/annual-report/preliminary-report-spanish-electricity-system-2015,CARMA,1055627,,,,,,,,,,,,,,146.42,NO-ESTIMATION,NO-ESTIMATION,NO-ESTIMATION,NO-ESTIMATION,CAPACITY-FACTOR-V1
ESP,Spain,P. E. CINSEIRO,WRI1006769,12.0,42.0357,-6.9054,Wind,,,,2003.0,PARQUE EOLICO CINSEIRO  S.L.,Red Eléctrica de España,http://www.ree.es/en/statistical-data-of-spanish-electrical-system/annual-report/preliminary-report-spanish-electricity-system-2015,CARMA,1079633,,,,,,,,,,30.05,36.75,34.87,29.87,25.37,WIND-V1,WIND-V1,WIND-V1,WIND-V1,WIND-V1
ESP,Spain,P. E. CLARES,WRI1006770,32.0,41.0337,-2.1434,Wind,,,,,IBERDROLA E.REN.CASTILLA LA MANCHA  SA,Red Eléctrica de España,http://www.ree.es/en/statistical-data-of-spanish-electrical-system/annual-report/preliminary-report-spanish-electricity-system-2015,CARMA,1064927,,,,,,,,,,,,,,68.05,NO-ESTIMATION,NO-ESTIMATION,NO-ESTIMATION,NO-ESTIMATION,CAPACITY-FACTOR-V1
ESP,Spain,P. E. CORTIJO DE GUERRA I,WRI1006772,40.8,36.6865,-6.1361,Wind,,,,2007.0,PARQUE EOLICO PUERTO REAL I  S.L.U.,Red Eléctrica de España,http://www.ree.es/en/statistical-data-of-spanish-electrical-system/annual-report/preliminary-report-spanish-electricity-system-2015,CARMA,1073049,,,,,,,,,,113.23,103.48,102.96,107.81,104.63,WIND-V1,WIND-V1,WIND-V1,WIND-V1,WIND-V1
ESP,Spain,P. E. CUESTA COLORADA,WRI1006774,49.5,39.4085,-2.2017,Wind,,,,,IBERDROLA E.RENOV. CASTILLA LA MANCHA,Red Eléctrica de España,http://www.ree.es/en/statistical-data-of-spanish-electrical-system/annual-report/preliminary-report-spanish-electricity-system-2015,CARMA,,,,,,,,,,,,,,,105.27,NO-ESTIMATION,NO-ESTIMATION,NO-ESTIMATION,NO-ESTIMATION,CAPACITY-FACTOR-V1
ESP,Spain,P. E. CUESTA MANERA,WRI1006775,49.5,41.9161,-4.7803,Wind,,,,2007.0,ENERGIAS  RENOVABLES DEL DUERO  S.L.,Red Eléctrica de España,http://www.ree.es/en/statistical-data-of-spanish-electrical-system/annual-report/preliminary-report-spanish-electricity-system-2015,CARMA,1082123,,,,,,,,,,133.20,123.67,105.59,123.33,108.65,WIND-V1,WIND-V1,WIND-V1,WIND-V1,WIND-V1
ESP,Spain,P. E. DE HIGUERUELA,WRI1006778,37.6,39.8667,-1.2167,Wind,,,,,IBERDROLA E.RENOV. CASTILLA LA MANCHA,Red Eléctrica de España,http://www.ree.es/en/statistical-data-of-spanish-electrical-system/annual-report/preliminary-report-spanish-electricity-system-2015,CARMA,1047572,,,,,,,,,,,,,,79.96,NO-ESTIMATION,NO-ESTIMATION,NO-ESTIMATION,NO-ESTIMATION,CAPACITY-FACTOR-V1
ESP,Spain,P. E. DE MALPICA,WRI1006779,16.575,43.3228,-8.8105,Wind,,,,,P. E. DE MALPICA SA(PEMALSA,Red Eléctrica de España,http://www.ree.es/en/statistical-data-of-spanish-electrical-system/annual-report/preliminary-report-spanish-electricity-system-2015,CARMA,,,,,,,,,,,,,,,35.25,NO-ESTIMATION,NO-ESTIMATION,NO-ESTIMATION,NO-ESTIMATION,CAPACITY-FACTOR-V1
ESP,Spain,P. E. DE MONTOUTO,WRI1006780,20.46,43.3000,-7.6833,Wind,,,,2001.0,NORVENTO MONTOUTO  S.L.,Red Eléctrica de España,http://www.ree.es/en/statistical-data-of-spanish-electrical-system/annual-report/preliminary-report-spanish-electricity-system-2015,CARMA,1051935,,,,,,,,,,47.08,46.84,37.91,38.48,38.38,WIND-V1,WIND-V1,WIND-V1,WIND-V1,WIND-V1
ESP,Spain,P. E. DE PAXAREIRAS II B (ADRANO),WRI1006781,21.6,42.8233,-9.0891,Wind,,,,2001.0,PARQUE EOLICO DE ADRANO  S.L.,Red Eléctrica de España,http://www.ree.es/en/statistical-data-of-spanish-electrical-system/annual-report/preliminary-report-spanish-electricity-system-2015,CARMA,1016768,,,,,,,,,,62.12,56.15,53.29,41.38,46.73,WIND-V1,WIND-V1,WIND-V1,WIND-V1,WIND-V1
ESP,Spain,P. E. EL CAYO,WRI1006788,24.75,41.9920,-2.3283,Wind,,,,2005.0,CIA. EOLICA TIERRAS ALTAS  S.A. (CETASA),Red Eléctrica de España,http://www.ree.es/en/statistical-data-of-spanish-electrical-system/annual-report/preliminary-report-spanish-electricity-system-2015,WRI,,,,,,,,,,,58.10,61.58,55.85,70.94,67.06,WIND-V1,WIND-V1,WIND-V1,WIND-V1,WIND-V1
ESP,Spain,P. E. EL HIERRO,WRI1006791,38.4,41.6698,-5.9310,Wind,,,,2009.0,P. E. EL HIERRO   S.L.,Red Eléctrica de España,http://www.ree.es/en/statistical-data-of-spanish-electrical-system/annual-report/preliminary-report-spanish-electricity-system-2015,WRI,1110457,,,,,,,,,,103.61,102.07,90.48,83.85,80.16,WIND-V1,WIND-V1,WIND-V1,WIND-V1,WIND-V1
ESP,Spain,P. E. EL PERDON,WRI1006792,20.0,42.7485,-1.7226,Wind,,,,,ACCIONA ENERGIA  S.A.,Red Eléctrica de España,http://www.ree.es/en/statistical-data-of-spanish-electrical-system/annual-report/preliminary-report-spanish-electricity-system-2015,CARMA,1017402,,,,,,,,,,,,,,42.53,NO-ESTIMATION,NO-ESTIMATION,NO-ESTIMATION,NO-ESTIMATION,CAPACITY-FACTOR-V1
ESP,Spain,P. E. EL PILAR,WRI1006794,15.0,41.5801,-1.1172,Wind,,,,,CORPORACION EOLICA DE ZARAGOZA  S.L,Red Eléctrica de España,http://www.ree.es/en/statistical-data-of-spanish-electrical-system/annual-report/preliminary-report-spanish-electricity-system-2015,CARMA,1049609,,,,,,,,,,,,,,31.90,NO-ESTIMATION,NO-ESTIMATION,NO-ESTIMATION,NO-ESTIMATION,CAPACITY-FACTOR-V1
ESP,Spain,P. E. EL REDONDAL (2 FASE 28/3/05),WRI1006797,30.6,42.5794,-6.4684,Wind,,,,2004.0,OLIVENTO  S.L.U,Red Eléctrica de España,http://www.ree.es/en/statistical-data-of-spanish-electrical-system/annual-report/preliminary-report-spanish-electricity-system-2015,CARMA,1062167,,,,,,,,,,76.47,74.25,90.23,87.05,73.26,WIND-V1,WIND-V1,WIND-V1,WIND-V1,WIND-V1
ESP,Spain,P. E. EL SARDON,WRI1006798,25.5,36.7702,-2.9543,Wind,,,,2006.0,OLIVENTO  S.L.,Red Eléctrica de España,http://www.ree.es/en/statistical-data-of-spanish-electrical-system/annual-report/preliminary-report-spanish-electricity-system-2015,CARMA,1062169,,,,,,,,,,57.11,56.45,64.46,59.36,74.42,WIND-V1,WIND-V1,WIND-V1,WIND-V1,WIND-V1
ESP,Spain,P. E. ENTREDICHO,WRI1006800,36.0,41.3424,-0.9599,Wind,,,,2004.0,IBERDROLA E.R. DE ARAGON  S.A.,Red Eléctrica de España,http://www.ree.es/en/statistical-data-of-spanish-electrical-system/annual-report/preliminary-report-spanish-electricity-system-2015,CARMA,1062574,,,,,,,,,,92.08,88.00,81.55,78.93,79.37,WIND-V1,WIND-V1,WIND-V1,WIND-V1,WIND-V1
ESP,Spain,P. E. ESCALON,WRI1006801,30.0,40.1669,-4.4048,Wind,,,,,IBERDROLA E.R. CASTILLA LA MANCHA  SA,Red Eléctrica de España,http://www.ree.es/en/statistical-data-of-spanish-electrical-system/annual-report/preliminary-report-spanish-electricity-system-2015,CARMA,1064928,,,,,,,,,,,,,,63.80,NO-ESTIMATION,NO-ESTIMATION,NO-ESTIMATION,NO-ESTIMATION,CAPACITY-FACTOR-V1
ESP,Spain,P. E. FUENDETODOS II (UNIFICADO),WRI1006802,47.2,41.3424,-0.9599,Wind,,,,2004.0,IBERDROLA E.R. DE ARAGON  S.A.,Red Eléctrica de España,http://www.ree.es/en/statistical-data-of-spanish-electrical-system/annual-report/preliminary-report-spanish-electricity-system-2015,CARMA,1062573,,,,,,,,,,122.55,123.43,112.53,108.36,107.48,WIND-V1,WIND-V1,WIND-V1,WIND-V1,WIND-V1
ESP,Spain,P. E. LA CABANA,WRI1006806,41.65,39.2340,-3.8525,Wind,,,,2004.0,EOLICA CAMPOLLANO  S.A.U.,Red Eléctrica de España,http://www.ree.es/en/statistical-data-of-spanish-electrical-system/annual-report/preliminary-report-spanish-electricity-system-2015,CARMA,1062629,,,,,,,,,,112.48,101.79,125.88,113.36,96.19,WIND-V1,WIND-V1,WIND-V1,WIND-V1,WIND-V1
ESP,Spain,P. E. LA CUERDA,WRI1006808,31.02,38.8346,-1.4603,Wind,,,,2000.0,IBERDROLA E.RENOV. CASTILLA LA MANCHA,Red Eléctrica de España,http://www.ree.es/en/statistical-data-of-spanish-electrical-system/annual-report/preliminary-report-spanish-electricity-system-2015,CARMA,1049155,,,,,,,,,,69.73,67.23,61.26,64.38,60.58,WIND-V1,WIND-V1,WIND-V1,WIND-V1,WIND-V1
ESP,Spain,P. E. LA MUELA NORTE (UNIFICADO),WRI1006810,29.75,41.5801,-1.1172,Wind,,,,,OLIVENTO  S.L.U.(ANT  TIT S.E.OPINEN),Red Eléctrica de España,http://www.ree.es/en/statistical-data-of-spanish-electrical-system/annual-report/preliminary-report-spanish-electricity-system-2015,CARMA,1062165,,,,,,,,,,,,,,63.26,NO-ESTIMATION,NO-ESTIMATION,NO-ESTIMATION,NO-ESTIMATION,CAPACITY-FACTOR-V1
ESP,Spain,P. E. LA MUNECA,WRI1006811,40.5,39.2167,-2.1500,Wind,,,,2007.0,ENERGIAS  RENOVABLES DEL DUERO  S.L.,Red Eléctrica de España,http://www.ree.es/en/statistical-data-of-spanish-electrical-system/annual-report/preliminary-report-spanish-electricity-system-2015,CARMA,1082124,,,,,,,,,,110.68,101.76,90.67,109.98,99.66,WIND-V1,WIND-V1,WIND-V1,WIND-V1,WIND-V1
ESP,Spain,P. E. LA PENUCA,WRI1006813,33.0,41.1748,-6.5194,Wind,,,,2005.0,PARQUE EOLICO  LA PENUCA  S.L.,Red Eléctrica de España,http://www.ree.es/en/statistical-data-of-spanish-electrical-system/annual-report/preliminary-report-spanish-electricity-system-2015,CARMA,1061526,,,,,,,,,,76.69,82.11,68.51,68.24,71.27,WIND-V1,WIND-V1,WIND-V1,WIND-V1,WIND-V1
ESP,Spain,P. E. LA PLATA,WRI1006814,21.25,39.9856,-3.3690,Wind,,,,2004.0,OLIVENTO  S.L.U (ANTES S.E.VILLARRUBIA),Red Eléctrica de España,http://www.ree.es/en/statistical-data-of-spanish-electrical-system/annual-report/preliminary-report-spanish-electricity-system-2015,CARMA,1062168,,,,,,,,,,52.12,52.81,61.66,48.16,48.28,WIND-V1,WIND-V1,WIND-V1,WIND-V1,WIND-V1
ESP,Spain,P. E. LA SERRETA (UNIFICADO CON AMPLIACION),WRI1006815,49.5,41.6336,-1.2744,Wind,,,,,MOLINOS DEL EBRO  S.A.,Red Eléctrica de España,http://www.ree.es/en/statistical-data-of-spanish-electrical-system/annual-report/preliminary-report-spanish-electricity-system-2015,CARMA,1049606,,,,,,,,,,,,,,105.27,NO-ESTIMATION,NO-ESTIMATION,NO-ESTIMATION,NO-ESTIMATION,CAPACITY-FACTOR-V1
ESP,Spain,P. E. LAS CABRILLAS,WRI1006819,28.5,40.5327,-0.2625,Wind,,,,2007.0,ENERGIAS RENOVABLES MEDITERRANEAS  S.A.,Red Eléctrica de España,http://www.ree.es/en/statistical-data-of-spanish-electrical-system/annual-report/preliminary-report-spanish-electricity-system-2015,CARMA,1073790,,,,,,,,,,79.82,67.88,66.67,71.51,69.31,WIND-V1,WIND-V1,WIND-V1,WIND-V1,WIND-V1
ESP,Spain,P. E. LOS ALBUREJOS,WRI1006826,10.0,36.4569,-5.9272,Wind,,,,2007.0,IBERENOVA PROMOCIONES  S.A.,Red Eléctrica de España,http://www.ree.es/en/statistical-data-of-spanish-electrical-system/annual-report/preliminary-report-spanish-electricity-system-2015,CARMA,1064282,,,,,,,,,,24.39,22.68,24.38,24.36,23.85,WIND-V1,WIND-V1,WIND-V1,WIND-V1,WIND-V1
ESP,Spain,P. E. LOS ALMENDROS II,WRI1006827,28.0,38.4792,-1.3250,Wind,,,,2007.0,ENERGIAS RENOVABLES  DE LA REGION DE  MURCIA,Red Eléctrica de España,http://www.ree.es/en/statistical-data-of-spanish-electrical-system/annual-report/preliminary-report-spanish-electricity-system-2015,CARMA,,,,,,,,,,,71.86,60.38,66.60,67.17,65.00,WIND-V1,WIND-V1,WIND-V1,WIND-V1,WIND-V1
ESP,Spain,P. E. LOS CANTALES,WRI1006829,23.54,41.6336,-1.2744,Wind,,,,2007.0,PARQUE EOLICO LOS CANTALES  S.L.,Red Eléctrica de España,http://www.ree.es/en/statistical-data-of-spanish-electrical-system/annual-report/preliminary-report-spanish-electricity-system-2015,CARMA,1074125,,,,,,,,,,62.08,56.75,55.75,59.74,57.93,WIND-V1,WIND-V1,WIND-V1,WIND-V1,WIND-V1
ESP,Spain,P. E. LOS REVENTONES,WRI1006832,34.0,38.4792,-1.3250,Wind,,,,2007.0,ENERGIAS RENOVABLES  DE LA REGION DE  MURCIA,Red Eléctrica de España,http://www.ree.es/en/statistical-data-of-spanish-electrical-system/annual-report/preliminary-report-spanish-electricity-system-2015,CARMA,1070262,,,,,,,,,,87.26,73.31,80.87,81.56,78.93,WIND-V1,WIND-V1,WIND-V1,WIND-V1,WIND-V1
ESP,Spain,P. E. MAGALLON 26,WRI1006834,10.8,41.8325,-1.4598,Wind,,,,,PROYECTOS EOLICOS ARAGONESES  S.L.,Red Eléctrica de España,http://www.ree.es/en/statistical-data-of-spanish-electrical-system/annual-report/preliminary-report-spanish-electricity-system-2015,CARMA,1061525,,,,,,,,,,,,,,22.96,NO-ESTIMATION,NO-ESTIMATION,NO-ESTIMATION,NO-ESTIMATION,CAPACITY-FACTOR-V1
ESP,Spain,P. E. MAGANA,WRI1006835,24.75,41.9009,-2.1627,Wind,,,,2003.0,CIA. EOLICA TIERRAS ALTAS  S.A. (CETASA),Red Eléctrica de España,http://www.ree.es/en/statistical-data-of-spanish-electrical-system/annual-report/preliminary-report-spanish-electricity-system-2015,CARMA,1110367,,,,,,,,,,60.51,56.58,54.81,58.28,54.25,WIND-V1,WIND-V1,WIND-V1,WIND-V1,WIND-V1
ESP,Spain,P. E. MALLEN,WRI1006837,29.8,41.0475,-2.2048,Wind,,,,2006.0,VIESGO RENOVABLES S.L.U,Red Eléctrica de España,http://www.ree.es/en/statistical-data-of-spanish-electrical-system/annual-report/preliminary-report-spanish-electricity-system-2015,CARMA,1066565,,,,,,,,,,70.98,69.13,76.73,74.83,69.38,WIND-V1,WIND-V1,WIND-V1,WIND-V1,WIND-V1
ESP,Spain,P. E. MARANCHON I,WRI1006838,66.0,41.0475,-2.2048,Wind,,,,,IBERDROLA E.R. DE CASTILLA LA MANCHA  SA,Red Eléctrica de España,http://www.ree.es/en/statistical-data-of-spanish-electrical-system/annual-report/preliminary-report-spanish-electricity-system-2015,CARMA,,,,,,,,,,,,,,,140.36,NO-ESTIMATION,NO-ESTIMATION,NO-ESTIMATION,NO-ESTIMATION,CAPACITY-FACTOR-V1
ESP,Spain,P. E. MARANCHON SUR,WRI1006839,12.0,41.0475,-2.2048,Wind,,,,,IBERDROLA E.R. CASTILLA LA MANCHA  S.A,Red Eléctrica de España,http://www.ree.es/en/statistical-data-of-spanish-electrical-system/annual-report/preliminary-report-spanish-electricity-system-2015,CARMA,1064861,,,,,,,,,,,,,,25.52,NO-ESTIMATION,NO-ESTIMATION,NO-ESTIMATION,NO-ESTIMATION,CAPACITY-FACTOR-V1
ESP,Spain,P. E. MAZA,WRI1006840,49.5,39.6000,-1.8000,Wind,,,,,IBERDROLA E.RENOV. CASTILLA LA MANCHA,Red Eléctrica de España,http://www.ree.es/en/statistical-data-of-spanish-electrical-system/annual-report/preliminary-report-spanish-electricity-system-2015,CARMA,1061251,,,,,,,,,,,,,,105.27,NO-ESTIMATION,NO-ESTIMATION,NO-ESTIMATION,NO-ESTIMATION,CAPACITY-FACTOR-V1
ESP,Spain,P. E. MONASTERIO DE RODILLA,WRI1006842,11.4,38.0833,-6.2667,Wind,,,,2006.0,EOLICA LA BRUJULA  S.A.,Red Eléctrica de España,http://www.ree.es/en/statistical-data-of-spanish-electrical-system/annual-report/preliminary-report-spanish-electricity-system-2015,CARMA,1073605,,,,,,,,,,23.88,23.84,27.23,22.62,31.70,WIND-V1,WIND-V1,WIND-V1,WIND-V1,WIND-V1
ESP,Spain,P. E. MUEL,WRI1006846,16.2,41.4663,-1.0850,Wind,,,,1998.0,RWE INNOGY AERSA  S.A.U.,Red Eléctrica de España,http://www.ree.es/en/statistical-data-of-spanish-electrical-system/annual-report/preliminary-report-spanish-electricity-system-2015,CARMA,1049629,,,,,,,,,,34.00,23.83,24.72,25.72,24.55,WIND-V1,WIND-V1,WIND-V1,WIND-V1,WIND-V1
ESP,Spain,P. E. PLA DE EMBALAGUE,WRI1006851,36.0,40.5327,-0.2625,Wind,,,,2007.0,ENERGIAS RENOVABLES MEDITERRANEAS  S.A.,Red Eléctrica de España,http://www.ree.es/en/statistical-data-of-spanish-electrical-system/annual-report/preliminary-report-spanish-electricity-system-2015,CARMA,1073789,,,,,,,,,,100.83,85.74,84.21,90.32,87.55,WIND-V1,WIND-V1,WIND-V1,WIND-V1,WIND-V1
ESP,Spain,P. E. PLANA DE JARRETA,WRI1006852,49.5,41.5801,-1.1172,Wind,,,,,PARQUE EOLICO  PLANA DE JARRETA  S.L.,Red Eléctrica de España,http://www.ree.es/en/statistical-data-of-spanish-electrical-system/annual-report/preliminary-report-spanish-electricity-system-2015,CARMA,1053802,,,,,,,,,,,,,,105.27,NO-ESTIMATION,NO-ESTIMATION,NO-ESTIMATION,NO-ESTIMATION,CAPACITY-FACTOR-V1
ESP,Spain,P. E. RIO GALLEGO (UNIFICADO),WRI1006856,36.0,41.6544,-0.8494,Wind,,,,,RWE INNOGY AERSA  S.A.U.,Red Eléctrica de España,http://www.ree.es/en/statistical-data-of-spanish-electrical-system/annual-report/preliminary-report-spanish-electricity-system-2015,CARMA,1073507,,,,,,,,,,,,,,76.56,NO-ESTIMATION,NO-ESTIMATION,NO-ESTIMATION,NO-ESTIMATION,CAPACITY-FACTOR-V1
ESP,Spain,P. E. SAN ESTEBAN FASE I,WRI1006858,66.47,42.4171,-7.7498,Wind,,,,,DERNA  S.A.,Red Eléctrica de España,http://www.ree.es/en/statistical-data-of-spanish-electrical-system/annual-report/preliminary-report-spanish-electricity-system-2015,CARMA,,,,,,,,,,,,,,,141.36,NO-ESTIMATION,NO-ESTIMATION,NO-ESTIMATION,NO-ESTIMATION,CAPACITY-FACTOR-V1
ESP,Spain,P. E. SANTA QUITERIA,WRI1006861,36.0,42.0425,-0.5814,Wind,,,,,PARQUE EOLICO SANTA QUITERIA   S.L.,Red Eléctrica de España,http://www.ree.es/en/statistical-data-of-spanish-electrical-system/annual-report/preliminary-report-spanish-electricity-system-2015,CARMA,1060292,,,,,,,,,,,,,,76.56,NO-ESTIMATION,NO-ESTIMATION,NO-ESTIMATION,NO-ESTIMATION,CAPACITY-FACTOR-V1
ESP,Spain,P. E. SERRA DA LOBA,WRI1006864,36.0,43.3126,-7.9146,Wind,,,,,OLIVENTO  S.L.U.,Red Eléctrica de España,http://www.ree.es/en/statistical-data-of-spanish-electrical-system/annual-report/preliminary-report-spanish-electricity-system-2015,CARMA,1062170,,,,,,,,,,,,,,76.56,NO-ESTIMATION,NO-ESTIMATION,NO-ESTIMATION,NO-ESTIMATION,CAPACITY-FACTOR-V1
ESP,Spain,P. E. SERRA DO CANDO,WRI1006865,29.23,42.4000,-8.4333,Wind,,,,,OLIVENTO  S.L.S.U.,Red Eléctrica de España,http://www.ree.es/en/statistical-data-of-spanish-electrical-system/annual-report/preliminary-report-spanish-electricity-system-2015,CARMA,1049566,,,,,,,,,,,,,,62.16,NO-ESTIMATION,NO-ESTIMATION,NO-ESTIMATION,NO-ESTIMATION,CAPACITY-FACTOR-V1
ESP,Spain,P. E. SIERRA COSTERA  II,WRI1006867,40.8,40.7081,-0.9149,Wind,,,,2007.0,EXPLOTACIONES EOLICAS SIERRA COSTERA  SA,Red Eléctrica de España,http://www.ree.es/en/statistical-data-of-spanish-electrical-system/annual-report/preliminary-report-spanish-electricity-system-2015,CARMA,1074124,,,,,,,,,,115.02,107.21,100.02,110.20,104.66,WIND-V1,WIND-V1,WIND-V1,WIND-V1,WIND-V1
ESP,Spain,P. E. SIERRA DE LOS LAGOS,WRI1006871,38.94,43.2731,-6.6215,Wind,,,,,PARQUES EOLICOS DEL CANTABRICO  S.A.,Red Eléctrica de España,http://www.ree.es/en/statistical-data-of-spanish-electrical-system/annual-report/preliminary-report-spanish-electricity-system-2015,CARMA,1053808,,,,,,,,,,,,,,82.81,NO-ESTIMATION,NO-ESTIMATION,NO-ESTIMATION,NO-ESTIMATION,CAPACITY-FACTOR-V1
ESP,Spain,P. E. SILVARREDONDA,WRI1006877,16.9,43.2004,-8.8728,Wind,,,,2005.0,GAS NATURAL FENOSA RENOVABLES  SLU,Red Eléctrica de España,http://www.ree.es/en/statistical-data-of-spanish-electrical-system/annual-report/preliminary-report-spanish-electricity-system-2015,CARMA,1061512,,,,,,,,,,39.03,42.80,43.55,41.38,38.62,WIND-V1,WIND-V1,WIND-V1,WIND-V1,WIND-V1
ESP,Spain,P. E. TIJOLA,WRI1006879,36.0,37.3461,-2.4333,Wind,,,,2008.0,AL-ANDALUS WIND POWER  S.L.,Red Eléctrica de España,http://www.ree.es/en/statistical-data-of-spanish-electrical-system/annual-report/preliminary-report-spanish-electricity-system-2015,CARMA,,,,,,,,,,,92.77,91.65,85.19,84.20,91.01,WIND-V1,WIND-V1,WIND-V1,WIND-V1,WIND-V1
ESP,Spain,P. E. VALPARAISO,WRI1006882,41.25,42.0228,-6.3303,Wind,,,,,PROYECTOS DE COGENERACION  S.L.,Red Eléctrica de España,http://www.ree.es/en/statistical-data-of-spanish-electrical-system/annual-report/preliminary-report-spanish-electricity-system-2015,CARMA,,,,,,,,,,,,,,,87.72,NO-ESTIMATION,NO-ESTIMATION,NO-ESTIMATION,NO-ESTIMATION,CAPACITY-FACTOR-V1
ESP,Spain,P. E. VALPARDO,WRI1006883,21.25,40.5940,-4.4115,Wind,,,,2006.0,CORPORACION ACCIONA EOLICA  S.L.,Red Eléctrica de España,http://www.ree.es/en/statistical-data-of-spanish-electrical-system/annual-report/preliminary-report-spanish-electricity-system-2015,CARMA,1063687,,,,,,,,,,48.78,48.70,56.17,52.52,65.06,WIND-V1,WIND-V1,WIND-V1,WIND-V1,WIND-V1
ESP,Spain,P. E. VEDADILLO,WRI1006884,49.5,42.3897,-1.7932,Wind,,,,,ACCIONA ENERGIA  S.A.,Red Eléctrica de España,http://www.ree.es/en/statistical-data-of-spanish-electrical-system/annual-report/preliminary-report-spanish-electricity-system-2015,CARMA,1058893,,,,,,,,,,,,,,105.27,NO-ESTIMATION,NO-ESTIMATION,NO-ESTIMATION,NO-ESTIMATION,CAPACITY-FACTOR-V1
ESP,Spain,P. E. VIRGEN DE BELEN I (AMPL. 10000 KW  2-2-06),WRI1006885,57.52,38.8795,-1.3123,Wind,,,,2001.0,IBERDROLA E.RENOV. CASTILLA LA MANCHA SA,Red Eléctrica de España,http://www.ree.es/en/statistical-data-of-spanish-electrical-system/annual-report/preliminary-report-spanish-electricity-system-2015,WRI,1049158,,,,,,,,,,139.80,128.10,106.19,111.11,103.87,WIND-V1,WIND-V1,WIND-V1,WIND-V1,WIND-V1
ESP,Spain,P. E. VIRGEN DE LOS LLANOS I,WRI1023528,49.5,38.9722,-1.4518,Wind,,,,,IBERDROLA E.RENOV. CASTILLA LA MANCHA,Red Eléctrica de España,http://www.ree.es/en/statistical-data-of-spanish-electrical-system/annual-report/preliminary-report-spanish-electricity-system-2015,WRI,1047573|1047574,,,,,,,,,,,,,,105.27,NO-ESTIMATION,NO-ESTIMATION,NO-ESTIMATION,NO-ESTIMATION,CAPACITY-FACTOR-V1
ESP,Spain,P. E.MUELA DE TORTOSILLA,WRI1006888,36.96,38.9667,-1.2167,Wind,,,,2000.0,IBERDROLA E.RENOV. CASTILLA LA MANCHA,Red Eléctrica de España,http://www.ree.es/en/statistical-data-of-spanish-electrical-system/annual-report/preliminary-report-spanish-electricity-system-2015,CARMA,1047576,,,,,,,,,,83.08,77.49,69.30,71.94,72.15,WIND-V1,WIND-V1,WIND-V1,WIND-V1,WIND-V1
ESP,Spain,P.E . PEDREGOSO B,WRI1006892,14.85,36.0139,-5.6069,Wind,,,,2006.0,EOLICA EL  PEDREGOSO  S.L.,Red Eléctrica de España,http://www.ree.es/en/statistical-data-of-spanish-electrical-system/annual-report/preliminary-report-spanish-electricity-system-2015,CARMA,,,,,,,,,,,33.76,34.90,38.90,37.52,37.48,WIND-V1,WIND-V1,WIND-V1,WIND-V1,WIND-V1
ESP,Spain,P.E.  ALABE-MONTEMAYOR SUR,WRI1006899,12.75,43.3667,-7.4833,Wind,,,,2005.0,ACCIONA EOLICA DE GALICIA  S.A.,Red Eléctrica de España,http://www.ree.es/en/statistical-data-of-spanish-electrical-system/annual-report/preliminary-report-spanish-electricity-system-2015,CARMA,1063089,,,,,,,,,,25.86,33.35,30.81,39.04,36.73,WIND-V1,WIND-V1,WIND-V1,WIND-V1,WIND-V1
ESP,Spain,P.E.  ALABE-TERRAL,WRI1006900,27.0,43.3667,-7.4833,Wind,,,,2005.0,ACCIONA EOLICA DE GALICIA  S.A.,Red Eléctrica de España,http://www.ree.es/en/statistical-data-of-spanish-electrical-system/annual-report/preliminary-report-spanish-electricity-system-2015,CARMA,1063088,,,,,,,,,,53.98,67.46,61.38,78.79,74.28,WIND-V1,WIND-V1,WIND-V1,WIND-V1,WIND-V1
ESP,Spain,P.E.  BUIO,WRI1006902,40.3,43.2674,-8.7833,Wind,,,,2006.0,PARQUES EOLICOS DE BUIO  S.L.,Red Eléctrica de España,http://www.ree.es/en/statistical-data-of-spanish-electrical-system/annual-report/preliminary-report-spanish-electricity-system-2015,CARMA,1068754,,,,,,,,,,123.40,94.75,99.24,102.70,93.73,WIND-V1,WIND-V1,WIND-V1,WIND-V1,WIND-V1
ESP,Spain,P.E.  DE BARBANZA,WRI1006904,19.8,42.7248,-9.0053,Wind,,,,,PARQUE EOLICO DE BARBANZA  S.A.,Red Eléctrica de España,http://www.ree.es/en/statistical-data-of-spanish-electrical-system/annual-report/preliminary-report-spanish-electricity-system-2015,CARMA,1049554,,,,,,,,,,,,,,42.10,NO-ESTIMATION,NO-ESTIMATION,NO-ESTIMATION,NO-ESTIMATION,CAPACITY-FACTOR-V1
ESP,Spain,P.E.  HOYA GONZALO,WRI1006910,49.5,38.9579,-1.5568,Wind,,,,2006.0,EVOLUCION 2000  S.A.,Red Eléctrica de España,http://www.ree.es/en/statistical-data-of-spanish-electrical-system/annual-report/preliminary-report-spanish-electricity-system-2015,CARMA,1065788,,,,,,,,,,124.84,130.77,121.93,112.74,146.03,WIND-V1,WIND-V1,WIND-V1,WIND-V1,WIND-V1
ESP,Spain,P.E.  PEDREGOSO A,WRI1006912,14.85,36.0139,-5.6069,Wind,,,,2006.0,EOLICA EL  PEDREGOSO  S.L.,Red Eléctrica de España,http://www.ree.es/en/statistical-data-of-spanish-electrical-system/annual-report/preliminary-report-spanish-electricity-system-2015,CARMA,,,,,,,,,,,33.76,34.90,38.90,37.52,37.48,WIND-V1,WIND-V1,WIND-V1,WIND-V1,WIND-V1
ESP,Spain,P.E.  RABOSERA,WRI1006913,31.35,42.0482,-0.9103,Wind,,,,2005.0,DESARROLLOS EOLICOS RABOSERA  S.A.,Red Eléctrica de España,http://www.ree.es/en/statistical-data-of-spanish-electrical-system/annual-report/preliminary-report-spanish-electricity-system-2015,CARMA,1073615,,,,,,,,,,74.55,77.42,77.92,73.19,69.43,WIND-V1,WIND-V1,WIND-V1,WIND-V1,WIND-V1
ESP,Spain,P.E.  RIOBOO,WRI1006914,20.8,42.6333,-7.9500,Wind,,,,2006.0,PARQUES EOLICOS DE BUIO  S.L.,Red Eléctrica de España,http://www.ree.es/en/statistical-data-of-spanish-electrical-system/annual-report/preliminary-report-spanish-electricity-system-2015,CARMA,1068755,,,,,,,,,,50.35,48.31,52.96,31.33,38.60,WIND-V1,WIND-V1,WIND-V1,WIND-V1,WIND-V1
ESP,Spain,P.E.  TEA,WRI1006916,48.1,42.2167,-8.3667,Wind,,,,,PARQUE EOLICO  DE TEA S.L. (ANEUROVENTO),Red Eléctrica de España,http://www.ree.es/en/statistical-data-of-spanish-electrical-system/annual-report/preliminary-report-spanish-electricity-system-2015,CARMA,1056720,,,,,,,,,,,,,,102.29,NO-ESTIMATION,NO-ESTIMATION,NO-ESTIMATION,NO-ESTIMATION,CAPACITY-FACTOR-V1
ESP,Spain,P.E. ALDEAVIEJA,WRI1006925,14.52,40.7067,-4.5002,Wind,,,,2000.0,ENEL GREEN POWER ESPANA  S.L.,Red Eléctrica de España,http://www.ree.es/en/statistical-data-of-spanish-electrical-system/annual-report/preliminary-report-spanish-electricity-system-2015,WRI,1049611,,,,,,,,,,32.94,28.16,28.39,25.95,28.21,WIND-V1,WIND-V1,WIND-V1,WIND-V1,WIND-V1
ESP,Spain,P.E. ALIJAR,WRI1006927,24.0,36.6865,-6.1361,Wind,,,,2005.0,BECOSA EOLICO ALIJAR  S.A.U.,Red Eléctrica de España,http://www.ree.es/en/statistical-data-of-spanish-electrical-system/annual-report/preliminary-report-spanish-electricity-system-2015,CARMA,1063087,,,,,,,,,,57.77,59.97,60.79,55.19,53.09,WIND-V1,WIND-V1,WIND-V1,WIND-V1,WIND-V1
ESP,Spain,P.E. ALMAREN UNIFICADO,WRI1006928,11.9,41.4860,-1.5950,Wind,,,,2007.0,EXPL. EOLICAS SIERRA DE LA VIRGEN  SA,Red Eléctrica de España,http://www.ree.es/en/statistical-data-of-spanish-electrical-system/annual-report/preliminary-report-spanish-electricity-system-2015,CARMA,1074121,,,,,,,,,,29.92,28.01,28.14,30.38,30.05,WIND-V1,WIND-V1,WIND-V1,WIND-V1,WIND-V1
ESP,Spain,P.E. ALMODOVAR II,WRI1006930,28.5,37.8107,-5.0204,Wind,,,,,ELECNOR  S.A.,Red Eléctrica de España,http://www.ree.es/en/statistical-data-of-spanish-electrical-system/annual-report/preliminary-report-spanish-electricity-system-2015,CARMA,,,,,,,,,,,,,,,60.61,NO-ESTIMATION,NO-ESTIMATION,NO-ESTIMATION,NO-ESTIMATION,CAPACITY-FACTOR-V1
ESP,Spain,P.E. AMPLIACION HEDROSO ACIBEROS,WRI1006937,14.0,42.0357,-6.9054,Wind,,,,2009.0,IBEREOLICA HEDROSO-ACIBEROS 2  S.L.U.,Red Eléctrica de España,http://www.ree.es/en/statistical-data-of-spanish-electrical-system/annual-report/preliminary-report-spanish-electricity-system-2015,CARMA,1057732,,,,,,,,,,38.07,38.46,36.24,34.01,34.07,WIND-V1,WIND-V1,WIND-V1,WIND-V1,WIND-V1
ESP,Spain,P.E. BELMONTE,WRI1023529,34.85,43.3081,-6.2688,Wind,,,,2006.0,PARQUE EOLICO BELMONTE  S.A.,Red Eléctrica de España,http://www.ree.es/en/statistical-data-of-spanish-electrical-system/annual-report/preliminary-report-spanish-electricity-system-2015,WRI,1073602,,,,,,,,,,77.38,74.24,84.95,82.20,97.79,WIND-V1,WIND-V1,WIND-V1,WIND-V1,WIND-V1
ESP,Spain,P.E. BULLANA,WRI1006948,38.0,42.9684,-7.0854,Wind,,,,2009.0,IBERDROLA RENOVABLES CASTILLA Y LEON  S.A.,Red Eléctrica de España,http://www.ree.es/en/statistical-data-of-spanish-electrical-system/annual-report/preliminary-report-spanish-electricity-system-2015,CARMA,1074344,,,,,,,,,,104.89,106.45,92.77,46.24,46.52,WIND-V1,WIND-V1,WIND-V1,WIND-V1,WIND-V1
ESP,Spain,P.E. CABEZUELO,WRI1006952,30.0,39.2333,-1.7500,Wind,,,,,IBERDROLA E.R.CASTILLA LA MANCHA  S.A.,Red Eléctrica de España,http://www.ree.es/en/statistical-data-of-spanish-electrical-system/annual-report/preliminary-report-spanish-electricity-system-2015,CARMA,1064926,,,,,,,,,,,,,,63.80,NO-ESTIMATION,NO-ESTIMATION,NO-ESTIMATION,NO-ESTIMATION,CAPACITY-FACTOR-V1
ESP,Spain,P.E. CALARES,WRI1006954,50.0,40.7767,-1.6498,Wind,,,,,P.G.P. DE ENERGIA  S.A.,Red Eléctrica de España,http://www.ree.es/en/statistical-data-of-spanish-electrical-system/annual-report/preliminary-report-spanish-electricity-system-2015,CARMA,,,,,,,,,,,,,,,106.33,NO-ESTIMATION,NO-ESTIMATION,NO-ESTIMATION,NO-ESTIMATION,CAPACITY-FACTOR-V1
ESP,Spain,P.E. CALDEREROS,WRI1006955,19.8,40.8131,-1.5964,Wind,,,,2008.0,ENEL GREEN POWER ESPANA S.L.,Red Eléctrica de España,http://www.ree.es/en/statistical-data-of-spanish-electrical-system/annual-report/preliminary-report-spanish-electricity-system-2015,WRI,1073333,,,,,,,,,,55.22,50.21,47.97,47.56,51.87,WIND-V1,WIND-V1,WIND-V1,WIND-V1,WIND-V1
ESP,Spain,P.E. CAMPISABALOS,WRI1006957,24.42,43.3828,-4.0024,Wind,,,,,IBERDROLA E.R. CASTILLA LA MANCHA  S.A.U,Red Eléctrica de España,http://www.ree.es/en/statistical-data-of-spanish-electrical-system/annual-report/preliminary-report-spanish-electricity-system-2015,CARMA,,,,,,,,,,,,,,,51.93,NO-ESTIMATION,NO-ESTIMATION,NO-ESTIMATION,NO-ESTIMATION,CAPACITY-FACTOR-V1
ESP,Spain,P.E. CANREDONDO I,WRI1006959,28.0,40.8126,-2.4938,Wind,,,,2006.0,GAS NATURAL FENOSA RENOVABLES  S.L.U.,Red Eléctrica de España,http://www.ree.es/en/statistical-data-of-spanish-electrical-system/annual-report/preliminary-report-spanish-electricity-system-2015,CARMA,1089463,,,,,,,,,,65.89,65.73,72.10,70.31,65.19,WIND-V1,WIND-V1,WIND-V1,WIND-V1,WIND-V1
ESP,Spain,P.E. CARAMONTE,WRI1006962,49.94,41.1722,-2.4348,Wind,,,,2009.0,EOLICA DE MEDINACELI  S.L.,Red Eléctrica de España,http://www.ree.es/en/statistical-data-of-spanish-electrical-system/annual-report/preliminary-report-spanish-electricity-system-2015,CARMA,1078526,,,,,,,,,,134.01,127.94,121.49,110.94,110.45,WIND-V1,WIND-V1,WIND-V1,WIND-V1,WIND-V1
ESP,Spain,P.E. CARBALLEIRA,WRI1006963,24.42,42.4168,-7.7640,Wind,,,,2004.0,CORPORACION ACCIONA EOLICA  S.L.,Red Eléctrica de España,http://www.ree.es/en/statistical-data-of-spanish-electrical-system/annual-report/preliminary-report-spanish-electricity-system-2015,CARMA,1058851,,,,,,,,,,61.69,58.35,42.48,37.32,30.47,WIND-V1,WIND-V1,WIND-V1,WIND-V1,WIND-V1
ESP,Spain,P.E. CERRO BLANCO,WRI1006975,42.0,42.5273,-3.4383,Wind,,,,2009.0,IBERDROLA RENOVABLES CASTILLA Y LEON  S.A.,Red Eléctrica de España,http://www.ree.es/en/statistical-data-of-spanish-electrical-system/annual-report/preliminary-report-spanish-electricity-system-2015,CARMA,1073890,,,,,,,,,,119.70,118.91,113.12,104.22,95.92,WIND-V1,WIND-V1,WIND-V1,WIND-V1,WIND-V1
ESP,Spain,P.E. CERRO DEL CALDERON,WRI1006978,49.5,39.4085,-2.2017,Wind,,,,,IBERDROLA E.RENOV. CASTILLA LA MANCHA,Red Eléctrica de España,http://www.ree.es/en/statistical-data-of-spanish-electrical-system/annual-report/preliminary-report-spanish-electricity-system-2015,CARMA,1062624,,,,,,,,,,,,,,105.27,NO-ESTIMATION,NO-ESTIMATION,NO-ESTIMATION,NO-ESTIMATION,CAPACITY-FACTOR-V1
ESP,Spain,P.E. CERRO EL COLINETE,WRI1006980,11.05,41.8804,-4.3624,Wind,,,,,DESARROLLOS EOLICOS  S.A.,Red Eléctrica de España,http://www.ree.es/en/statistical-data-of-spanish-electrical-system/annual-report/preliminary-report-spanish-electricity-system-2015,CARMA,,,,,,,,,,,,,,,23.50,NO-ESTIMATION,NO-ESTIMATION,NO-ESTIMATION,NO-ESTIMATION,CAPACITY-FACTOR-V1
ESP,Spain,P.E. CERROS DE RADONA,WRI1006984,40.0,41.2513,-2.5268,Wind,,,,2009.0,EOLICA DE RADONA  S.L.U.,Red Eléctrica de España,http://www.ree.es/en/statistical-data-of-spanish-electrical-system/annual-report/preliminary-report-spanish-electricity-system-2015,CARMA,1070024,,,,,,,,,,108.13,103.66,101.58,85.60,85.22,WIND-V1,WIND-V1,WIND-V1,WIND-V1,WIND-V1
ESP,Spain,P.E. CHANTADA,WRI1006986,48.0,42.6088,-7.7712,Wind,,,,2005.0,GALICIA VENTO  S.L.,Red Eléctrica de España,http://www.ree.es/en/statistical-data-of-spanish-electrical-system/annual-report/preliminary-report-spanish-electricity-system-2015,CARMA,1065362,,,,,,,,,,121.86,122.42,72.32,89.52,77.53,WIND-V1,WIND-V1,WIND-V1,WIND-V1,WIND-V1
ESP,Spain,P.E. CIEZA,WRI1006988,20.0,38.2400,-1.4199,Wind,,,,,URBAENERGIA  S.A,Red Eléctrica de España,http://www.ree.es/en/statistical-data-of-spanish-electrical-system/annual-report/preliminary-report-spanish-electricity-system-2015,CARMA,1051916,,,,,,,,,,,,,,42.53,NO-ESTIMATION,NO-ESTIMATION,NO-ESTIMATION,NO-ESTIMATION,CAPACITY-FACTOR-V1
ESP,Spain,P.E. CORZAN,WRI1006994,36.0,42.9040,-8.7427,Wind,,,,2004.0,ENEL GREEN POWER ESPANA  S.L.,Red Eléctrica de España,http://www.ree.es/en/statistical-data-of-spanish-electrical-system/annual-report/preliminary-report-spanish-electricity-system-2015,CARMA,1062611,,,,,,,,,,87.91,88.62,84.18,94.89,80.77,WIND-V1,WIND-V1,WIND-V1,WIND-V1,WIND-V1
ESP,Spain,P.E. DE CASTELO,WRI1006999,16.5,43.2384,-8.3843,Wind,,,,2001.0,ENERGIAS ESPECIALES DEL ALTO ULLA  S.A.,Red Eléctrica de España,http://www.ree.es/en/statistical-data-of-spanish-electrical-system/annual-report/preliminary-report-spanish-electricity-system-2015,CARMA,1051910,,,,,,,,,,36.54,36.88,30.58,31.94,33.50,WIND-V1,WIND-V1,WIND-V1,WIND-V1,WIND-V1
ESP,Spain,P.E. DE MONTE DA SERRA,WRI1007001,14.4,43.5333,-7.9333,Wind,,,,,ENERGIAS AMBIENTALES DE SOMOZAS  S.A.,Red Eléctrica de España,http://www.ree.es/en/statistical-data-of-spanish-electrical-system/annual-report/preliminary-report-spanish-electricity-system-2015,CARMA,1049633,,,,,,,,,,,,,,30.62,NO-ESTIMATION,NO-ESTIMATION,NO-ESTIMATION,NO-ESTIMATION,CAPACITY-FACTOR-V1
ESP,Spain,P.E. DE MONTE MARBAN,WRI1007002,11.4,43.5333,-7.9333,Wind,,,,,ENERGIAS AMBIENTALES DE SOMOZAS  S.A.,Red Eléctrica de España,http://www.ree.es/en/statistical-data-of-spanish-electrical-system/annual-report/preliminary-report-spanish-electricity-system-2015,CARMA,1049509,,,,,,,,,,,,,,24.24,NO-ESTIMATION,NO-ESTIMATION,NO-ESTIMATION,NO-ESTIMATION,CAPACITY-FACTOR-V1
ESP,Spain,P.E. DE TORTOSA,WRI1007003,29.9,40.8125,0.5216,Wind,,,,2006.0,PARC EOLIC DE TORTOSA  S.L.,Red Eléctrica de España,http://www.ree.es/en/statistical-data-of-spanish-electrical-system/annual-report/preliminary-report-spanish-electricity-system-2015,CARMA,1051962,,,,,,,,,,70.56,69.36,76.99,75.08,69.62,WIND-V1,WIND-V1,WIND-V1,WIND-V1,WIND-V1
ESP,Spain,P.E. DO VILAN,WRI1007005,16.9,37.1766,-2.9502,Wind,,,,2003.0,ENEL GREEN POWER ESPANA  S.L.,Red Eléctrica de España,http://www.ree.es/en/statistical-data-of-spanish-electrical-system/annual-report/preliminary-report-spanish-electricity-system-2015,CARMA,1032417,,,,,,,,,,43.84,52.03,48.65,40.15,35.51,WIND-V1,WIND-V1,WIND-V1,WIND-V1,WIND-V1
ESP,Spain,P.E. DOLAR 1,WRI1007006,99.0,37.1766,-2.9502,Wind,,,,2007.0,IBERDROLA RENOVABLES DE ANDLAUCIA.S.AU.,Red Eléctrica de España,http://www.ree.es/en/statistical-data-of-spanish-electrical-system/annual-report/preliminary-report-spanish-electricity-system-2015,CARMA,1074350,,,,,,,,,,240.83,232.67,216.58,231.08,226.57,WIND-V1,WIND-V1,WIND-V1,WIND-V1,WIND-V1
ESP,Spain,P.E. ECHAGUE,WRI1007008,23.1,42.6525,-1.6260,Wind,,,,,ACCIONA ENERGIA  S.A.,Red Eléctrica de España,http://www.ree.es/en/statistical-data-of-spanish-electrical-system/annual-report/preliminary-report-spanish-electricity-system-2015,CARMA,1049577,,,,,,,,,,,,,,49.12,NO-ESTIMATION,NO-ESTIMATION,NO-ESTIMATION,NO-ESTIMATION,CAPACITY-FACTOR-V1
ESP,Spain,P.E. EL CONJURO,WRI1007014,13.6,36.7507,-3.5179,Wind,,,,2006.0,SOLWINDET EL CONJURO  S.L.,Red Eléctrica de España,http://www.ree.es/en/statistical-data-of-spanish-electrical-system/annual-report/preliminary-report-spanish-electricity-system-2015,CARMA,1066431,,,,,,,,,,32.94,32.50,36.14,35.03,41.87,WIND-V1,WIND-V1,WIND-V1,WIND-V1,WIND-V1
ESP,Spain,P.E. EL COTEREJON I,WRI1007015,18.0,40.4532,-4.4647,Wind,,,,2008.0,PARQUE EOLICO ALTO DEL COTEREJON  S.L.,Red Eléctrica de España,http://www.ree.es/en/statistical-data-of-spanish-electrical-system/annual-report/preliminary-report-spanish-electricity-system-2015,CARMA,1073317,,,,,,,,,,47.79,44.56,43.34,41.24,47.58,WIND-V1,WIND-V1,WIND-V1,WIND-V1,WIND-V1
ESP,Spain,P.E. EL GRANADO,WRI1007019,14.45,41.0983,-2.5741,Wind,,,,,SISTEMAS  ENERGETICOS DEL GRANADO  S.A.,Red Eléctrica de España,http://www.ree.es/en/statistical-data-of-spanish-electrical-system/annual-report/preliminary-report-spanish-electricity-system-2015,CARMA,1084057,,,,,,,,,,,,,,30.73,NO-ESTIMATION,NO-ESTIMATION,NO-ESTIMATION,NO-ESTIMATION,CAPACITY-FACTOR-V1
ESP,Spain,P.E. EL GUIJO II,WRI1007020,64.0,41.0983,-2.5741,Wind,,,,2008.0,LURIA DE ENERGIAS  S.A.,Red Eléctrica de España,http://www.ree.es/en/statistical-data-of-spanish-electrical-system/annual-report/preliminary-report-spanish-electricity-system-2015,CARMA,,,,,,,,,,,165.68,154.74,144.42,144.58,155.99,WIND-V1,WIND-V1,WIND-V1,WIND-V1,WIND-V1
ESP,Spain,P.E. EL MORAL,WRI1007021,40.0,38.8299,-3.5781,Wind,,,,2006.0,PARQUE EOLICO EL MORAL  S.L.,Red Eléctrica de España,http://www.ree.es/en/statistical-data-of-spanish-electrical-system/annual-report/preliminary-report-spanish-electricity-system-2015,CARMA,1064120,,,,,,,,,,85.68,86.41,94.75,86.08,112.29,WIND-V1,WIND-V1,WIND-V1,WIND-V1,WIND-V1
ESP,Spain,P.E. EL PICAZO,WRI1007026,14.0,39.4500,-2.0833,Wind,,,,2009.0,ENEL GREEN POWER ESPANA S.L.,Red Eléctrica de España,http://www.ree.es/en/statistical-data-of-spanish-electrical-system/annual-report/preliminary-report-spanish-electricity-system-2015,CARMA,,,,,,,,,,,38.34,38.41,33.44,34.27,33.47,WIND-V1,WIND-V1,WIND-V1,WIND-V1,WIND-V1
ESP,Spain,P.E. EL PINO,WRI1007027,24.6,36.1848,-5.4921,Wind,,,,2006.0,ENERGIAS EOLICAS DEL PINO  S.L.,Red Eléctrica de España,http://www.ree.es/en/statistical-data-of-spanish-electrical-system/annual-report/preliminary-report-spanish-electricity-system-2015,CARMA,1078533,,,,,,,,,,58.59,58.20,62.80,59.97,55.70,WIND-V1,WIND-V1,WIND-V1,WIND-V1,WIND-V1
ESP,Spain,P.E. EL ROMERAL,WRI1007030,14.45,37.4712,-5.6461,Wind,,,,2008.0,EOLICA MONTESINOS  S.L.,Red Eléctrica de España,http://www.ree.es/en/statistical-data-of-spanish-electrical-system/annual-report/preliminary-report-spanish-electricity-system-2015,CARMA,,,,,,,,,,,39.62,35.45,35.01,35.28,37.23,WIND-V1,WIND-V1,WIND-V1,WIND-V1,WIND-V1
ESP,Spain,P.E. ELGEA-URKILLA,WRI1007034,32.3,43.1000,-2.6333,Wind,,,,,EOLICAS DE EUSKADI  S.A.,Red Eléctrica de España,http://www.ree.es/en/statistical-data-of-spanish-electrical-system/annual-report/preliminary-report-spanish-electricity-system-2015,CARMA,1062527,,,,,,,,,,,,,,68.69,NO-ESTIMATION,NO-ESTIMATION,NO-ESTIMATION,NO-ESTIMATION,CAPACITY-FACTOR-V1
ESP,Spain,P.E. EN ROBRES,WRI1007037,24.0,41.8675,-0.4609,Wind,,,,2007.0,EOLICA DEL EBRO  S.A.,Red Eléctrica de España,http://www.ree.es/en/statistical-data-of-spanish-electrical-system/annual-report/preliminary-report-spanish-electricity-system-2015,CARMA,1065613,,,,,,,,,,62.17,57.12,57.55,62.66,60.35,WIND-V1,WIND-V1,WIND-V1,WIND-V1,WIND-V1
ESP,Spain,P.E. FARRAPA I,WRI1007042,20.0,43.3667,-7.4833,Wind,,,,2007.0,PARQUES EOLICOS GESTINVER  SL,Red Eléctrica de España,http://www.ree.es/en/statistical-data-of-spanish-electrical-system/annual-report/preliminary-report-spanish-electricity-system-2015,CARMA,1078158,,,,,,,,,,44.24,48.72,44.73,52.41,51.38,WIND-V1,WIND-V1,WIND-V1,WIND-V1,WIND-V1
ESP,Spain,P.E. FERREIRA 2,WRI1007043,49.5,-2.9997,37.2174,Wind,,,,2007.0,IBERDROLA RENOVABLES DE ANDALUCIA. S.A.U.,Red Eléctrica de España,http://www.ree.es/en/statistical-data-of-spanish-electrical-system/annual-report/preliminary-report-spanish-electricity-system-2015,WRI,1079539,,,,,,,,,,133.75,125.49,121.87,131.37,125.94,WIND-V1,WIND-V1,WIND-V1,WIND-V1,WIND-V1
ESP,Spain,P.E. FOLCH II,WRI1023535,64.5,-0.2108,40.4682,Wind,,,,2006.0,ENERGIAS RENOVABLES MEDITERRANEAS  S.A.,Red Eléctrica de España,http://www.ree.es/en/statistical-data-of-spanish-electrical-system/annual-report/preliminary-report-spanish-electricity-system-2015,WRI,,,,,,,,,,,160.70,151.99,162.02,169.07,160.85,WIND-V1,WIND-V1,WIND-V1,WIND-V1,WIND-V1
ESP,Spain,P.E. FUENDETODOS I,WRI1007050,46.0,41.3424,-0.9599,Wind,,,,2004.0,IBERDROLA E.R. DE ARAGON  S.A.,Red Eléctrica de España,http://www.ree.es/en/statistical-data-of-spanish-electrical-system/annual-report/preliminary-report-spanish-electricity-system-2015,CARMA,1062573,,,,,,,,,,119.43,120.29,109.67,105.61,104.75,WIND-V1,WIND-V1,WIND-V1,WIND-V1,WIND-V1
ESP,Spain,P.E. HINOJAL I,WRI1007055,14.0,36.0139,-5.6069,Wind,,,,2007.0,PARQUE EOLICO EL HINOJAL  S.L.,Red Eléctrica de España,http://www.ree.es/en/statistical-data-of-spanish-electrical-system/annual-report/preliminary-report-spanish-electricity-system-2015,CARMA,1071225,,,,,,,,,,34.32,32.95,33.53,35.99,37.67,WIND-V1,WIND-V1,WIND-V1,WIND-V1,WIND-V1
ESP,Spain,P.E. LA CELAYA,WRI1007064,28.8,37.3449,-2.5091,Wind,,,,2005.0,DESARROLLOS EOLICOS DE LUGO  S.A.U.,Red Eléctrica de España,http://www.ree.es/en/statistical-data-of-spanish-electrical-system/annual-report/preliminary-report-spanish-electricity-system-2015,CARMA,1073598,,,,,,,,,,63.76,71.97,71.14,84.04,79.97,WIND-V1,WIND-V1,WIND-V1,WIND-V1,WIND-V1
ESP,Spain,P.E. LA CERRADILLA,WRI1007065,63.5,37.3449,-2.5091,Wind,,,,2008.0,OLIVENTO S.L.,Red Eléctrica de España,http://www.ree.es/en/statistical-data-of-spanish-electrical-system/annual-report/preliminary-report-spanish-electricity-system-2015,CARMA,1071681,,,,,,,,,,153.43,154.63,140.20,138.43,151.79,WIND-V1,WIND-V1,WIND-V1,WIND-V1,WIND-V1
ESP,Spain,P.E. LA COTERA,WRI1007066,18.0,43.3598,-4.3493,Wind,,,,2009.0,IBERDROLA RENOVABLES CASTILLA Y LEON  S.A.,Red Eléctrica de España,http://www.ree.es/en/statistical-data-of-spanish-electrical-system/annual-report/preliminary-report-spanish-electricity-system-2015,CARMA,1074346,,,,,,,,,,49.80,49.90,47.16,45.61,41.27,WIND-V1,WIND-V1,WIND-V1,WIND-V1,WIND-V1
ESP,Spain,P.E. LA DEHESICA,WRI1007067,28.5,39.2167,-2.1500,Wind,,,,2007.0,EOLICA DULCINEA  .SL.,Red Eléctrica de España,http://www.ree.es/en/statistical-data-of-spanish-electrical-system/annual-report/preliminary-report-spanish-electricity-system-2015,CARMA,1072692,,,,,,,,,,72.61,66.34,60.61,73.59,66.34,WIND-V1,WIND-V1,WIND-V1,WIND-V1,WIND-V1
ESP,Spain,P.E. LA FUENSANTA,WRI1007071,49.5,38.6492,-1.9800,Wind,,,,2005.0,DESARROLLOS EOLICOS MANCHEGOS EL PINAR,Red Eléctrica de España,http://www.ree.es/en/statistical-data-of-spanish-electrical-system/annual-report/preliminary-report-spanish-electricity-system-2015,CARMA,1061494,,,,,,,,,,123.48,136.81,120.79,123.43,134.68,WIND-V1,WIND-V1,WIND-V1,WIND-V1,WIND-V1
ESP,Spain,P.E. LA HERRERIA,WRI1007072,44.8,36.0139,-5.6069,Wind,,,,2005.0,AEROGENERADORES DEL SUR  S.A.,Red Eléctrica de España,http://www.ree.es/en/statistical-data-of-spanish-electrical-system/annual-report/preliminary-report-spanish-electricity-system-2015,CARMA,1059145,,,,,,,,,,113.42,116.47,114.86,106.34,110.34,WIND-V1,WIND-V1,WIND-V1,WIND-V1,WIND-V1
ESP,Spain,P.E. LA LOSILLA,WRI1007075,11.9,38.9209,-1.7202,Wind,,,,2006.0,GAS NATURAL FENOSA RENOVABLES  S.L.U.,Red Eléctrica de España,http://www.ree.es/en/statistical-data-of-spanish-electrical-system/annual-report/preliminary-report-spanish-electricity-system-2015,CARMA,1063708,,,,,,,,,,27.84,28.46,31.26,29.13,25.04,WIND-V1,WIND-V1,WIND-V1,WIND-V1,WIND-V1
ESP,Spain,P.E. LA MUELA I,WRI1007077,49.5,39.4085,-2.2017,Wind,,,,,IBERDROLA E.RENOV. CASTILLA LA MANCHA,Red Eléctrica de España,http://www.ree.es/en/statistical-data-of-spanish-electrical-system/annual-report/preliminary-report-spanish-electricity-system-2015,CARMA,1062623,,,,,,,,,,,,,,105.27,NO-ESTIMATION,NO-ESTIMATION,NO-ESTIMATION,NO-ESTIMATION,CAPACITY-FACTOR-V1
ESP,Spain,P.E. LA PENA I,WRI1007078,69.0,42.0439,-3.9370,Wind,,,,2009.0,GAS NATURAL FENOSA RENOVABLES  S.L.U.,Red Eléctrica de España,http://www.ree.es/en/statistical-data-of-spanish-electrical-system/annual-report/preliminary-report-spanish-electricity-system-2015,CARMA,,,,,,,,,,,181.73,172.69,152.76,149.50,135.93,WIND-V1,WIND-V1,WIND-V1,WIND-V1,WIND-V1
ESP,Spain,P.E. LA TORRECILLA,WRI1007084,38.25,40.8127,-0.8454,Wind,,,,2007.0,SISTEMAS ENERGETICOS LA TORRECILLA  S.A.U.,Red Eléctrica de España,http://www.ree.es/en/statistical-data-of-spanish-electrical-system/annual-report/preliminary-report-spanish-electricity-system-2015,CARMA,1072600,,,,,,,,,,105.66,87.22,86.55,92.77,89.03,WIND-V1,WIND-V1,WIND-V1,WIND-V1,WIND-V1
ESP,Spain,P.E. LA ZARZUELA II,WRI1007087,16.0,36.0139,-5.6069,Wind,,,,2007.0,PARQUE EOLICO  HINOJAL  S.L.,Red Eléctrica de España,http://www.ree.es/en/statistical-data-of-spanish-electrical-system/annual-report/preliminary-report-spanish-electricity-system-2015,CARMA,1074349,,,,,,,,,,39.22,37.66,38.32,41.13,43.05,WIND-V1,WIND-V1,WIND-V1,WIND-V1,WIND-V1
ESP,Spain,P.E. LARRIBA - HORNILLOS (2 FASE 31/5/05),WRI1007090,32.0,42.1890,-2.2951,Wind,,,,,MOLINOS DEL CIDACOS  S.A.,Red Eléctrica de España,http://www.ree.es/en/statistical-data-of-spanish-electrical-system/annual-report/preliminary-report-spanish-electricity-system-2015,CARMA,1060792,,,,,,,,,,,,,,68.05,NO-ESTIMATION,NO-ESTIMATION,NO-ESTIMATION,NO-ESTIMATION,CAPACITY-FACTOR-V1
ESP,Spain,P.E. LAS PARDAS,WRI1007093,49.5,41.8804,-4.3624,Wind,,,,2007.0,PRODUCTOR REGIONAL DE ENERGIA RENOVABLE SA,Red Eléctrica de España,http://www.ree.es/en/statistical-data-of-spanish-electrical-system/annual-report/preliminary-report-spanish-electricity-system-2015,CARMA,1069934,,,,,,,,,,136.67,124.84,117.65,137.97,125.38,WIND-V1,WIND-V1,WIND-V1,WIND-V1,WIND-V1
ESP,Spain,P.E. LEBOREIRO,WRI1007096,21.12,43.4668,-7.7238,Wind,,,,2005.0,ENDESA COGENERACION Y RENOVABLES  S.A.,Red Eléctrica de España,http://www.ree.es/en/statistical-data-of-spanish-electrical-system/annual-report/preliminary-report-spanish-electricity-system-2015,CARMA,1058850,,,,,,,,,,51.10,51.80,46.30,62.46,58.25,WIND-V1,WIND-V1,WIND-V1,WIND-V1,WIND-V1
ESP,Spain,P.E. LEZUZA,WRI1007098,30.0,38.9497,-2.3542,Wind,,,,2009.0,ELECDEY LEZUZA  S.A.,Red Eléctrica de España,http://www.ree.es/en/statistical-data-of-spanish-electrical-system/annual-report/preliminary-report-spanish-electricity-system-2015,CARMA,1073374,,,,,,,,,,82.61,83.03,73.69,72.65,65.77,WIND-V1,WIND-V1,WIND-V1,WIND-V1,WIND-V1
ESP,Spain,P.E. LOS LABRADOS,WRI1007115,24.0,41.5558,-0.9601,Wind,,,,2002.0,RWE INNOGY AERSA  SAU,Red Eléctrica de España,http://www.ree.es/en/statistical-data-of-spanish-electrical-system/annual-report/preliminary-report-spanish-electricity-system-2015,CARMA,1051095,,,,,,,,,,57.70,51.57,54.34,46.93,45.07,WIND-V1,WIND-V1,WIND-V1,WIND-V1,WIND-V1
ESP,Spain,P.E. LOS LLANOS,WRI1007116,33.4,36.4469,-5.2858,Wind,,,,,EXPLOTACIONES EOLICAS SIERRA DE UTRERA,Red Eléctrica de España,http://www.ree.es/en/statistical-data-of-spanish-electrical-system/annual-report/preliminary-report-spanish-electricity-system-2015,CARMA,1049604,,,,,,,,,,,,,,71.03,NO-ESTIMATION,NO-ESTIMATION,NO-ESTIMATION,NO-ESTIMATION,CAPACITY-FACTOR-V1
ESP,Spain,P.E. LUBIAN,WRI1007122,50.0,42.0357,-6.9054,Wind,,,,2004.0,IBEREOLICA LUBIAN  S.A.,Red Eléctrica de España,http://www.ree.es/en/statistical-data-of-spanish-electrical-system/annual-report/preliminary-report-spanish-electricity-system-2015,CARMA,1063698,,,,,,,,,,114.12,115.39,137.84,129.43,106.87,WIND-V1,WIND-V1,WIND-V1,WIND-V1,WIND-V1
ESP,Spain,P.E. MAJALES,WRI1007125,49.5,38.6722,-2.4099,Wind,,,,2006.0,ACCIONA EOLICA DE CASTILLA-LA MANCHA  SL,Red Eléctrica de España,http://www.ree.es/en/statistical-data-of-spanish-electrical-system/annual-report/preliminary-report-spanish-electricity-system-2015,CARMA,,,,,,,,,,,125.75,118.18,124.30,121.43,143.50,WIND-V1,WIND-V1,WIND-V1,WIND-V1,WIND-V1
ESP,Spain,P.E. MAJOGAZAS,WRI1007126,49.5,39.1667,-3.8542,Wind,,,,2011.0,EXPLOTACIONES EOLICAS SIERRA DE ALCARAZ  S.L.,Red Eléctrica de España,http://www.ree.es/en/statistical-data-of-spanish-electrical-system/annual-report/preliminary-report-spanish-electricity-system-2015,CARMA,,,,,,,,,,,151.40,134.73,127.79,128.15,128.77,WIND-V1,WIND-V1,WIND-V1,WIND-V1,WIND-V1
ESP,Spain,P.E. MALAGON II,WRI1007127,50.0,39.2741,-4.0554,Wind,,,,2007.0,GAS NATURAL FENOSA RENOVABLES  S.L.U.,Red Eléctrica de España,http://www.ree.es/en/statistical-data-of-spanish-electrical-system/annual-report/preliminary-report-spanish-electricity-system-2015,WRI,,,,,,,,,,,112.00,93.81,108.95,106.35,107.13,WIND-V1,WIND-V1,WIND-V1,WIND-V1,WIND-V1
ESP,Spain,P.E. MANZANERA,WRI1007128,25.5,40.6377,-0.3404,Wind,,,,2006.0,ENERGIAS RENOVABLES MEDITERRANEAS  S.A.,Red Eléctrica de España,http://www.ree.es/en/statistical-data-of-spanish-electrical-system/annual-report/preliminary-report-spanish-electricity-system-2015,CARMA,1073791,,,,,,,,,,63.76,58.69,64.55,62.19,64.09,WIND-V1,WIND-V1,WIND-V1,WIND-V1,WIND-V1
ESP,Spain,P.E. MONTE CABEZA,WRI1007137,36.8,42.6661,-7.8861,Wind,,,,2005.0,GALICIA VENTO  S.L.,Red Eléctrica de España,http://www.ree.es/en/statistical-data-of-spanish-electrical-system/annual-report/preliminary-report-spanish-electricity-system-2015,WRI,1065364,,,,,,,,,,87.41,87.90,84.87,62.66,54.56,WIND-V1,WIND-V1,WIND-V1,WIND-V1,WIND-V1
ESP,Spain,P.E. MONTE CABEZA,WRI1023639,36.8,42.7422,-7.9383,Wind,,,,,GRUPO ELECNOR  S.A.,Red Eléctrica de España,http://www.ree.es/en/statistical-data-of-spanish-electrical-system/annual-report/preliminary-report-spanish-electricity-system-2015,WRI,1065364,,,,,,,,,,,,,,78.26,NO-ESTIMATION,NO-ESTIMATION,NO-ESTIMATION,NO-ESTIMATION,CAPACITY-FACTOR-V1
ESP,Spain,P.E. MONTE CARRIO  (ANTES MONTE CASTELO),WRI1007138,31.45,42.6609,-8.1129,Wind,,,,,IBERDROLA E.R. DE GALICIA   S.A,Red Eléctrica de España,http://www.ree.es/en/statistical-data-of-spanish-electrical-system/annual-report/preliminary-report-spanish-electricity-system-2015,CARMA,1056710,,,,,,,,,,,,,,66.88,NO-ESTIMATION,NO-ESTIMATION,NO-ESTIMATION,NO-ESTIMATION,CAPACITY-FACTOR-V1
ESP,Spain,P.E. MONTE ESQUINZA - SAN CRISTOBAL,WRI1007139,15.75,42.2500,-7.3833,Wind,,,,,DERNA  S.A.,Red Eléctrica de España,http://www.ree.es/en/statistical-data-of-spanish-electrical-system/annual-report/preliminary-report-spanish-electricity-system-2015,CARMA,,,,,,,,,,,,,,,33.49,NO-ESTIMATION,NO-ESTIMATION,NO-ESTIMATION,NO-ESTIMATION,CAPACITY-FACTOR-V1
ESP,Spain,P.E. MUELA DE TODOLELLA,WRI1007145,40.5,39.0422,-2.4807,Wind,,,,2006.0,ENERGIAS RENOVABLES MEDITERRANEAS  SA,Red Eléctrica de España,http://www.ree.es/en/statistical-data-of-spanish-electrical-system/annual-report/preliminary-report-spanish-electricity-system-2015,CARMA,1073793,,,,,,,,,,102.72,101.61,98.54,105.39,100.09,WIND-V1,WIND-V1,WIND-V1,WIND-V1,WIND-V1
ESP,Spain,P.E. MUNILLA-LASANTA,WRI1023537,46.0,42.2051,-2.3827,Wind,,,,2007.0,MOLINOS DEL CIDACOS  S.A.,Red Eléctrica de España,http://www.ree.es/en/statistical-data-of-spanish-electrical-system/annual-report/preliminary-report-spanish-electricity-system-2015,WRI,1062632,,,,,,,,,,123.97,109.99,102.33,114.63,111.06,WIND-V1,WIND-V1,WIND-V1,WIND-V1,WIND-V1
ESP,Spain,P.E. MURIAS II,WRI1007147,84.80000000000001,43.1615,-5.6234,Wind,,,,,ENDESA COGENERACION Y RENOVABLES  S.A.,Red Eléctrica de España,http://www.ree.es/en/statistical-data-of-spanish-electrical-system/annual-report/preliminary-report-spanish-electricity-system-2015,CARMA,,,,,,,,,,,,,,,180.34,NO-ESTIMATION,NO-ESTIMATION,NO-ESTIMATION,NO-ESTIMATION,CAPACITY-FACTOR-V1
ESP,Spain,P.E. ONCALA,WRI1007152,24.75,41.9503,-2.2998,Wind,,,,,COMPANIA EOLICA TIERRAS ALTAS  S.A.,Red Eléctrica de España,http://www.ree.es/en/statistical-data-of-spanish-electrical-system/annual-report/preliminary-report-spanish-electricity-system-2015,WRI,1051964,,,,,,,,,,,,,,52.63,NO-ESTIMATION,NO-ESTIMATION,NO-ESTIMATION,NO-ESTIMATION,CAPACITY-FACTOR-V1
ESP,Spain,P.E. PARAMO VEGA,WRI1007157,18.0,42.6487,-3.5904,Wind,,,,2009.0,IBERDROLA RENOVABLES CASTILLA Y LEON  SA,Red Eléctrica de España,http://www.ree.es/en/statistical-data-of-spanish-electrical-system/annual-report/preliminary-report-spanish-electricity-system-2015,CARMA,1070241,,,,,,,,,,49.80,49.31,47.16,44.06,41.27,WIND-V1,WIND-V1,WIND-V1,WIND-V1,WIND-V1
ESP,Spain,P.E. PAXAREIRAS II-C (VIRXE DO MONTE),WRI1007158,19.2,42.8233,-9.0891,Wind,,,,,P.E. VIRXE DO MONTE  S.L (ANT EUROVENTO),Red Eléctrica de España,http://www.ree.es/en/statistical-data-of-spanish-electrical-system/annual-report/preliminary-report-spanish-electricity-system-2015,CARMA,1016768,,,,,,,,,,,,,,40.83,NO-ESTIMATION,NO-ESTIMATION,NO-ESTIMATION,NO-ESTIMATION,CAPACITY-FACTOR-V1
ESP,Spain,P.E. PEDRA CHANTADA,WRI1007159,21.78,42.6088,-7.7712,Wind,,,,,CORPORACION ACCIONA EOLICA  S.L.,Red Eléctrica de España,http://www.ree.es/en/statistical-data-of-spanish-electrical-system/annual-report/preliminary-report-spanish-electricity-system-2015,CARMA,,,,,,,,,,,,,,,46.31,NO-ESTIMATION,NO-ESTIMATION,NO-ESTIMATION,NO-ESTIMATION,CAPACITY-FACTOR-V1
ESP,Spain,P.E. PEDREGAL TREMUZO,WRI1007160,44.6,42.7762,-9.0603,Wind,,,,,IBERDROLA E.R. DE GALICIA   S.A,Red Eléctrica de España,http://www.ree.es/en/statistical-data-of-spanish-electrical-system/annual-report/preliminary-report-spanish-electricity-system-2015,CARMA,1062621|1056711,,,,,,,,,,,,,,94.85,NO-ESTIMATION,NO-ESTIMATION,NO-ESTIMATION,NO-ESTIMATION,CAPACITY-FACTOR-V1
ESP,Spain,P.E. PEDREGOSO D,WRI1007161,14.85,36.0139,-5.6069,Wind,,,,2006.0,EOLICA DEL  PINO   S.L.,Red Eléctrica de España,http://www.ree.es/en/statistical-data-of-spanish-electrical-system/annual-report/preliminary-report-spanish-electricity-system-2015,CARMA,,,,,,,,,,,33.76,34.90,38.90,37.52,37.48,WIND-V1,WIND-V1,WIND-V1,WIND-V1,WIND-V1
ESP,Spain,P.E. PENA ARMADA,WRI1007162,20.7,42.2500,-7.3833,Wind,,,,,ENERGIAS ESPECIALES DE PENA ARMADA  S.A.,Red Eléctrica de España,http://www.ree.es/en/statistical-data-of-spanish-electrical-system/annual-report/preliminary-report-spanish-electricity-system-2015,CARMA,1032419,,,,,,,,,,,,,,44.02,NO-ESTIMATION,NO-ESTIMATION,NO-ESTIMATION,NO-ESTIMATION,CAPACITY-FACTOR-V1
ESP,Spain,P.E. PENA DA CRUZ,WRI1007163,22.95,42.2500,-7.3833,Wind,,,,2004.0,SISTEMAS ENERGETICOS CHANDREXA  S.A.,Red Eléctrica de España,http://www.ree.es/en/statistical-data-of-spanish-electrical-system/annual-report/preliminary-report-spanish-electricity-system-2015,CARMA,1053852|1062622,,,,,,,,,,62.58,56.52,66.14,36.76,33.23,WIND-V1,WIND-V1,WIND-V1,WIND-V1,WIND-V1
ESP,Spain,P.E. PENA FORCADA,WRI1007166,33.8,43.1653,-9.1125,Wind,,,,,ENEL GREEN POWER ESPANA  S.L.,Red Eléctrica de España,http://www.ree.es/en/statistical-data-of-spanish-electrical-system/annual-report/preliminary-report-spanish-electricity-system-2015,WRI,1056721,,,,,,,,,,,,,,71.88,NO-ESTIMATION,NO-ESTIMATION,NO-ESTIMATION,NO-ESTIMATION,CAPACITY-FACTOR-V1
ESP,Spain,P.E. PENAS GRANDES,WRI1007171,14.4,42.4667,-8.4667,Wind,,,,2005.0,GALICIA VENTO  S.L.,Red Eléctrica de España,http://www.ree.es/en/statistical-data-of-spanish-electrical-system/annual-report/preliminary-report-spanish-electricity-system-2015,CARMA,1065363,,,,,,,,,,32.12,37.67,37.11,44.09,42.04,WIND-V1,WIND-V1,WIND-V1,WIND-V1,WIND-V1
ESP,Spain,P.E. PICO COLLALBAS,WRI1007172,30.0,39.8667,-1.6333,Wind,,,,2006.0,IBERENOVA PROMOCIONES  S.A.U.,Red Eléctrica de España,http://www.ree.es/en/statistical-data-of-spanish-electrical-system/annual-report/preliminary-report-spanish-electricity-system-2015,CARMA,1064277,,,,,,,,,,70.59,70.42,79.83,75.33,69.85,WIND-V1,WIND-V1,WIND-V1,WIND-V1,WIND-V1
ESP,Spain,P.E. PICO GALLO,WRI1007173,24.42,43.3377,-6.4145,Wind,,,,2001.0,VIESGO RENOVABLES  SL,Red Eléctrica de España,http://www.ree.es/en/statistical-data-of-spanish-electrical-system/annual-report/preliminary-report-spanish-electricity-system-2015,CARMA,1050232,,,,,,,,,,54.77,56.62,48.55,48.40,48.27,WIND-V1,WIND-V1,WIND-V1,WIND-V1,WIND-V1
ESP,Spain,P.E. PLANA DE LA BALSA,WRI1007175,24.0,41.5558,-0.9601,Wind,,,,2002.0,RWE INNOGY AERSA  SAU,Red Eléctrica de España,http://www.ree.es/en/statistical-data-of-spanish-electrical-system/annual-report/preliminary-report-spanish-electricity-system-2015,CARMA,1051096,,,,,,,,,,57.70,51.57,54.34,46.93,45.07,WIND-V1,WIND-V1,WIND-V1,WIND-V1,WIND-V1
ESP,Spain,P.E. PLANA DE MARIA,WRI1007176,24.0,41.5388,-0.9962,Wind,,,,2002.0,RWE INNOGY AERSA  S.A.U.,Red Eléctrica de España,http://www.ree.es/en/statistical-data-of-spanish-electrical-system/annual-report/preliminary-report-spanish-electricity-system-2015,CARMA,1056500,,,,,,,,,,57.70,51.57,54.34,46.93,45.07,WIND-V1,WIND-V1,WIND-V1,WIND-V1,WIND-V1
ESP,Spain,P.E. PLANA DE ZARAGOZA,WRI1007177,24.0,41.5801,-1.1172,Wind,,,,2002.0,RWE INNOGY AERSA  SAU,Red Eléctrica de España,http://www.ree.es/en/statistical-data-of-spanish-electrical-system/annual-report/preliminary-report-spanish-electricity-system-2015,CARMA,1051094,,,,,,,,,,57.00,51.57,54.34,46.93,45.07,WIND-V1,WIND-V1,WIND-V1,WIND-V1,WIND-V1
ESP,Spain,P.E. PONTE REBORDELO,WRI1007179,40.3,43.0084,-9.1133,Wind,,,,2006.0,DESARROLLOS EOLICOS DUMBRIA  S.A.U.,Red Eléctrica de España,http://www.ree.es/en/statistical-data-of-spanish-electrical-system/annual-report/preliminary-report-spanish-electricity-system-2015,CARMA,1058392,,,,,,,,,,115.40,100.35,102.75,100.19,93.73,WIND-V1,WIND-V1,WIND-V1,WIND-V1,WIND-V1
ESP,Spain,P.E. PREJANO-ENCISO,WRI1007181,29.75,42.1865,-2.1800,Wind,,,,,MOLINOS DE LA RIOJA  S.A.,Red Eléctrica de España,http://www.ree.es/en/statistical-data-of-spanish-electrical-system/annual-report/preliminary-report-spanish-electricity-system-2015,CARMA,1062637,,,,,,,,,,,,,,63.26,NO-ESTIMATION,NO-ESTIMATION,NO-ESTIMATION,NO-ESTIMATION,CAPACITY-FACTOR-V1
ESP,Spain,P.E. QUINONERIA I,WRI1007186,36.55,41.3510,-2.4737,Wind,,,,,GAMESA ENERGIA  S.A. Y EOLICA NAVARRA,Red Eléctrica de España,http://www.ree.es/en/statistical-data-of-spanish-electrical-system/annual-report/preliminary-report-spanish-electricity-system-2015,CARMA,,,,,,,,,,,,,,,77.73,NO-ESTIMATION,NO-ESTIMATION,NO-ESTIMATION,NO-ESTIMATION,CAPACITY-FACTOR-V1
ESP,Spain,P.E. RADONA I,WRI1007187,80.42,41.3006,-2.4750,Wind,,,,2009.0,IBERDROLA RENOVBLES CASTILLA Y LEON  S.A.,Red Eléctrica de España,http://www.ree.es/en/statistical-data-of-spanish-electrical-system/annual-report/preliminary-report-spanish-electricity-system-2015,WRI,,,,,,,,,,,217.99,209.27,197.34,173.13,172.36,WIND-V1,WIND-V1,WIND-V1,WIND-V1,WIND-V1
ESP,Spain,P.E. RIO ALMODOVAR,WRI1007191,12.8,36.1949,-5.7634,Wind,,,,2004.0,CORPORACION ACCIONA EOLICA S.L.U,Red Eléctrica de España,http://www.ree.es/en/statistical-data-of-spanish-electrical-system/annual-report/preliminary-report-spanish-electricity-system-2015,CARMA,1058547,,,,,,,,,,32.42,32.42,31.25,28.92,28.25,WIND-V1,WIND-V1,WIND-V1,WIND-V1,WIND-V1
ESP,Spain,P.E. SAN JUAN DE BARGAS (UNIFICADO),WRI1007200,89.6,41.8157,-1.4882,Wind,,,,2005.0,SAN JUAN DE BARGAS EOLICA   S.L.,Red Eléctrica de España,http://www.ree.es/en/statistical-data-of-spanish-electrical-system/annual-report/preliminary-report-spanish-electricity-system-2015,CARMA,1073616,,,,,,,,,,215.86,217.83,206.99,227.42,209.43,WIND-V1,WIND-V1,WIND-V1,WIND-V1,WIND-V1
ESP,Spain,P.E. SANTO CRISTO DE MAGALLON,WRI1007204,40.0,41.8325,-1.4598,Wind,,,,2006.0,GEOLICA MAGALLON  S.L.,Red Eléctrica de España,http://www.ree.es/en/statistical-data-of-spanish-electrical-system/annual-report/preliminary-report-spanish-electricity-system-2015,CARMA,1073617,,,,,,,,,,94.69,92.10,94.99,94.58,85.48,WIND-V1,WIND-V1,WIND-V1,WIND-V1,WIND-V1
ESP,Spain,P.E. SERRA DE MEIRA,WRI1007207,49.3,43.2134,-7.2937,Wind,,,,,IBERDROLA E.R. DE GALICIA  S.A.,Red Eléctrica de España,http://www.ree.es/en/statistical-data-of-spanish-electrical-system/annual-report/preliminary-report-spanish-electricity-system-2015,CARMA,1062635,,,,,,,,,,,,,,104.84,NO-ESTIMATION,NO-ESTIMATION,NO-ESTIMATION,NO-ESTIMATION,CAPACITY-FACTOR-V1
ESP,Spain,P.E. SERRA DO BURGO Y AMPLIACION(11050 KW 31/5/05),WRI1007209,27.2,42.2500,-7.3833,Wind,,,,,IBERDROLA E.R. DE GALICIA  S.A.,Red Eléctrica de España,http://www.ree.es/en/statistical-data-of-spanish-electrical-system/annual-report/preliminary-report-spanish-electricity-system-2015,CARMA,1053853|1062619,,,,,,,,,,,,,,57.84,NO-ESTIMATION,NO-ESTIMATION,NO-ESTIMATION,NO-ESTIMATION,CAPACITY-FACTOR-V1
ESP,Spain,P.E. SERRA DO PARAMO,WRI1007210,20.0,42.7815,-7.4143,Wind,,,,2008.0,VIRANDEL  S.L,Red Eléctrica de España,http://www.ree.es/en/statistical-data-of-spanish-electrical-system/annual-report/preliminary-report-spanish-electricity-system-2015,CARMA,1068967,,,,,,,,,,57.03,50.03,46.21,27.21,30.93,WIND-V1,WIND-V1,WIND-V1,WIND-V1,WIND-V1
ESP,Spain,P.E. SIERRA DE GUINDOS,WRI1007217,24.7,39.1452,-1.3288,Wind,,,,,DYTA EOLICA DE CASTILLA LA MANCHA  S.A.,Red Eléctrica de España,http://www.ree.es/en/statistical-data-of-spanish-electrical-system/annual-report/preliminary-report-spanish-electricity-system-2015,CARMA,,,,,,,,,,,,,,,52.52,NO-ESTIMATION,NO-ESTIMATION,NO-ESTIMATION,NO-ESTIMATION,CAPACITY-FACTOR-V1
ESP,Spain,P.E. SIERRA DE LA OLIVA,WRI1007218,30.0,38.7480,-1.1985,Wind,,,,2005.0,GAS NATURAL FENOSA RENOVABLES  S.L.U.,Red Eléctrica de España,http://www.ree.es/en/statistical-data-of-spanish-electrical-system/annual-report/preliminary-report-spanish-electricity-system-2015,WRI,,,,,,,,,,,70.98,64.82,72.21,82.97,79.72,WIND-V1,WIND-V1,WIND-V1,WIND-V1,WIND-V1
ESP,Spain,P.E. SIERRA DE LA OLIVA,WRI1023642,46.86,38.7564,-1.0117,Wind,,,,,IBERDROLA E.RENOV. CASTILLA LA MANCHA,Red Eléctrica de España,http://www.ree.es/en/statistical-data-of-spanish-electrical-system/annual-report/preliminary-report-spanish-electricity-system-2015,WRI,1049156,,,,,,,,,,,,,,99.65,NO-ESTIMATION,NO-ESTIMATION,NO-ESTIMATION,NO-ESTIMATION,CAPACITY-FACTOR-V1
ESP,Spain,P.E. SIERRA DE LA VIRGEN,WRI1007219,28.8,41.5406,-1.7166,Wind,,,,2005.0,EXPL. EOLICAS SIERRA DE LA VIRGEN  SA,Red Eléctrica de España,http://www.ree.es/en/statistical-data-of-spanish-electrical-system/annual-report/preliminary-report-spanish-electricity-system-2015,CARMA,,,,,,,,,,,68.60,71.18,70.51,67.24,63.78,WIND-V1,WIND-V1,WIND-V1,WIND-V1,WIND-V1
ESP,Spain,P.E. SIERRA DE LOS BAOS Y PUMAR,WRI1007221,30.6,43.4118,-6.2602,Wind,,,,2007.0,EOLICA DE CURISCAO PUMAR  S.A.U.,Red Eléctrica de España,http://www.ree.es/en/statistical-data-of-spanish-electrical-system/annual-report/preliminary-report-spanish-electricity-system-2015,CARMA,1065319,,,,,,,,,,73.45,67.95,65.07,73.40,71.03,WIND-V1,WIND-V1,WIND-V1,WIND-V1,WIND-V1
ESP,Spain,P.E. SIERRA DE SELVA,WRI1007226,33.0,42.4500,-1.1167,Wind,,,,,SIERRA DE SELVA  S.A.,Red Eléctrica de España,http://www.ree.es/en/statistical-data-of-spanish-electrical-system/annual-report/preliminary-report-spanish-electricity-system-2015,CARMA,1049574,,,,,,,,,,,,,,70.18,NO-ESTIMATION,NO-ESTIMATION,NO-ESTIMATION,NO-ESTIMATION,CAPACITY-FACTOR-V1
ESP,Spain,P.E. SIERRA DE TINEO,WRI1007227,44.0,43.3377,-6.4145,Wind,,,,2009.0,VIESGO RENOVABLES  SL,Red Eléctrica de España,http://www.ree.es/en/statistical-data-of-spanish-electrical-system/annual-report/preliminary-report-spanish-electricity-system-2015,CARMA,1068965,,,,,,,,,,116.97,114.28,111.21,102.06,101.61,WIND-V1,WIND-V1,WIND-V1,WIND-V1,WIND-V1
ESP,Spain,P.E. SIERRA DEL ACEBO,WRI1007229,17.82,43.2155,-6.8757,Wind,,,,,PARQUES EOLICOS DEL CANTABRICO  S.A.,Red Eléctrica de España,http://www.ree.es/en/statistical-data-of-spanish-electrical-system/annual-report/preliminary-report-spanish-electricity-system-2015,CARMA,1053811,,,,,,,,,,,,,,37.89,NO-ESTIMATION,NO-ESTIMATION,NO-ESTIMATION,NO-ESTIMATION,CAPACITY-FACTOR-V1
ESP,Spain,P.E. SIERRA DEL CORTADO,WRI1007232,18.48,41.7389,-2.1697,Wind,,,,2003.0,PARQUE EOLICO SIERRA DEL MADERO  S.A.,Red Eléctrica de España,http://www.ree.es/en/statistical-data-of-spanish-electrical-system/annual-report/preliminary-report-spanish-electricity-system-2015,CARMA,1053833,,,,,,,,,,44.64,43.65,42.23,41.94,36.93,WIND-V1,WIND-V1,WIND-V1,WIND-V1,WIND-V1
ESP,Spain,P.E. SIERRA DEL TRIGO,WRI1007234,15.18,37.5302,-3.6562,Wind,,,,,OLIVENTO  S.L.U (ANTS.E.SIERRA DEL TRIGO,Red Eléctrica de España,http://www.ree.es/en/statistical-data-of-spanish-electrical-system/annual-report/preliminary-report-spanish-electricity-system-2015,CARMA,1062166,,,,,,,,,,,,,,32.28,NO-ESTIMATION,NO-ESTIMATION,NO-ESTIMATION,NO-ESTIMATION,CAPACITY-FACTOR-V1
ESP,Spain,P.E. SIERRA LACERA,WRI1007236,36.9,40.7342,-1.6172,Wind,,,,,PROVENTO RENOVABLES  S.A.,Red Eléctrica de España,http://www.ree.es/en/statistical-data-of-spanish-electrical-system/annual-report/preliminary-report-spanish-electricity-system-2015,CARMA,1077461,,,,,,,,,,,,,,78.47,NO-ESTIMATION,NO-ESTIMATION,NO-ESTIMATION,NO-ESTIMATION,CAPACITY-FACTOR-V1
ESP,Spain,P.E. SIERRA QUEMADA,WRI1007239,26.25,38.9147,-3.5369,Wind,,,,,IBERDROLA E.RENOV. CASTILLA LA MANCHA,Red Eléctrica de España,http://www.ree.es/en/statistical-data-of-spanish-electrical-system/annual-report/preliminary-report-spanish-electricity-system-2015,CARMA,1049154,,,,,,,,,,,,,,55.82,NO-ESTIMATION,NO-ESTIMATION,NO-ESTIMATION,NO-ESTIMATION,CAPACITY-FACTOR-V1
ESP,Spain,P.E. SOS DEL REY CATOLICO,WRI1007244,48.75,42.4969,-1.2151,Wind,,,,2001.0,SIERRA DE SELVA  S.L.,Red Eléctrica de España,http://www.ree.es/en/statistical-data-of-spanish-electrical-system/annual-report/preliminary-report-spanish-electricity-system-2015,CARMA,1074123,,,,,,,,,,128.09,115.65,107.82,107.40,107.11,WIND-V1,WIND-V1,WIND-V1,WIND-V1,WIND-V1
ESP,Spain,P.E. TARAYUELA,WRI1007247,30.0,41.9778,-0.5373,Wind,,,,2006.0,BIOVENT ENERGIA  SA,Red Eléctrica de España,http://www.ree.es/en/statistical-data-of-spanish-electrical-system/annual-report/preliminary-report-spanish-electricity-system-2015,CARMA,1110422,,,,,,,,,,70.59,70.42,75.98,75.33,69.85,WIND-V1,WIND-V1,WIND-V1,WIND-V1,WIND-V1
ESP,Spain,P.E. TARDIENTA I,WRI1007248,93.7,41.9778,-0.5373,Wind,,,,,IBERDROLA E.R. DE ARAGON  S.A.,Red Eléctrica de España,http://www.ree.es/en/statistical-data-of-spanish-electrical-system/annual-report/preliminary-report-spanish-electricity-system-2015,CARMA,,,,,,,,,,,,,,,199.27,NO-ESTIMATION,NO-ESTIMATION,NO-ESTIMATION,NO-ESTIMATION,CAPACITY-FACTOR-V1
ESP,Spain,P.E. TINAJEROS,WRI1007249,50.0,39.0688,-1.7434,Wind,,,,,WINDSOLAR  A.G.,Red Eléctrica de España,http://www.ree.es/en/statistical-data-of-spanish-electrical-system/annual-report/preliminary-report-spanish-electricity-system-2015,CARMA,,,,,,,,,,,,,,,106.33,NO-ESTIMATION,NO-ESTIMATION,NO-ESTIMATION,NO-ESTIMATION,CAPACITY-FACTOR-V1
ESP,Spain,P.E. TORRE MIRO II,WRI1007252,99.0,40.6197,-0.0989,Wind,,,,2006.0,ENERGIAS RENOVABLES MEDITERRANEAS  S.A.,Red Eléctrica de España,http://www.ree.es/en/statistical-data-of-spanish-electrical-system/annual-report/preliminary-report-spanish-electricity-system-2015,CARMA,1073786,,,,,,,,,,253.86,235.51,238.18,230.78,247.55,WIND-V1,WIND-V1,WIND-V1,WIND-V1,WIND-V1
ESP,Spain,P.E. VALDECONEJOS,WRI1007259,32.3,40.7947,-0.8101,Wind,,,,2006.0,OLIVENTO  S.L.U.,Red Eléctrica de España,http://www.ree.es/en/statistical-data-of-spanish-electrical-system/annual-report/preliminary-report-spanish-electricity-system-2015,CARMA,1070154,,,,,,,,,,94.26,74.57,78.75,78.77,72.51,WIND-V1,WIND-V1,WIND-V1,WIND-V1,WIND-V1
ESP,Spain,P.E. VALDEPERO,WRI1007262,30.0,42.0753,-4.5005,Wind,,,,2007.0,GAS NATURAL FENOSA RENOVABLES  S.L.,Red Eléctrica de España,http://www.ree.es/en/statistical-data-of-spanish-electrical-system/annual-report/preliminary-report-spanish-electricity-system-2015,CARMA,1073742,,,,,,,,,,77.71,70.54,68.36,76.80,72.42,WIND-V1,WIND-V1,WIND-V1,WIND-V1,WIND-V1
ESP,Spain,P.E. VALMEDIANO,WRI1007263,34.0,41.8347,-5.8888,Wind,,,,,IBERENOVA PROMOCIONES  S.A.,Red Eléctrica de España,http://www.ree.es/en/statistical-data-of-spanish-electrical-system/annual-report/preliminary-report-spanish-electricity-system-2015,CARMA,1053835,,,,,,,,,,,,,,72.30,NO-ESTIMATION,NO-ESTIMATION,NO-ESTIMATION,NO-ESTIMATION,CAPACITY-FACTOR-V1
ESP,Spain,P.E. VECIANA,WRI1023541,29.27,41.6377,1.4353,Wind,,,,2010.0,PARC EOLIC VECIANA-CABARO  SL,Red Eléctrica de España,http://www.ree.es/en/statistical-data-of-spanish-electrical-system/annual-report/preliminary-report-spanish-electricity-system-2015,WRI,,,,,,,,,,,81.89,82.54,82.75,76.42,69.26,WIND-V1,WIND-V1,WIND-V1,WIND-V1,WIND-V1
ESP,Spain,P.E.EL ROBLECILLO DE ARRIBA,WRI1007278,49.8,40.5934,-1.9095,Wind,,,,,PARQUE EOLICO EL ROBLECILLO  S.L.,Red Eléctrica de España,http://www.ree.es/en/statistical-data-of-spanish-electrical-system/annual-report/preliminary-report-spanish-electricity-system-2015,CARMA,,,,,,,,,,,,,,,105.91,NO-ESTIMATION,NO-ESTIMATION,NO-ESTIMATION,NO-ESTIMATION,CAPACITY-FACTOR-V1
ESP,Spain,P.E.HUENEJA 3,WRI1007279,49.5,37.1766,-2.9502,Wind,,,,2007.0,IBERDROLA RENOVABLES DE ANDALUCIA. S.A.U.,Red Eléctrica de España,http://www.ree.es/en/statistical-data-of-spanish-electrical-system/annual-report/preliminary-report-spanish-electricity-system-2015,CARMA,1079538,,,,,,,,,,134.47,125.56,122.52,129.81,127.51,WIND-V1,WIND-V1,WIND-V1,WIND-V1,WIND-V1
ESP,Spain,PADORNELO,WRI1007282,31.45,42.0357,-6.9054,Wind,,,,2004.0,IBEREOLICA PADORNELO  S.A.,Red Eléctrica de España,http://www.ree.es/en/statistical-data-of-spanish-electrical-system/annual-report/preliminary-report-spanish-electricity-system-2015,CARMA,1063697,,,,,,,,,,75.77,76.57,92.33,87.98,74.73,WIND-V1,WIND-V1,WIND-V1,WIND-V1,WIND-V1
ESP,Spain,PALOS DE LA FRONTERA GRUPO 1,WRI1007283,1167.0,37.1843,-6.8857,Gas,,,,2004.0,GAS NATURAL FENOSA GENERACION  S.L.U.,Red Eléctrica de España,http://www.ree.es/en/statistical-data-of-spanish-electrical-system/annual-report/preliminary-report-spanish-electricity-system-2015,GEODB,1051730,,,,178.209,66.651,392.689,,,JRC-PPDB-OPEN,,,,,2766.17,NO-ESTIMATION,NO-ESTIMATION,NO-ESTIMATION,NO-ESTIMATION,CAPACITY-FACTOR-V1
ESP,Spain,PAMPANEIRA,WRI1007285,12.8,36.9402,-3.3610,Hydro,,,,1956.0,ENDESA GENERACION S.A.,Red Eléctrica de España,http://www.ree.es/en/statistical-data-of-spanish-electrical-system/annual-report/preliminary-report-spanish-electricity-system-2015,CARMA,1012822,,,,,,,,,,38.24,38.40,25.95,38.35,24.11,HYDRO-V1,HYDRO-V1,HYDRO-V1,HYDRO-V1,HYDRO-V1
ESP,Spain,PAPELERA GUIPUZCOANA,WRI1007287,79.918,43.2596,-1.9688,Gas,,,,,PAPELERA GUIPUZCOANA DE ZICUNAGA SA,Red Eléctrica de España,http://www.ree.es/en/statistical-data-of-spanish-electrical-system/annual-report/preliminary-report-spanish-electricity-system-2015,WRI,,,,,,,,,,,,,,,189.43,NO-ESTIMATION,NO-ESTIMATION,NO-ESTIMATION,NO-ESTIMATION,CAPACITY-FACTOR-V1
ESP,Spain,PAPELERA ROMANI,WRI1007290,18.801,43.3000,-7.5833,Oil,,,,1999.0,ROFEICA ENERGIA  S.A.,Red Eléctrica de España,http://www.ree.es/en/statistical-data-of-spanish-electrical-system/annual-report/preliminary-report-spanish-electricity-system-2015,CARMA,,,,,,,,,,,,,,,39.17,NO-ESTIMATION,NO-ESTIMATION,NO-ESTIMATION,NO-ESTIMATION,CAPACITY-FACTOR-V1
ESP,Spain,PARAMO DE LA MESUCA,WRI1007294,36.0,42.6654,-3.5014,Wind,,,,,PALENCIA ENERGIA EOLICA  A.I.E.,Red Eléctrica de España,http://www.ree.es/en/statistical-data-of-spanish-electrical-system/annual-report/preliminary-report-spanish-electricity-system-2015,CARMA,,,,,,,,,,,,,,,76.56,NO-ESTIMATION,NO-ESTIMATION,NO-ESTIMATION,NO-ESTIMATION,CAPACITY-FACTOR-V1
ESP,Spain,PARAMO DE POZA I,WRI1007295,96.76,42.6654,-3.5014,Wind,,,,,EOLICAS PARAMO DE POZA  S.A.,Red Eléctrica de España,http://www.ree.es/en/statistical-data-of-spanish-electrical-system/annual-report/preliminary-report-spanish-electricity-system-2015,CARMA,1051969,,,,,,,,,,,,,,205.78,NO-ESTIMATION,NO-ESTIMATION,NO-ESTIMATION,NO-ESTIMATION,CAPACITY-FACTOR-V1
ESP,Spain,PARQUE EOLICO A CARBA,WRI1007301,19.5,43.3000,-7.6833,Wind,,,,,CORPORACION ACCIONA EOLICA  S.L.,Red Eléctrica de España,http://www.ree.es/en/statistical-data-of-spanish-electrical-system/annual-report/preliminary-report-spanish-electricity-system-2015,CARMA,1049614,,,,,,,,,,,,,,41.47,NO-ESTIMATION,NO-ESTIMATION,NO-ESTIMATION,NO-ESTIMATION,CAPACITY-FACTOR-V1
ESP,Spain,PARQUE EOLICO AIBAR,WRI1007302,33.84,42.5920,-1.3604,Wind,,,,,ACCIONA ENERGIA,Red Eléctrica de España,http://www.ree.es/en/statistical-data-of-spanish-electrical-system/annual-report/preliminary-report-spanish-electricity-system-2015,CARMA,1049580,,,,,,,,,,,,,,71.96,NO-ESTIMATION,NO-ESTIMATION,NO-ESTIMATION,NO-ESTIMATION,CAPACITY-FACTOR-V1
ESP,Spain,PARQUE EOLICO ALABE-SOAN,WRI1007303,19.5,38.4000,-6.4667,Wind,,,,1999.0,ACCIONA EOLICA DE GALICIA  S.A.,Red Eléctrica de España,http://www.ree.es/en/statistical-data-of-spanish-electrical-system/annual-report/preliminary-report-spanish-electricity-system-2015,CARMA,,,,,,,,,,,36.83,34.97,36.89,34.07,33.49,WIND-V1,WIND-V1,WIND-V1,WIND-V1,WIND-V1
ESP,Spain,PARQUE EOLICO ALCONERA,WRI1007304,14.4,38.4000,-6.4667,Wind,,,,,SINAE  ENERGIA Y MEDIO AMBIENTE  S.A.,Red Eléctrica de España,http://www.ree.es/en/statistical-data-of-spanish-electrical-system/annual-report/preliminary-report-spanish-electricity-system-2015,CARMA,1075697,,,,,,,,,,,,,,30.62,NO-ESTIMATION,NO-ESTIMATION,NO-ESTIMATION,NO-ESTIMATION,CAPACITY-FACTOR-V1
ESP,Spain,PARQUE EOLICO ALTO DE LA MORERUELA,WRI1007313,49.5,40.0167,-0.6500,Wind,,,,,ENERGIAS EOLICAS EUROPEAS  S.A.,Red Eléctrica de España,http://www.ree.es/en/statistical-data-of-spanish-electrical-system/annual-report/preliminary-report-spanish-electricity-system-2015,CARMA,,,,,,,,,,,,,,,105.27,NO-ESTIMATION,NO-ESTIMATION,NO-ESTIMATION,NO-ESTIMATION,CAPACITY-FACTOR-V1
ESP,Spain,PARQUE EOLICO ALTO PALANCIA III,WRI1007317,94.0,39.9894,-0.6804,Wind,,,,2009.0,CORPORACION ACCIONA EOLICA  S.L.,Red Eléctrica de España,http://www.ree.es/en/statistical-data-of-spanish-electrical-system/annual-report/preliminary-report-spanish-electricity-system-2015,WRI,1088113,,,,,,,,,,272.61,243.55,218.61,203.53,202.62,WIND-V1,WIND-V1,WIND-V1,WIND-V1,WIND-V1
ESP,Spain,PARQUE EOLICO ARRIELLO,WRI1007325,24.42,40.4288,-0.2577,Wind,,,,,MOLINOS DEL EBRO  S.A.,Red Eléctrica de España,http://www.ree.es/en/statistical-data-of-spanish-electrical-system/annual-report/preliminary-report-spanish-electricity-system-2015,CARMA,1073787,,,,,,,,,,,,,,51.93,NO-ESTIMATION,NO-ESTIMATION,NO-ESTIMATION,NO-ESTIMATION,CAPACITY-FACTOR-V1
ESP,Spain,PARQUE EOLICO BELCHITE,WRI1007333,49.5,41.3032,-0.7505,Wind,,,,2005.0,PARQUE EOLICO BELCHITE  S.L.,Red Eléctrica de España,http://www.ree.es/en/statistical-data-of-spanish-electrical-system/annual-report/preliminary-report-spanish-electricity-system-2015,CARMA,1061948,,,,,,,,,,125.30,130.76,126.27,133.50,125.96,WIND-V1,WIND-V1,WIND-V1,WIND-V1,WIND-V1
ESP,Spain,PARQUE EOLICO BOIRA,WRI1007337,34.5,41.8341,-1.5327,Wind,,,,2009.0,ACCIONA EOLICA DEL LEVANTE  S.L.,Red Eléctrica de España,http://www.ree.es/en/statistical-data-of-spanish-electrical-system/annual-report/preliminary-report-spanish-electricity-system-2015,CARMA,1079546,,,,,,,,,,109.98,96.31,87.25,82.09,80.68,WIND-V1,WIND-V1,WIND-V1,WIND-V1,WIND-V1
ESP,Spain,PARQUE EOLICO BORJA 2,WRI1007338,37.510000000000005,41.8341,-1.5327,Wind,,,,,COMPANIA EOLICA ARAGONESA  S.A.,Red Eléctrica de España,http://www.ree.es/en/statistical-data-of-spanish-electrical-system/annual-report/preliminary-report-spanish-electricity-system-2015,CARMA,,,,,,,,,,,,,,,79.77,NO-ESTIMATION,NO-ESTIMATION,NO-ESTIMATION,NO-ESTIMATION,CAPACITY-FACTOR-V1
ESP,Spain,PARQUE EOLICO CALDERON,WRI1007341,18.0,39.4085,-2.2017,Wind,,,,,N.E.G. MICON,Red Eléctrica de España,http://www.ree.es/en/statistical-data-of-spanish-electrical-system/annual-report/preliminary-report-spanish-electricity-system-2015,CARMA,,,,,,,,,,,,,,,38.28,NO-ESTIMATION,NO-ESTIMATION,NO-ESTIMATION,NO-ESTIMATION,CAPACITY-FACTOR-V1
ESP,Spain,PARQUE EOLICO CERRO DE LA HIGUERA,WRI1007350,36.0,36.8780,-4.8469,Wind,,,,2009.0,SISTEMAS ENERGETICOS DE LA HIGUERA S.A.U.,Red Eléctrica de España,http://www.ree.es/en/statistical-data-of-spanish-electrical-system/annual-report/preliminary-report-spanish-electricity-system-2015,CARMA,1076579,,,,,,,,,,94.56,93.55,91.16,80.58,85.63,WIND-V1,WIND-V1,WIND-V1,WIND-V1,WIND-V1
ESP,Spain,PARQUE EOLICO CERRO DE LA NEVERA,WRI1007352,31.5,39.8833,-0.9500,Wind,,,,2009.0,ENERGIAS RENOVABLES MEDITERRANEAS  S.A.,Red Eléctrica de España,http://www.ree.es/en/statistical-data-of-spanish-electrical-system/annual-report/preliminary-report-spanish-electricity-system-2015,CARMA,1073794,,,,,,,,,,94.45,86.60,84.66,79.00,78.66,WIND-V1,WIND-V1,WIND-V1,WIND-V1,WIND-V1
ESP,Spain,PARQUE EOLICO COLMENAR II,WRI1007359,28.0,39.9667,-0.2500,Wind,,,,2007.0,AL-ANDALUS WIND POWER  S.L.,Red Eléctrica de España,http://www.ree.es/en/statistical-data-of-spanish-electrical-system/annual-report/preliminary-report-spanish-electricity-system-2015,CARMA,,,,,,,,,,,71.72,66.35,61.39,64.58,58.13,WIND-V1,WIND-V1,WIND-V1,WIND-V1,WIND-V1
ESP,Spain,PARQUE EOLICO CORME G-3,WRI1007361,18.3,43.2433,-8.9008,Wind,,,,2000.0,DESARROLLOS EOLICOS DE CORME  S.A.,Red Eléctrica de España,http://www.ree.es/en/statistical-data-of-spanish-electrical-system/annual-report/preliminary-report-spanish-electricity-system-2015,CARMA,1073607,,,,,,,,,,35.79,29.22,26.98,29.15,32.61,WIND-V1,WIND-V1,WIND-V1,WIND-V1,WIND-V1
ESP,Spain,PARQUE EOLICO CORTIJO DE GUERRA II,WRI1007362,28.0,36.6865,-6.1361,Wind,,,,2007.0,LDV CORTIJO DE GUERRA  S.L.,Red Eléctrica de España,http://www.ree.es/en/statistical-data-of-spanish-electrical-system/annual-report/preliminary-report-spanish-electricity-system-2015,CARMA,1066485,,,,,,,,,,72.53,65.83,67.52,70.25,68.08,WIND-V1,WIND-V1,WIND-V1,WIND-V1,WIND-V1
ESP,Spain,PARQUE EOLICO CORTIJO DE IRUELAS,WRI1007363,13.6,37.3167,-4.0500,Wind,,,,2005.0,CORPORACION ACCIONA EOLICA S.L.U,Red Eléctrica de España,http://www.ree.es/en/statistical-data-of-spanish-electrical-system/annual-report/preliminary-report-spanish-electricity-system-2015,CARMA,1058550,,,,,,,,,,35.13,35.55,20.43,44.97,36.27,WIND-V1,WIND-V1,WIND-V1,WIND-V1,WIND-V1
ESP,Spain,PARQUE EOLICO CORTIJO LA LINERA,WRI1007364,28.0,38.1144,-2.5711,Wind,,,,2008.0,SISTEMAS ENERGETICOS LA LINERA S.A.U.,Red Eléctrica de España,http://www.ree.es/en/statistical-data-of-spanish-electrical-system/annual-report/preliminary-report-spanish-electricity-system-2015,CARMA,1076581,,,,,,,,,,72.77,67.13,65.89,62.57,69.90,WIND-V1,WIND-V1,WIND-V1,WIND-V1,WIND-V1
ESP,Spain,PARQUE EOLICO COUTO DE SAN SEBASTIAN,WRI1007366,18.0,42.6960,-8.2465,Wind,,,,2007.0,ENEL GREEN POWER ESPANA  S.L.,Red Eléctrica de España,http://www.ree.es/en/statistical-data-of-spanish-electrical-system/annual-report/preliminary-report-spanish-electricity-system-2015,CARMA,1071230,,,,,,,,,,46.81,43.60,41.79,27.92,27.04,WIND-V1,WIND-V1,WIND-V1,WIND-V1,WIND-V1
ESP,Spain,PARQUE EOLICO CRUZ DE HIERRO,WRI1007368,14.52,40.7167,-4.4500,Wind,,,,2000.0,PARQUE EOLICO ALTOS DEL VOLTOYA  S.A.,Red Eléctrica de España,http://www.ree.es/en/statistical-data-of-spanish-electrical-system/annual-report/preliminary-report-spanish-electricity-system-2015,CARMA,1046268,,,,,,,,,,32.94,27.60,28.39,26.32,28.21,WIND-V1,WIND-V1,WIND-V1,WIND-V1,WIND-V1
ESP,Spain,PARQUE EOLICO DE LA SOLANA,WRI1007389,24.0,38.6328,-0.8197,Wind,,,,,EOLICAS COMUNIDAD VALENCIANA S.A(ECOVASA,Red Eléctrica de España,http://www.ree.es/en/statistical-data-of-spanish-electrical-system/annual-report/preliminary-report-spanish-electricity-system-2015,CARMA,,,,,,,,,,,,,,,51.04,NO-ESTIMATION,NO-ESTIMATION,NO-ESTIMATION,NO-ESTIMATION,CAPACITY-FACTOR-V1
ESP,Spain,PARQUE EOLICO DE LAS AZORRILLAS,WRI1007390,32.0,37.1882,-3.6067,Wind,,,,,SINAE  ENERGIA Y MEDIO AMBIENTE  S.A.,Red Eléctrica de España,http://www.ree.es/en/statistical-data-of-spanish-electrical-system/annual-report/preliminary-report-spanish-electricity-system-2015,CARMA,,,,,,,,,,,,,,,68.05,NO-ESTIMATION,NO-ESTIMATION,NO-ESTIMATION,NO-ESTIMATION,CAPACITY-FACTOR-V1
ESP,Spain,PARQUE EOLICO DE LAS PEDRIZAS,WRI1007391,24.0,37.1882,-3.6067,Wind,,,,,EOLICAS COMUNIDAD VALENCIANA  S.A.,Red Eléctrica de España,http://www.ree.es/en/statistical-data-of-spanish-electrical-system/annual-report/preliminary-report-spanish-electricity-system-2015,CARMA,,,,,,,,,,,,,,,51.04,NO-ESTIMATION,NO-ESTIMATION,NO-ESTIMATION,NO-ESTIMATION,CAPACITY-FACTOR-V1
ESP,Spain,PARQUE EOLICO DE LOS VISOS,WRI1007392,24.42,41.6336,-1.2744,Wind,,,,,SALTOS DE DOMENO  S.A.,Red Eléctrica de España,http://www.ree.es/en/statistical-data-of-spanish-electrical-system/annual-report/preliminary-report-spanish-electricity-system-2015,CARMA,1074135,,,,,,,,,,,,,,51.93,NO-ESTIMATION,NO-ESTIMATION,NO-ESTIMATION,NO-ESTIMATION,CAPACITY-FACTOR-V1
ESP,Spain,PARQUE EOLICO DE PAXAREIRAS IIF (A RUNA),WRI1007395,24.6,42.8233,-9.0891,Wind,,,,2000.0,P.E. DE A RUNA  S.L (ANTERIOR EUROVENTO),Red Eléctrica de España,http://www.ree.es/en/statistical-data-of-spanish-electrical-system/annual-report/preliminary-report-spanish-electricity-system-2015,CARMA,1016768,,,,,,,,,,73.08,57.21,55.21,42.63,49.62,WIND-V1,WIND-V1,WIND-V1,WIND-V1,WIND-V1
ESP,Spain,PARQUE EOLICO DE SAN GREGORIO,WRI1007399,15.0,42.0325,-1.5259,Wind,,,,,EOLICA CABANILLAS  S.A.,Red Eléctrica de España,http://www.ree.es/en/statistical-data-of-spanish-electrical-system/annual-report/preliminary-report-spanish-electricity-system-2015,CARMA,1065360,,,,,,,,,,,,,,31.90,NO-ESTIMATION,NO-ESTIMATION,NO-ESTIMATION,NO-ESTIMATION,CAPACITY-FACTOR-V1
ESP,Spain,PARQUE EOLICO DEHESA DEL COSCOJAR,WRI1007408,15.0,41.9006,-1.4199,Wind,,,,,DESARROLLO EOLICO DEL EBRO  S.A.,Red Eléctrica de España,http://www.ree.es/en/statistical-data-of-spanish-electrical-system/annual-report/preliminary-report-spanish-electricity-system-2015,CARMA,,,,,,,,,,,,,,,31.90,NO-ESTIMATION,NO-ESTIMATION,NO-ESTIMATION,NO-ESTIMATION,CAPACITY-FACTOR-V1
ESP,Spain,PARQUE EOLICO EL BANCAL,WRI1007418,21.0,36.0139,-5.6069,Wind,,,,2007.0,RWE INNOGY AERSA S.A.,Red Eléctrica de España,http://www.ree.es/en/statistical-data-of-spanish-electrical-system/annual-report/preliminary-report-spanish-electricity-system-2015,CARMA,1063303,,,,,,,,,,56.94,50.00,50.87,59.51,63.63,WIND-V1,WIND-V1,WIND-V1,WIND-V1,WIND-V1
ESP,Spain,PARQUE EOLICO EL CENTENAR,WRI1007423,40.0,36.5390,-5.3868,Wind,,,,2009.0,IBERDROLA RENOVABLES ANDALUCIA S.A.U.,Red Eléctrica de España,http://www.ree.es/en/statistical-data-of-spanish-electrical-system/annual-report/preliminary-report-spanish-electricity-system-2015,CARMA,1074283,,,,,,,,,,106.37,104.40,89.06,89.23,88.83,WIND-V1,WIND-V1,WIND-V1,WIND-V1,WIND-V1
ESP,Spain,PARQUE EOLICO EL CONJURO,WRI1007425,17.0,36.7507,-3.5179,Wind,,,,2006.0,OLIVENTO S.L.,Red Eléctrica de España,http://www.ree.es/en/statistical-data-of-spanish-electrical-system/annual-report/preliminary-report-spanish-electricity-system-2015,CARMA,1070155,,,,,,,,,,41.18,40.63,45.18,43.79,52.34,WIND-V1,WIND-V1,WIND-V1,WIND-V1,WIND-V1
ESP,Spain,PARQUE EOLICO EL GUIJO,WRI1007428,47.6,41.0983,-2.5741,Wind,,,,,LURIA DE ENERGIAS  S.A.,Red Eléctrica de España,http://www.ree.es/en/statistical-data-of-spanish-electrical-system/annual-report/preliminary-report-spanish-electricity-system-2015,CARMA,,,,,,,,,,,,,,,101.23,NO-ESTIMATION,NO-ESTIMATION,NO-ESTIMATION,NO-ESTIMATION,CAPACITY-FACTOR-V1
ESP,Spain,PARQUE EOLICO EL MORAL,WRI1007431,25.5,38.8299,-3.5781,Wind,,,,,PROVENTO RENOVABLES  S.A.,Red Eléctrica de España,http://www.ree.es/en/statistical-data-of-spanish-electrical-system/annual-report/preliminary-report-spanish-electricity-system-2015,CARMA,1064120,,,,,,,,,,,,,,54.23,NO-ESTIMATION,NO-ESTIMATION,NO-ESTIMATION,NO-ESTIMATION,CAPACITY-FACTOR-V1
ESP,Spain,PARQUE EOLICO EL MORALEJO,WRI1007432,16.25,38.9667,-1.2167,Wind,,,,,DESARROLLO Y EXPLOTACIONES AGRARIAS,Red Eléctrica de España,http://www.ree.es/en/statistical-data-of-spanish-electrical-system/annual-report/preliminary-report-spanish-electricity-system-2015,CARMA,1078531,,,,,,,,,,,,,,34.55,NO-ESTIMATION,NO-ESTIMATION,NO-ESTIMATION,NO-ESTIMATION,CAPACITY-FACTOR-V1
ESP,Spain,PARQUE EOLICO EL PICAL,WRI1007436,19.8,41.7494,-2.1887,Wind,,,,2001.0,SISTEMAS ENERGETICOS VALLE DE SEDANO  S.A.U.,Red Eléctrica de España,http://www.ree.es/en/statistical-data-of-spanish-electrical-system/annual-report/preliminary-report-spanish-electricity-system-2015,WRI,1047441,,,,,,,,,,43.25,43.98,40.62,37.93,37.82,WIND-V1,WIND-V1,WIND-V1,WIND-V1,WIND-V1
ESP,Spain,PARQUE EOLICO EL PICAZO,WRI1007437,50.0,39.4500,-2.0833,Wind,,,,,INGENIERIA Y PROMOCIONES EOLICAS  S.L.,Red Eléctrica de España,http://www.ree.es/en/statistical-data-of-spanish-electrical-system/annual-report/preliminary-report-spanish-electricity-system-2015,CARMA,,,,,,,,,,,,,,,106.33,NO-ESTIMATION,NO-ESTIMATION,NO-ESTIMATION,NO-ESTIMATION,CAPACITY-FACTOR-V1
ESP,Spain,PARQUE EOLICO EL TABLADO,WRI1007446,19.8,41.7175,-1.8109,Wind,,,,1999.0,SISTEMAS ENERGETICOS DEL MONCAYO  S.A.,Red Eléctrica de España,http://www.ree.es/en/statistical-data-of-spanish-electrical-system/annual-report/preliminary-report-spanish-electricity-system-2015,CARMA,1049560,,,,,,,,,,31.00,29.45,31.45,35.38,35.28,WIND-V1,WIND-V1,WIND-V1,WIND-V1,WIND-V1
ESP,Spain,PARQUE EOLICO EL TORANZO,WRI1007447,18.0,41.7631,-1.8882,Wind,,,,1998.0,ECOWING ENERGY  S.L.,Red Eléctrica de España,http://www.ree.es/en/statistical-data-of-spanish-electrical-system/annual-report/preliminary-report-spanish-electricity-system-2015,CARMA,1047442,,,,,,,,,,25.34,27.83,32.08,32.16,31.89,WIND-V1,WIND-V1,WIND-V1,WIND-V1,WIND-V1
ESP,Spain,PARQUE EOLICO ENIX,WRI1007452,13.2,36.8773,-2.6018,Wind,,,,1997.0,ENEL GREEN POWER ESPANA S.L.,Red Eléctrica de España,http://www.ree.es/en/statistical-data-of-spanish-electrical-system/annual-report/preliminary-report-spanish-electricity-system-2015,CARMA,1040500,,,,,,,,,,24.51,23.84,25.43,23.29,23.57,WIND-V1,WIND-V1,WIND-V1,WIND-V1,WIND-V1
ESP,Spain,PARQUE EOLICO FUENTE DE CANTOS,WRI1007458,28.0,38.2500,-6.3000,Wind,,,,,SINAE  ENERGIA Y MEDIO AMBIENTE  S.A.,Red Eléctrica de España,http://www.ree.es/en/statistical-data-of-spanish-electrical-system/annual-report/preliminary-report-spanish-electricity-system-2015,CARMA,,,,,,,,,,,,,,,59.54,NO-ESTIMATION,NO-ESTIMATION,NO-ESTIMATION,NO-ESTIMATION,CAPACITY-FACTOR-V1
ESP,Spain,PARQUE EOLICO HERMANAS,WRI1007465,28.38,37.2829,-5.9209,Wind,,,,,ENERGIA HIDROELECTRICA DE NAVARRA  S.A.,Red Eléctrica de España,http://www.ree.es/en/statistical-data-of-spanish-electrical-system/annual-report/preliminary-report-spanish-electricity-system-2015,CARMA,,,,,,,,,,,,,,,60.35,NO-ESTIMATION,NO-ESTIMATION,NO-ESTIMATION,NO-ESTIMATION,CAPACITY-FACTOR-V1
ESP,Spain,PARQUE EOLICO IBARGOITI,WRI1007467,22.44,42.6530,-1.3067,Wind,,,,2001.0,ACCIONA ENERGIA,Red Eléctrica de España,http://www.ree.es/en/statistical-data-of-spanish-electrical-system/annual-report/preliminary-report-spanish-electricity-system-2015,CARMA,1051105,,,,,,,,,,50.94,55.49,54.24,51.05,53.91,WIND-V1,WIND-V1,WIND-V1,WIND-V1,WIND-V1
ESP,Spain,PARQUE EOLICO LA BOBIA - SAN ISIDRO,WRI1007473,49.3,43.5167,-6.6833,Wind,,,,,PARQUE EOLICO LA BOBIA - SAN ISIDRO  S.L,Red Eléctrica de España,http://www.ree.es/en/statistical-data-of-spanish-electrical-system/annual-report/preliminary-report-spanish-electricity-system-2015,CARMA,1051924,,,,,,,,,,,,,,104.84,NO-ESTIMATION,NO-ESTIMATION,NO-ESTIMATION,NO-ESTIMATION,CAPACITY-FACTOR-V1
ESP,Spain,PARQUE EOLICO LA CUESTA,WRI1007478,27.2,43.2155,-6.8757,Wind,,,,2008.0,EOLICA GUADALTEBA S.L.U.,Red Eléctrica de España,http://www.ree.es/en/statistical-data-of-spanish-electrical-system/annual-report/preliminary-report-spanish-electricity-system-2015,CARMA,1053807,,,,,,,,,,72.65,69.21,65.96,61.78,66.07,WIND-V1,WIND-V1,WIND-V1,WIND-V1,WIND-V1
ESP,Spain,PARQUE EOLICO LA MAZA,WRI1007485,22.95,39.6000,-1.8000,Wind,,,,,BOREAS EOLICA  S.L.,Red Eléctrica de España,http://www.ree.es/en/statistical-data-of-spanish-electrical-system/annual-report/preliminary-report-spanish-electricity-system-2015,CARMA,,,,,,,,,,,,,,,48.80,NO-ESTIMATION,NO-ESTIMATION,NO-ESTIMATION,NO-ESTIMATION,CAPACITY-FACTOR-V1
ESP,Spain,PARQUE EOLICO LA MOLATA,WRI1007486,17.25,39.4085,-2.2017,Wind,,,,,ELECDEY MURCIA  S.A.,Red Eléctrica de España,http://www.ree.es/en/statistical-data-of-spanish-electrical-system/annual-report/preliminary-report-spanish-electricity-system-2015,CARMA,,,,,,,,,,,,,,,36.68,NO-ESTIMATION,NO-ESTIMATION,NO-ESTIMATION,NO-ESTIMATION,CAPACITY-FACTOR-V1
ESP,Spain,PARQUE EOLICO LA MUELA,WRI1007487,51.480000000000004,41.5919,-1.1577,Wind,,,,,GAMESA ENERGIA  S.A.,Red Eléctrica de España,http://www.ree.es/en/statistical-data-of-spanish-electrical-system/annual-report/preliminary-report-spanish-electricity-system-2015,WRI,,,,,,,,,,,,,,,109.48,NO-ESTIMATION,NO-ESTIMATION,NO-ESTIMATION,NO-ESTIMATION,CAPACITY-FACTOR-V1
ESP,Spain,PARQUE EOLICO LA RETUERTA,WRI1007494,38.0,37.5076,-7.2704,Wind,,,,2009.0,IBERDROLA RENOVABLES ANDALUCIA S.A.U.,Red Eléctrica de España,http://www.ree.es/en/statistical-data-of-spanish-electrical-system/annual-report/preliminary-report-spanish-electricity-system-2015,CARMA,1074278,,,,,,,,,,104.29,101.01,89.54,86.42,85.90,WIND-V1,WIND-V1,WIND-V1,WIND-V1,WIND-V1
ESP,Spain,PARQUE EOLICO LA SOLANA,WRI1007496,44.2,38.6328,-0.8197,Wind,,,,2009.0,CORPORACION ACCIONA EOLICA  S.L.,Red Eléctrica de España,http://www.ree.es/en/statistical-data-of-spanish-electrical-system/annual-report/preliminary-report-spanish-electricity-system-2015,CARMA,,,,,,,,,,,124.28,119.46,115.43,106.63,108.72,WIND-V1,WIND-V1,WIND-V1,WIND-V1,WIND-V1
ESP,Spain,PARQUE EOLICO LACERA,WRI1007503,25.74,38.6137,-1.1147,Wind,,,,,GAMESA ENERGIA  S.A.,Red Eléctrica de España,http://www.ree.es/en/statistical-data-of-spanish-electrical-system/annual-report/preliminary-report-spanish-electricity-system-2015,CARMA,,,,,,,,,,,,,,,54.74,NO-ESTIMATION,NO-ESTIMATION,NO-ESTIMATION,NO-ESTIMATION,CAPACITY-FACTOR-V1
ESP,Spain,PARQUE EOLICO LANCHAR,WRI1007504,24.42,42.0635,-7.7246,Wind,,,,,GAMESA ENERGIA  S.A.,Red Eléctrica de España,http://www.ree.es/en/statistical-data-of-spanish-electrical-system/annual-report/preliminary-report-spanish-electricity-system-2015,CARMA,,,,,,,,,,,,,,,51.93,NO-ESTIMATION,NO-ESTIMATION,NO-ESTIMATION,NO-ESTIMATION,CAPACITY-FACTOR-V1
ESP,Spain,PARQUE EOLICO LAROUCO,WRI1007505,41.65,42.0635,-7.7246,Wind,,,,2004.0,IBERDROLA RENOVABLES GALICIA  S.A.U.,Red Eléctrica de España,http://www.ree.es/en/statistical-data-of-spanish-electrical-system/annual-report/preliminary-report-spanish-electricity-system-2015,CARMA,1048193,,,,,,,,,,116.44,104.85,120.16,67.19,54.22,WIND-V1,WIND-V1,WIND-V1,WIND-V1,WIND-V1
ESP,Spain,PARQUE EOLICO LAS CABEZAS,WRI1007511,17.4,37.6143,-7.2488,Wind,,,,2009.0,IBERDROLA RENOVABLES ANDALUCIA S.A.U.,Red Eléctrica de España,http://www.ree.es/en/statistical-data-of-spanish-electrical-system/annual-report/preliminary-report-spanish-electricity-system-2015,CARMA,1074282,,,,,,,,,,48.46,47.74,43.07,41.86,39.89,WIND-V1,WIND-V1,WIND-V1,WIND-V1,WIND-V1
ESP,Spain,PARQUE EOLICO LAS LOMILLAS,WRI1007514,12.0,39.5000,-2.1667,Wind,,,,2009.0,UNIWINDET PARQUE EOLICO LAS LOMILLAS  S.L.,Red Eléctrica de España,http://www.ree.es/en/statistical-data-of-spanish-electrical-system/annual-report/preliminary-report-spanish-electricity-system-2015,CARMA,,,,,,,,,,,32.86,32.92,28.67,29.37,30.28,WIND-V1,WIND-V1,WIND-V1,WIND-V1,WIND-V1
ESP,Spain,PARQUE EOLICO LAYNA,WRI1007520,50.0,41.0991,-2.3044,Wind,,,,2012.0,IBERENOVA PROMOCIONES  S.A.U.,Red Eléctrica de España,http://www.ree.es/en/statistical-data-of-spanish-electrical-system/annual-report/preliminary-report-spanish-electricity-system-2015,CARMA,1074341,,,,,,,,,,175.64,151.76,128.81,127.74,126.59,WIND-V1,WIND-V1,WIND-V1,WIND-V1,WIND-V1
ESP,Spain,PARQUE EOLICO LOMILLA I,WRI1023657,33.0,39.4685,-2.2467,Wind,,,,,EOLICA MONTANESA  S.L.,Red Eléctrica de España,http://www.ree.es/en/statistical-data-of-spanish-electrical-system/annual-report/preliminary-report-spanish-electricity-system-2015,WRI,,,,,,,,,,,,,,,70.18,NO-ESTIMATION,NO-ESTIMATION,NO-ESTIMATION,NO-ESTIMATION,CAPACITY-FACTOR-V1
ESP,Spain,PARQUE EOLICO LOMILLA II,WRI1007530,70.5,39.4860,-2.2028,Wind,,,,,EOLICA MONTANESA  S.L.,Red Eléctrica de España,http://www.ree.es/en/statistical-data-of-spanish-electrical-system/annual-report/preliminary-report-spanish-electricity-system-2015,WRI,,,,,,,,,,,,,,,149.93,NO-ESTIMATION,NO-ESTIMATION,NO-ESTIMATION,NO-ESTIMATION,CAPACITY-FACTOR-V1
ESP,Spain,PARQUE EOLICO LOS ALMENDROS I,WRI1007532,15.84,38.4792,-1.3250,Wind,,,,,GAMESA ENERGIA  S.A.,Red Eléctrica de España,http://www.ree.es/en/statistical-data-of-spanish-electrical-system/annual-report/preliminary-report-spanish-electricity-system-2015,CARMA,,,,,,,,,,,,,,,33.68,NO-ESTIMATION,NO-ESTIMATION,NO-ESTIMATION,NO-ESTIMATION,CAPACITY-FACTOR-V1
ESP,Spain,PARQUE EOLICO LOS LANCES,WRI1007543,10.68,36.0139,-5.6069,Wind,,,,1999.0,SOCIEDAD EOLICA LOS LANCES,Red Eléctrica de España,http://www.ree.es/en/statistical-data-of-spanish-electrical-system/annual-report/preliminary-report-spanish-electricity-system-2015,CARMA,1047651,,,,,,,,,,15.20,17.69,18.14,14.48,16.27,WIND-V1,WIND-V1,WIND-V1,WIND-V1,WIND-V1
ESP,Spain,PARQUE EOLICO LOS SIGLOS,WRI1007552,18.0,36.0139,-5.6069,Wind,,,,2007.0,RWE INNOGY AERSA S.A.,Red Eléctrica de España,http://www.ree.es/en/statistical-data-of-spanish-electrical-system/annual-report/preliminary-report-spanish-electricity-system-2015,CARMA,1063304,,,,,,,,,,44.13,42.37,43.12,46.28,48.44,WIND-V1,WIND-V1,WIND-V1,WIND-V1,WIND-V1
ESP,Spain,PARQUE EOLICO LOSILLA,WRI1007554,24.0,38.9667,-1.0833,Wind,,,,2009.0,ACCIONA EOLICA DEL LEVANTE  S.L.,Red Eléctrica de España,http://www.ree.es/en/statistical-data-of-spanish-electrical-system/annual-report/preliminary-report-spanish-electricity-system-2015,CARMA,1079547,,,,,,,,,,66.09,63.13,59.21,52.62,53.68,WIND-V1,WIND-V1,WIND-V1,WIND-V1,WIND-V1
ESP,Spain,PARQUE EOLICO MONTE TREITO,WRI1007572,30.39,42.7730,-8.8444,Wind,,,,,IBERDROLA E.R. DE GALICIA  S.A.,Red Eléctrica de España,http://www.ree.es/en/statistical-data-of-spanish-electrical-system/annual-report/preliminary-report-spanish-electricity-system-2015,CARMA,1051911,,,,,,,,,,,,,,64.63,NO-ESTIMATION,NO-ESTIMATION,NO-ESTIMATION,NO-ESTIMATION,CAPACITY-FACTOR-V1
ESP,Spain,PARQUE EOLICO MONTES DE CIERZO I,WRI1007575,59.5,42.0617,-1.6045,Wind,,,,,EOLICA MONTES DEL CIERZO  S.L.,Red Eléctrica de España,http://www.ree.es/en/statistical-data-of-spanish-electrical-system/annual-report/preliminary-report-spanish-electricity-system-2015,CARMA,1049514,,,,,,,,,,,,,,126.53,NO-ESTIMATION,NO-ESTIMATION,NO-ESTIMATION,NO-ESTIMATION,CAPACITY-FACTOR-V1
ESP,Spain,PARQUE EOLICO MORATALLA,WRI1007577,21.78,38.1893,-1.8918,Wind,,,,,GAMESA ENERGIA  S.A.,Red Eléctrica de España,http://www.ree.es/en/statistical-data-of-spanish-electrical-system/annual-report/preliminary-report-spanish-electricity-system-2015,CARMA,,,,,,,,,,,,,,,46.31,NO-ESTIMATION,NO-ESTIMATION,NO-ESTIMATION,NO-ESTIMATION,CAPACITY-FACTOR-V1
ESP,Spain,PARQUE EOLICO MURAS II,WRI1007583,24.42,43.4668,-7.7238,Wind,,,,2000.0,IBERDROLA E.R. DE GALICIA   S.A,Red Eléctrica de España,http://www.ree.es/en/statistical-data-of-spanish-electrical-system/annual-report/preliminary-report-spanish-electricity-system-2015,CARMA,1049567,,,,,,,,,,54.89,52.92,48.67,48.40,48.99,WIND-V1,WIND-V1,WIND-V1,WIND-V1,WIND-V1
ESP,Spain,PARQUE EOLICO NACIMIENTO,WRI1007584,22.0,37.1061,-2.6485,Wind,,,,2008.0,SISTEMAS ENERGETICOS NACIMIENTO S.A.,Red Eléctrica de España,http://www.ree.es/en/statistical-data-of-spanish-electrical-system/annual-report/preliminary-report-spanish-electricity-system-2015,CARMA,,,,,,,,,,,57.06,53.98,50.94,50.40,58.51,WIND-V1,WIND-V1,WIND-V1,WIND-V1,WIND-V1
ESP,Spain,PARQUE EOLICO OJOS ALBOS,WRI1007588,14.52,40.7060,-4.5163,Wind,,,,2000.0,PARQUE EOLICO ALTOS DEL VOLTOYA  S.A.,Red Eléctrica de España,http://www.ree.es/en/statistical-data-of-spanish-electrical-system/annual-report/preliminary-report-spanish-electricity-system-2015,CARMA,1046272,,,,,,,,,,33.51,28.16,28.39,25.95,28.21,WIND-V1,WIND-V1,WIND-V1,WIND-V1,WIND-V1
ESP,Spain,PARQUE EOLICO PALOMAREJO,WRI1007592,30.0,37.3222,-6.0586,Wind,,,,2012.0,ALDESA EOLICO PALOMAREJO S.A.U,Red Eléctrica de España,http://www.ree.es/en/statistical-data-of-spanish-electrical-system/annual-report/preliminary-report-spanish-electricity-system-2015,CARMA,1087653,,,,,,,,,,85.07,83.23,81.27,76.00,78.36,WIND-V1,WIND-V1,WIND-V1,WIND-V1,WIND-V1
ESP,Spain,PARQUE EOLICO PENAS ALTAS,WRI1007604,49.5,39.7493,-0.9968,Wind,,,,,ENERGIAS EOLICAS EUROPEAS  S.A.,Red Eléctrica de España,http://www.ree.es/en/statistical-data-of-spanish-electrical-system/annual-report/preliminary-report-spanish-electricity-system-2015,CARMA,,,,,,,,,,,,,,,105.27,NO-ESTIMATION,NO-ESTIMATION,NO-ESTIMATION,NO-ESTIMATION,CAPACITY-FACTOR-V1
ESP,Spain,PARQUE EOLICO PENAS DE DIOS,WRI1007605,64.5,39.7493,-0.9968,Wind,,,,2009.0,ENERGIAS RENOVABLES MEDITERRANEAS  S.A.,Red Eléctrica de España,http://www.ree.es/en/statistical-data-of-spanish-electrical-system/annual-report/preliminary-report-spanish-electricity-system-2015,CARMA,1073795,,,,,,,,,,172.45,166.75,132.84,131.79,122.68,WIND-V1,WIND-V1,WIND-V1,WIND-V1,WIND-V1
ESP,Spain,PARQUE EOLICO PUERTO DE MALAGA,WRI1007612,12.0,37.5251,-7.4925,Wind,,,,2008.0,IBERDROLA RENOVABLES ANDALUCIA S.A.U,Red Eléctrica de España,http://www.ree.es/en/statistical-data-of-spanish-electrical-system/annual-report/preliminary-report-spanish-electricity-system-2015,CARMA,1075601,,,,,,,,,,34.43,30.51,26.52,28.82,30.32,WIND-V1,WIND-V1,WIND-V1,WIND-V1,WIND-V1
ESP,Spain,PARQUE EOLICO PUNTAZA DE REMOLINOS,WRI1007616,24.93,41.8395,-1.1777,Wind,,,,,COMPANIA EOLICA ARAGONESA  S.A.,Red Eléctrica de España,http://www.ree.es/en/statistical-data-of-spanish-electrical-system/annual-report/preliminary-report-spanish-electricity-system-2015,CARMA,1049608,,,,,,,,,,,,,,53.01,NO-ESTIMATION,NO-ESTIMATION,NO-ESTIMATION,NO-ESTIMATION,CAPACITY-FACTOR-V1
ESP,Spain,PARQUE EOLICO RIO ALMODOVAR,WRI1007624,16.5,36.1949,-5.7634,Wind,,,,,ENDESA COGENERACION Y RENOVABLES  S.A.,Red Eléctrica de España,http://www.ree.es/en/statistical-data-of-spanish-electrical-system/annual-report/preliminary-report-spanish-electricity-system-2015,CARMA,,,,,,,,,,,,,,,35.09,NO-ESTIMATION,NO-ESTIMATION,NO-ESTIMATION,NO-ESTIMATION,CAPACITY-FACTOR-V1
ESP,Spain,PARQUE EOLICO RIOFRIO,WRI1007625,32.0,37.6915,-3.8187,Wind,,,,,ELECNOR  S.A.,Red Eléctrica de España,http://www.ree.es/en/statistical-data-of-spanish-electrical-system/annual-report/preliminary-report-spanish-electricity-system-2015,CARMA,,,,,,,,,,,,,,,68.05,NO-ESTIMATION,NO-ESTIMATION,NO-ESTIMATION,NO-ESTIMATION,CAPACITY-FACTOR-V1
ESP,Spain,PARQUE EOLICO SALAJONES,WRI1007628,19.14,42.5920,-1.3604,Wind,,,,1999.0,ACCIONA ENERGIA,Red Eléctrica de España,http://www.ree.es/en/statistical-data-of-spanish-electrical-system/annual-report/preliminary-report-spanish-electricity-system-2015,CARMA,1049570,,,,,,,,,,37.44,33.81,35.68,36.14,35.16,WIND-V1,WIND-V1,WIND-V1,WIND-V1,WIND-V1
ESP,Spain,PARQUE EOLICO SAN AGUSTIN DE ALMOCHUEL,WRI1007631,50.0,42.1795,-7.1122,Wind,,,,,GENERAL EOLICA ARAGONESA  S.A.,Red Eléctrica de España,http://www.ree.es/en/statistical-data-of-spanish-electrical-system/annual-report/preliminary-report-spanish-electricity-system-2015,CARMA,,,,,,,,,,,,,,,106.33,NO-ESTIMATION,NO-ESTIMATION,NO-ESTIMATION,NO-ESTIMATION,CAPACITY-FACTOR-V1
ESP,Spain,PARQUE EOLICO SAN CIPRIAN,WRI1007632,17.85,42.1733,-6.6596,Wind,,,,,CORPORACION EOLICA DE ZAMORA  S.L.,Red Eléctrica de España,http://www.ree.es/en/statistical-data-of-spanish-electrical-system/annual-report/preliminary-report-spanish-electricity-system-2015,CARMA,1047444,,,,,,,,,,,,,,37.96,NO-ESTIMATION,NO-ESTIMATION,NO-ESTIMATION,NO-ESTIMATION,CAPACITY-FACTOR-V1
ESP,Spain,PARQUE EOLICO SAN XOAN,WRI1007639,15.84,42.6833,-7.2333,Wind,,,,,CORPORACION ACCIONA EOLICA  S.L.,Red Eléctrica de España,http://www.ree.es/en/statistical-data-of-spanish-electrical-system/annual-report/preliminary-report-spanish-electricity-system-2015,CARMA,1049572,,,,,,,,,,,,,,33.68,NO-ESTIMATION,NO-ESTIMATION,NO-ESTIMATION,NO-ESTIMATION,CAPACITY-FACTOR-V1
ESP,Spain,PARQUE EOLICO SERRETA TORRECILLA,WRI1007647,49.5,41.6336,-1.2744,Wind,,,,,EVOLUCION 2000  S.L.,Red Eléctrica de España,http://www.ree.es/en/statistical-data-of-spanish-electrical-system/annual-report/preliminary-report-spanish-electricity-system-2015,CARMA,1049606,,,,,,,,,,,,,,105.27,NO-ESTIMATION,NO-ESTIMATION,NO-ESTIMATION,NO-ESTIMATION,CAPACITY-FACTOR-V1
ESP,Spain,PARQUE EOLICO SIERRA COSTERA FASE I,WRI1007651,49.5,40.7081,-0.9149,Wind,,,,,PARQUE EOLICO ARAGON  A.I.E.,Red Eléctrica de España,http://www.ree.es/en/statistical-data-of-spanish-electrical-system/annual-report/preliminary-report-spanish-electricity-system-2015,CARMA,,,,,,,,,,,,,,,105.27,NO-ESTIMATION,NO-ESTIMATION,NO-ESTIMATION,NO-ESTIMATION,CAPACITY-FACTOR-V1
ESP,Spain,PARQUE EOLICO SIERRA DEL MADERO I,WRI1007681,14.85,41.7790,-1.9839,Wind,,,,,PARQUE EOLICO SIERRA DEL MADERO SA.,Red Eléctrica de España,http://www.ree.es/en/statistical-data-of-spanish-electrical-system/annual-report/preliminary-report-spanish-electricity-system-2015,CARMA,1046275|1073604,,,,,,,,,,,,,,31.58,NO-ESTIMATION,NO-ESTIMATION,NO-ESTIMATION,NO-ESTIMATION,CAPACITY-FACTOR-V1
ESP,Spain,PARQUE EOLICO SIERRA DEL ORO,WRI1007683,26.0,38.2709,-1.3768,Wind,,,,,URBAENERGIA  S.A.,Red Eléctrica de España,http://www.ree.es/en/statistical-data-of-spanish-electrical-system/annual-report/preliminary-report-spanish-electricity-system-2015,WRI,,,,,,,,,,,,,,,55.29,NO-ESTIMATION,NO-ESTIMATION,NO-ESTIMATION,NO-ESTIMATION,CAPACITY-FACTOR-V1
ESP,Spain,PARQUE EOLICO SIERRA ELGEA,WRI1007686,26.97,43.0167,-2.7667,Wind,,,,,EOLICAS DE EUSKADI  S.A.,Red Eléctrica de España,http://www.ree.es/en/statistical-data-of-spanish-electrical-system/annual-report/preliminary-report-spanish-electricity-system-2015,CARMA,1047579,,,,,,,,,,,,,,57.35,NO-ESTIMATION,NO-ESTIMATION,NO-ESTIMATION,NO-ESTIMATION,CAPACITY-FACTOR-V1
ESP,Spain,PARQUE EOLICO SIERRA GORDA,WRI1007688,26.4,38.6137,-1.1147,Wind,,,,,ENDESA COGENERACION Y RENOVABLES  S.A.,Red Eléctrica de España,http://www.ree.es/en/statistical-data-of-spanish-electrical-system/annual-report/preliminary-report-spanish-electricity-system-2015,CARMA,,,,,,,,,,,,,,,56.14,NO-ESTIMATION,NO-ESTIMATION,NO-ESTIMATION,NO-ESTIMATION,CAPACITY-FACTOR-V1
ESP,Spain,PARQUE EOLICO SIERRA MENERA II,WRI1007691,39.95,40.7342,-1.6172,Wind,,,,,IBERDROLA ENERGIAS RENOVABLES  S.A.,Red Eléctrica de España,http://www.ree.es/en/statistical-data-of-spanish-electrical-system/annual-report/preliminary-report-spanish-electricity-system-2015,CARMA,1065790,,,,,,,,,,,,,,84.96,NO-ESTIMATION,NO-ESTIMATION,NO-ESTIMATION,NO-ESTIMATION,CAPACITY-FACTOR-V1
ESP,Spain,PARQUE EOLICO SOLANA,WRI1007698,29.7,38.6328,-0.8197,Wind,,,,,GAMESA ENERGIA  S.A.,Red Eléctrica de España,http://www.ree.es/en/statistical-data-of-spanish-electrical-system/annual-report/preliminary-report-spanish-electricity-system-2015,CARMA,,,,,,,,,,,,,,,63.16,NO-ESTIMATION,NO-ESTIMATION,NO-ESTIMATION,NO-ESTIMATION,CAPACITY-FACTOR-V1
ESP,Spain,PARQUE EOLICO TAHIVILLA,WRI1007704,30.0,36.0139,-5.6069,Wind,,,,,DESARROLLOS EOLICOS DE TARIFA  S.A.,Red Eléctrica de España,http://www.ree.es/en/statistical-data-of-spanish-electrical-system/annual-report/preliminary-report-spanish-electricity-system-2015,CARMA,1013640,,,,,,,,,,,,,,63.80,NO-ESTIMATION,NO-ESTIMATION,NO-ESTIMATION,NO-ESTIMATION,CAPACITY-FACTOR-V1
ESP,Spain,PARQUE EOLICO VALDEFUENTES,WRI1007714,28.0,37.5076,-7.2704,Wind,,,,2009.0,IBERDROLA RENOVABLES ANDALUCIA S.A.U.,Red Eléctrica de España,http://www.ree.es/en/statistical-data-of-spanish-electrical-system/annual-report/preliminary-report-spanish-electricity-system-2015,CARMA,1074281,,,,,,,,,,78.28,76.97,68.92,66.62,66.24,WIND-V1,WIND-V1,WIND-V1,WIND-V1,WIND-V1
ESP,Spain,PARQUE EOLICO VALMEDIANO,WRI1007719,44.88,41.8347,-5.8888,Wind,,,,,ENERGIAS EOLICAS EUROPEAS  S.A.,Red Eléctrica de España,http://www.ree.es/en/statistical-data-of-spanish-electrical-system/annual-report/preliminary-report-spanish-electricity-system-2015,CARMA,,,,,,,,,,,,,,,95.44,NO-ESTIMATION,NO-ESTIMATION,NO-ESTIMATION,NO-ESTIMATION,CAPACITY-FACTOR-V1
ESP,Spain,PARQUE EOLICO VILLACASTIN,WRI1007724,14.52,40.7796,-4.4136,Wind,,,,2000.0,PARQUE EOLICO ALTOS DEL VOLTOYA  S.A.,Red Eléctrica de España,http://www.ree.es/en/statistical-data-of-spanish-electrical-system/annual-report/preliminary-report-spanish-electricity-system-2015,CARMA,1046274,,,,,,,,,,33.10,29.25,26.25,25.94,26.07,WIND-V1,WIND-V1,WIND-V1,WIND-V1,WIND-V1
ESP,Spain,PENA DE BEJO,WRI1007734,20.8,43.1504,-4.3817,Hydro,,,,,SALTOS DEL NANSA I  S.A. UNIPERSONAL,Red Eléctrica de España,http://www.ree.es/en/statistical-data-of-spanish-electrical-system/annual-report/preliminary-report-spanish-electricity-system-2015,CARMA,1027891,,,,,,,,,,61.17,68.33,35.64,63.12,31.02,HYDRO-V1,HYDRO-V1,HYDRO-V1,HYDRO-V1,HYDRO-V1
ESP,Spain,PENA MIRA,WRI1007735,36.55,39.7167,-1.4333,Wind,,,,,GAMESA ENERGIA  S.A.,Red Eléctrica de España,http://www.ree.es/en/statistical-data-of-spanish-electrical-system/annual-report/preliminary-report-spanish-electricity-system-2015,CARMA,1053824,,,,,,,,,,,,,,77.73,NO-ESTIMATION,NO-ESTIMATION,NO-ESTIMATION,NO-ESTIMATION,CAPACITY-FACTOR-V1
ESP,Spain,PENAFLOR III,WRI1007738,97.98,41.7610,-4.9874,Wind,,,,2012.0,IBERENOVA PROMOCIONES  S.A.,Red Eléctrica de España,http://www.ree.es/en/statistical-data-of-spanish-electrical-system/annual-report/preliminary-report-spanish-electricity-system-2015,WRI,1091912,,,,,,,,,,283.73,291.59,200.90,218.46,194.22,WIND-V1,WIND-V1,WIND-V1,WIND-V1,WIND-V1
ESP,Spain,PLANTA COGENERACION BECOSA -FUENTE PIEDRA,WRI1007749,16.434,37.1353,-4.7300,Waste,,,,2003.0,NEOELECTRA SC FUENTE DE PIEDRA GESTION S.L.U.,Red Eléctrica de España,http://www.ree.es/en/statistical-data-of-spanish-electrical-system/annual-report/preliminary-report-spanish-electricity-system-2015,CARMA,,,,,,,,,,,,,,,5.72,NO-ESTIMATION,NO-ESTIMATION,NO-ESTIMATION,NO-ESTIMATION,CAPACITY-FACTOR-V1
ESP,Spain,PLANTA DDP GUARDO,WRI1007752,14.685,42.8261,-4.8463,Waste,,,,,DESIMPACTO DE PURINES GUARDO  S.A.,Red Eléctrica de España,http://www.ree.es/en/statistical-data-of-spanish-electrical-system/annual-report/preliminary-report-spanish-electricity-system-2015,CARMA,,,,,,,,,,,,,,,5.11,NO-ESTIMATION,NO-ESTIMATION,NO-ESTIMATION,NO-ESTIMATION,CAPACITY-FACTOR-V1
ESP,Spain,PLANTA EOLICA DE ZAS,WRI1007771,24.0,42.9167,-8.7667,Wind,,,,1998.0,DESARROLLOS EOLICOS DE GALICIA  S.A,Red Eléctrica de España,http://www.ree.es/en/statistical-data-of-spanish-electrical-system/annual-report/preliminary-report-spanish-electricity-system-2015,CARMA,1049632,,,,,,,,,,46.11,51.40,53.91,49.03,49.34,WIND-V1,WIND-V1,WIND-V1,WIND-V1,WIND-V1
ESP,Spain,PLANTA SECADO TERMICO DE LODOS E.R.A.R. DE BUTARQUE,WRI1007779,18.0,37.5624,-5.1254,Gas,,,,,SUFI  SA (70%) Y CADAGUA  SA (30%),Red Eléctrica de España,http://www.ree.es/en/statistical-data-of-spanish-electrical-system/annual-report/preliminary-report-spanish-electricity-system-2015,GEODB,,,,,,,,,,,,,,,42.66,NO-ESTIMATION,NO-ESTIMATION,NO-ESTIMATION,NO-ESTIMATION,CAPACITY-FACTOR-V1
ESP,Spain,PLANTA SOLAR TERMICA HELIOENERGY 1,WRI1023548,100.0,37.5729,-5.1449,Solar,,,,2011.0,HELIOENERGY ELECTRICIDAD UNO  S.A.,Red Eléctrica de España,http://www.ree.es/en/statistical-data-of-spanish-electrical-system/annual-report/preliminary-report-spanish-electricity-system-2015,WRI,1071659,,,,,,,,,,221.68,219.84,218.33,199.13,201.41,SOLAR-V1,SOLAR-V1,SOLAR-V1,SOLAR-V1,SOLAR-V1
ESP,Spain,PLANTA SOLAR TERMICA SOLAR TRES,WRI1007782,19.903,37.4166,-6.2736,Solar,,,,2011.0,GEMASOLAR 2006 S.A.,Red Eléctrica de España,http://www.ree.es/en/statistical-data-of-spanish-electrical-system/annual-report/preliminary-report-spanish-electricity-system-2015,GEODB,,,,,,,,,,,47.43,48.18,48.57,40.77,39.49,SOLAR-V1,SOLAR-V1,SOLAR-V1,SOLAR-V1,SOLAR-V1
ESP,Spain,PLANTA SOLAR TERMICA SOLNOVA 1,WRI1023647,150.0,37.4179,-6.2771,Solar,,,,2010.0,SOLNOVA ELECTRICIDAD S.A (A-91378992),Red Eléctrica de España,http://www.ree.es/en/statistical-data-of-spanish-electrical-system/annual-report/preliminary-report-spanish-electricity-system-2015,WRI,1071658,,,,,,,,,,352.87,352.55,307.52,301.62,296.27,SOLAR-V1,SOLAR-V1,SOLAR-V1,SOLAR-V1,SOLAR-V1
ESP,Spain,PLANTA SOLAR TERMOELECTICA PS 10,WRI1007784,11.02,37.4422,-6.2542,Solar,,,,2006.0,SANLUCAR SOLAR  S.A.,Red Eléctrica de España,http://www.ree.es/en/statistical-data-of-spanish-electrical-system/annual-report/preliminary-report-spanish-electricity-system-2015,WRI,,,,,,,,,,,22.06,21.66,15.29,25.20,25.25,SOLAR-V1,SOLAR-V1,SOLAR-V1,SOLAR-V1,SOLAR-V1
ESP,Spain,PLANTA TERMOSOLAR DE OLIVENZA-1,WRI1007786,50.0,38.7550,-7.1450,Solar,,,,2012.0,IBEREOLICA SOLAR OLIVENZA  S.L.,Red Eléctrica de España,http://www.ree.es/en/statistical-data-of-spanish-electrical-system/annual-report/preliminary-report-spanish-electricity-system-2015,GEODB,1087360,,,,,,,,,,112.01,109.96,110.58,110.43,100.61,SOLAR-V1,SOLAR-V1,SOLAR-V1,SOLAR-V1,SOLAR-V1
ESP,Spain,PONT DE REI 1,WRI1007796,46.14,42.8384,0.7390,Hydro,,,,1960.0,ENDESA GENERACION S.A.,Red Eléctrica de España,http://www.ree.es/en/statistical-data-of-spanish-electrical-system/annual-report/preliminary-report-spanish-electricity-system-2015,CARMA,1029328,,,,,,,,,,155.65,155.41,66.61,150.41,69.37,HYDRO-V1,HYDRO-V1,HYDRO-V1,HYDRO-V1,HYDRO-V1
ESP,Spain,PONTENOVO 1,WRI1007797,25.770000000000003,42.3746,-7.2351,Hydro,,,,1952.0,IBERDROLA GENERACION  S.A.,Red Eléctrica de España,http://www.ree.es/en/statistical-data-of-spanish-electrical-system/annual-report/preliminary-report-spanish-electricity-system-2015,WRI,1019211,,,,,,,,,,82.64,82.64,58.37,82.87,55.38,HYDRO-V1,HYDRO-V1,HYDRO-V1,HYDRO-V1,HYDRO-V1
ESP,Spain,PORTO GR 1,WRI1007801,17.6,42.3094,-8.2049,Hydro,,,,1963.0,ENDESA GENERACION S.A.,Red Eléctrica de España,http://www.ree.es/en/statistical-data-of-spanish-electrical-system/annual-report/preliminary-report-spanish-electricity-system-2015,CARMA,,,,,,,,,,,66.51,69.43,34.81,66.70,32.32,HYDRO-V1,HYDRO-V1,HYDRO-V1,HYDRO-V1,HYDRO-V1
ESP,Spain,PORTODEMOUROS GRUPO 2,WRI1007802,88.12,42.3167,-7.0274,Hydro,,,,1968.0,GAS NATURAL FENOSA GENERACION  S.L.U.,Red Eléctrica de España,http://www.ree.es/en/statistical-data-of-spanish-electrical-system/annual-report/preliminary-report-spanish-electricity-system-2015,CARMA,1032476,,,,,,,,,,283.84,283.84,188.74,284.61,178.50,HYDRO-V1,HYDRO-V1,HYDRO-V1,HYDRO-V1,HYDRO-V1
ESP,Spain,PROAZA 1,WRI1007805,49.54,43.2518,-6.0163,Hydro,,,,1968.0,HIDROELECTRICA DEL CANTABRICO  S.A.,Red Eléctrica de España,http://www.ree.es/en/statistical-data-of-spanish-electrical-system/annual-report/preliminary-report-spanish-electricity-system-2015,CARMA,1018397,,,,,,,,,,150.04,150.04,61.15,160.17,60.77,HYDRO-V1,HYDRO-V1,HYDRO-V1,HYDRO-V1,HYDRO-V1
ESP,Spain,PROCESOS ECOLOGICOS CARMONA 1,WRI1007808,45.0,37.4712,-5.6461,Waste,,,,,PROCESOS ECOLOGICOS CARMONA 1  S.A.,Red Eléctrica de España,http://www.ree.es/en/statistical-data-of-spanish-electrical-system/annual-report/preliminary-report-spanish-electricity-system-2015,CARMA,,,,,,,,,,,,,,,15.67,NO-ESTIMATION,NO-ESTIMATION,NO-ESTIMATION,NO-ESTIMATION,CAPACITY-FACTOR-V1
ESP,Spain,PROCESOS ECOLOGICOS VILCHES,WRI1007810,15.0,38.2070,-3.5102,Waste,,,,2001.0,PROCESOS ECOLOGICOS VILCHES  S.A.,Red Eléctrica de España,http://www.ree.es/en/statistical-data-of-spanish-electrical-system/annual-report/preliminary-report-spanish-electricity-system-2015,CARMA,,,,,,,,,,,,,,,5.22,NO-ESTIMATION,NO-ESTIMATION,NO-ESTIMATION,NO-ESTIMATION,CAPACITY-FACTOR-V1
ESP,Spain,PST LEBRIJA I,WRI1007813,49.9,37.0066,-6.0434,Solar,,,,2011.0,SOLUCIA RENOVABLES 1  S.L,Red Eléctrica de España,http://www.ree.es/en/statistical-data-of-spanish-electrical-system/annual-report/preliminary-report-spanish-electricity-system-2015,GEODB,,,,,,,,,,,125.67,124.85,119.54,99.83,102.10,SOLAR-V1,SOLAR-V1,SOLAR-V1,SOLAR-V1,SOLAR-V1
ESP,Spain,PST PALMA DEL RIO I,WRI1007814,49.9,37.6485,-5.2600,Solar,,,,2011.0,TERMOSOLAR PALMA SAETILLA S.L.,Red Eléctrica de España,http://www.ree.es/en/statistical-data-of-spanish-electrical-system/annual-report/preliminary-report-spanish-electricity-system-2015,GEODB,,,,,,,,,,,111.34,110.42,109.67,100.09,101.51,SOLAR-V1,SOLAR-V1,SOLAR-V1,SOLAR-V1,SOLAR-V1
ESP,Spain,PST SOLACOR 1,WRI1007815,100.0,37.9582,-4.4981,Solar,,,,2012.0,SOLACOR ELECTRICIDAD UNO  S.A.,Red Eléctrica de España,http://www.ree.es/en/statistical-data-of-spanish-electrical-system/annual-report/preliminary-report-spanish-electricity-system-2015,GEODB,1083761,,,,,,,,,,223.93,220.28,246.67,219.16,208.61,SOLAR-V1,SOLAR-V1,SOLAR-V1,SOLAR-V1,SOLAR-V1
ESP,Spain,PUENTE BIBEY 4,WRI1007817,312.41,42.3921,-7.2191,Hydro,,,,1966.0,IBERDROLA GENERACION  S.A.,Red Eléctrica de España,http://www.ree.es/en/statistical-data-of-spanish-electrical-system/annual-report/preliminary-report-spanish-electricity-system-2015,WRI,1019213,,,,,,,,,,863.64,863.64,405.75,858.32,596.24,HYDRO-V1,HYDRO-V1,HYDRO-V1,HYDRO-V1,HYDRO-V1
ESP,Spain,PUENTE NUEVO GR 3,WRI1007820,299.76,38.1108,-4.9354,Coal,,,,1980.0,VIESGO GENERACION  S.L.,Red Eléctrica de España,http://www.ree.es/en/statistical-data-of-spanish-electrical-system/annual-report/preliminary-report-spanish-electricity-system-2015,GEODB,1015893,,,,1512.042,873.707,1292.724,,,JRC-PPDB-OPEN,,,,,1367.42,NO-ESTIMATION,NO-ESTIMATION,NO-ESTIMATION,NO-ESTIMATION,CAPACITY-FACTOR-V1
ESP,Spain,PUERTO DE BARCELONA  GRUPO 2,WRI1007821,866.3,41.3366,2.1594,Gas,,,,2010.0,GAS NATURAL FENOSA GENERACION  S.L.U.,Red Eléctrica de España,http://www.ree.es/en/statistical-data-of-spanish-electrical-system/annual-report/preliminary-report-spanish-electricity-system-2015,GEODB,1057106,,,,2309.512,1982.689,1720.248,,,JRC-PPDB-OPEN,,,,,2053.41,NO-ESTIMATION,NO-ESTIMATION,NO-ESTIMATION,NO-ESTIMATION,CAPACITY-FACTOR-V1
ESP,Spain,PUERTO ERRADO 2,WRI1007823,30.0,38.2793,-1.6010,Solar,,,,2012.0,TUBO SOL PE2  S.L.,Red Eléctrica de España,http://www.ree.es/en/statistical-data-of-spanish-electrical-system/annual-report/preliminary-report-spanish-electricity-system-2015,GEODB,1078640,,,,,,,,,,67.29,66.30,66.68,66.59,61.07,SOLAR-V1,SOLAR-V1,SOLAR-V1,SOLAR-V1,SOLAR-V1
ESP,Spain,PUERTO PENA 1,WRI1007824,55.199999999999996,39.0370,-5.2342,Hydro,,,,1964.0,ENDESA GENERACION S.A.,Red Eléctrica de España,http://www.ree.es/en/statistical-data-of-spanish-electrical-system/annual-report/preliminary-report-spanish-electricity-system-2015,CARMA,1027887,,,,,,,,,,158.92,161.79,60.03,141.67,55.40,HYDRO-V1,HYDRO-V1,HYDRO-V1,HYDRO-V1,HYDRO-V1
ESP,Spain,PUNTA GRANDE 19 DIESEL 11,WRI1007826,184.94999999999996,28.9630,-13.5477,Oil,,,,2013.0,UNION ELECTRICA DE CANARIAS GENERACION  S.A.U.,Red Eléctrica de España,http://www.ree.es/en/statistical-data-of-spanish-electrical-system/annual-report/preliminary-report-spanish-electricity-system-2015,CARMA,1032397,,,,,,,,,,,,,,385.34,NO-ESTIMATION,NO-ESTIMATION,NO-ESTIMATION,NO-ESTIMATION,CAPACITY-FACTOR-V1
ESP,Spain,PURINARSA TRATAMIENTO DE PURINES,WRI1007837,15.0,42.4496,-6.9476,Waste,,,,,PURINARSA  S.L.,Red Eléctrica de España,http://www.ree.es/en/statistical-data-of-spanish-electrical-system/annual-report/preliminary-report-spanish-electricity-system-2015,CARMA,,,,,,,,,,,,,,,5.22,NO-ESTIMATION,NO-ESTIMATION,NO-ESTIMATION,NO-ESTIMATION,CAPACITY-FACTOR-V1
ESP,Spain,Palma del Rio CSP,WKS0070419,100.0,37.6480,-5.2540,Solar,,,,,,Wiki-Solar,https://www.wiki-solar.org,Wiki-Solar,,,,,,,,,,,212.29,209.93,214.90,213.86,236.23,SOLAR-V1-NO-AGE,SOLAR-V1-NO-AGE,SOLAR-V1-NO-AGE,SOLAR-V1-NO-AGE,SOLAR-V1-NO-AGE
ESP,Spain,Palma del Río II,WKS0071041,50.0,37.6480,-5.2540,Solar,,,,,,Wiki-Solar,https://www.wiki-solar.org,Wiki-Solar,,,,,,,,,,,106.68,105.75,107.76,107.72,118.43,SOLAR-V1-NO-AGE,SOLAR-V1-NO-AGE,SOLAR-V1-NO-AGE,SOLAR-V1-NO-AGE,SOLAR-V1-NO-AGE
ESP,Spain,Pereruela,WKS0061089,9.9,41.4670,-5.8210,Solar,,,,,,Wiki-Solar,https://www.wiki-solar.org,Wiki-Solar,,,,,,,,,,,16.30,16.29,16.75,16.22,17.18,SOLAR-V1-NO-AGE,SOLAR-V1-NO-AGE,SOLAR-V1-NO-AGE,SOLAR-V1-NO-AGE,SOLAR-V1-NO-AGE
ESP,Spain,Picón I,WKS0072592,50.0,39.0300,-4.0200,Solar,,,,,,Wiki-Solar,https://www.wiki-solar.org,Wiki-Solar,,,,,,,,,,,107.29,106.04,106.59,106.53,105.29,SOLAR-V1-NO-AGE,SOLAR-V1-NO-AGE,SOLAR-V1-NO-AGE,SOLAR-V1-NO-AGE,SOLAR-V1-NO-AGE
ESP,Spain,Picón II,WKS0072593,50.0,39.0300,-4.0200,Solar,,,,,,Wiki-Solar,https://www.wiki-solar.org,Wiki-Solar,,,,,,,,,,,107.29,106.04,106.59,106.53,105.29,SOLAR-V1-NO-AGE,SOLAR-V1-NO-AGE,SOLAR-V1-NO-AGE,SOLAR-V1-NO-AGE,SOLAR-V1-NO-AGE
ESP,Spain,Pitiegua,WKS0060367,4.9,41.0536,-5.4377,Solar,,,,,,Wiki-Solar,https://www.wiki-solar.org,Wiki-Solar,,,,,,,,,,,8.31,8.31,8.37,7.82,8.93,SOLAR-V1-NO-AGE,SOLAR-V1-NO-AGE,SOLAR-V1-NO-AGE,SOLAR-V1-NO-AGE,SOLAR-V1-NO-AGE
ESP,Spain,Plasencia,WKS0072328,4.0,41.7120,-1.2490,Solar,,,,,,Wiki-Solar,https://www.wiki-solar.org,Wiki-Solar,,,,,,,,,,,6.14,6.51,6.76,6.59,6.78,SOLAR-V1-NO-AGE,SOLAR-V1-NO-AGE,SOLAR-V1-NO-AGE,SOLAR-V1-NO-AGE,SOLAR-V1-NO-AGE
ESP,Spain,Pozal de Gallinas,WKS0072904,4.5,41.3286,-4.8212,Solar,,,,,,Wiki-Solar,https://www.wiki-solar.org,Wiki-Solar,,,,,,,,,,,7.18,7.11,7.12,7.00,7.44,SOLAR-V1-NO-AGE,SOLAR-V1-NO-AGE,SOLAR-V1-NO-AGE,SOLAR-V1-NO-AGE,SOLAR-V1-NO-AGE
ESP,Spain,Pozohondo I,WKS0063613,4.0,38.7167,-1.8857,Solar,,,,,,Wiki-Solar,https://www.wiki-solar.org,Wiki-Solar,,,,,,,,,,,7.60,7.40,7.67,7.62,7.47,SOLAR-V1-NO-AGE,SOLAR-V1-NO-AGE,SOLAR-V1-NO-AGE,SOLAR-V1-NO-AGE,SOLAR-V1-NO-AGE
ESP,Spain,Pozohondo II,WKS0060337,5.1,38.7218,-1.8810,Solar,,,,,,Wiki-Solar,https://www.wiki-solar.org,Wiki-Solar,,,,,,,,,,,10.34,10.22,10.42,10.37,10.22,SOLAR-V1-NO-AGE,SOLAR-V1-NO-AGE,SOLAR-V1-NO-AGE,SOLAR-V1-NO-AGE,SOLAR-V1-NO-AGE
ESP,Spain,Puebla de Almoradiel,WKS0060105,11.8,39.6320,-3.0900,Solar,,,,,,Wiki-Solar,https://www.wiki-solar.org,Wiki-Solar,,,,,,,,,,,22.24,22.47,23.58,22.47,24.03,SOLAR-V1-NO-AGE,SOLAR-V1-NO-AGE,SOLAR-V1-NO-AGE,SOLAR-V1-NO-AGE,SOLAR-V1-NO-AGE
ESP,Spain,Puertollano,WKS0060011,47.6,38.6200,-3.9740,Solar,,,,,,Wiki-Solar,https://www.wiki-solar.org,Wiki-Solar,,,,,,,,,,,102.21,100.03,112.16,99.27,106.78,SOLAR-V1-NO-AGE,SOLAR-V1-NO-AGE,SOLAR-V1-NO-AGE,SOLAR-V1-NO-AGE,SOLAR-V1-NO-AGE
ESP,Spain,QUERENO GR 1,WRI1007838,36.46,42.4496,-6.9476,Hydro,,,,1961.0,ENDESA GENERACION S.A.,Red Eléctrica de España,http://www.ree.es/en/statistical-data-of-spanish-electrical-system/annual-report/preliminary-report-spanish-electricity-system-2015,CARMA,1015721,,,,,,,,,,127.01,127.01,70.65,116.69,63.95,HYDRO-V1,HYDRO-V1,HYDRO-V1,HYDRO-V1,HYDRO-V1
ESP,Spain,Quintanilla,WKS0060168,9.5,37.9620,-4.4810,Solar,,,,,,Wiki-Solar,https://www.wiki-solar.org,Wiki-Solar,,,,,,,,,,,18.84,17.66,20.10,18.37,19.67,SOLAR-V1-NO-AGE,SOLAR-V1-NO-AGE,SOLAR-V1-NO-AGE,SOLAR-V1-NO-AGE,SOLAR-V1-NO-AGE
ESP,Spain,RAMIRO II,WRI1007841,49.5,42.3826,-7.5684,Wind,,,,,PRENEAL  S.A.,Red Eléctrica de España,http://www.ree.es/en/statistical-data-of-spanish-electrical-system/annual-report/preliminary-report-spanish-electricity-system-2015,CARMA,,,,,,,,,,,,,,,105.27,NO-ESTIMATION,NO-ESTIMATION,NO-ESTIMATION,NO-ESTIMATION,CAPACITY-FACTOR-V1
ESP,Spain,REGUEIRO GRUPO 2,WRI1007842,28.64,42.3826,-7.5684,Hydro,,,,1970.0,GAS NATURAL FENOSA GENERACION  S.L.U.,Red Eléctrica de España,http://www.ree.es/en/statistical-data-of-spanish-electrical-system/annual-report/preliminary-report-spanish-electricity-system-2015,CARMA,1032479,,,,,,,,,,90.79,97.59,62.83,97.86,54.69,HYDRO-V1,HYDRO-V1,HYDRO-V1,HYDRO-V1,HYDRO-V1
ESP,Spain,REPSOL PUERTOLLANO,WRI1007845,80.5,38.6478,-4.1214,Gas,,,,1994.0,REPSOL PETROLEO  S.A.,Red Eléctrica de España,http://www.ree.es/en/statistical-data-of-spanish-electrical-system/annual-report/preliminary-report-spanish-electricity-system-2015,GEODB,1027345,,,,,,,,,,,,,,190.81,NO-ESTIMATION,NO-ESTIMATION,NO-ESTIMATION,NO-ESTIMATION,CAPACITY-FACTOR-V1
ESP,Spain,RIBA ROJA 1,WRI1007848,261.28,41.2422,0.4309,Hydro,,,,1969.0,ENDESA GENERACION S.A.,Red Eléctrica de España,http://www.ree.es/en/statistical-data-of-spanish-electrical-system/annual-report/preliminary-report-spanish-electricity-system-2015,WRI,1015796,,,,,,,,,,758.96,764.20,396.92,765.79,344.24,HYDRO-V1,HYDRO-V1,HYDRO-V1,HYDRO-V1,HYDRO-V1
ESP,Spain,RIBADELAGO GR 3,WRI1007849,34.56,41.9781,-6.1404,Hydro,,,,1955.0,ENDESA GENERACION S.A.,Red Eléctrica de España,http://www.ree.es/en/statistical-data-of-spanish-electrical-system/annual-report/preliminary-report-spanish-electricity-system-2015,CARMA,1015722,,,,,,,,,,119.23,119.23,55.69,119.56,49.20,HYDRO-V1,HYDRO-V1,HYDRO-V1,HYDRO-V1,HYDRO-V1
ESP,Spain,RICOBAYO II 1,WRI1007850,326.57000000000005,41.5278,-5.9877,Hydro,,,,1999.0,IBERDROLA GENERACION  S.A.,Red Eléctrica de España,http://www.ree.es/en/statistical-data-of-spanish-electrical-system/annual-report/preliminary-report-spanish-electricity-system-2015,WRI,,,,,294.802,496.464,51.042,,,JRC-PPDB-OPEN,1134.61,1056.97,358.75,1044.32,285.51,HYDRO-V1,HYDRO-V1,HYDRO-V1,HYDRO-V1,HYDRO-V1
ESP,Spain,Ramón Escriche,WKS0060208,8.0,41.2390,0.5336,Solar,,,,,,Wiki-Solar,https://www.wiki-solar.org,Wiki-Solar,,,,,,,,,,,15.98,15.25,15.60,15.56,15.81,SOLAR-V1-NO-AGE,SOLAR-V1-NO-AGE,SOLAR-V1-NO-AGE,SOLAR-V1-NO-AGE,SOLAR-V1-NO-AGE
ESP,Spain,Requena,WKS0073275,12.0,39.4751,-1.1546,Solar,,,,,,Wiki-Solar,https://www.wiki-solar.org,Wiki-Solar,,,,,,,,,,,25.96,25.99,25.82,25.65,26.15,SOLAR-V1-NO-AGE,SOLAR-V1-NO-AGE,SOLAR-V1-NO-AGE,SOLAR-V1-NO-AGE,SOLAR-V1-NO-AGE
ESP,Spain,Rota,WKS0060360,5.0,36.6950,-6.2840,Solar,,,,,,Wiki-Solar,https://www.wiki-solar.org,Wiki-Solar,,,,,,,,,,,11.24,10.87,10.94,10.72,11.28,SOLAR-V1-NO-AGE,SOLAR-V1-NO-AGE,SOLAR-V1-NO-AGE,SOLAR-V1-NO-AGE,SOLAR-V1-NO-AGE
ESP,Spain,SALAS GRUPO 1,WRI1007861,52.82,41.9443,-8.0349,Hydro,,,,1973.0,GAS NATURAL FENOSA GENERACION  S.L.U.,Red Eléctrica de España,http://www.ree.es/en/statistical-data-of-spanish-electrical-system/annual-report/preliminary-report-spanish-electricity-system-2015,WRI,1032485,,,,,,,,,,172.58,179.64,86.50,180.13,69.51,HYDRO-V1,HYDRO-V1,HYDRO-V1,HYDRO-V1,HYDRO-V1
ESP,Spain,SALIME 4,WRI1007862,157.24,43.2364,-6.8475,Hydro,,,,1956.0,HIDROELECTRICA DEL CANTABRICO  S.A.,Red Eléctrica de España,http://www.ree.es/en/statistical-data-of-spanish-electrical-system/annual-report/preliminary-report-spanish-electricity-system-2015,WRI,1014389,,,,,,,,,,490.41,534.30,240.55,486.58,170.70,HYDRO-V1,HYDRO-V1,HYDRO-V1,HYDRO-V1,HYDRO-V1
ESP,Spain,SALINAS BRAS DEL PORT  S.A.,WRI1007864,10.0,42.5741,0.1824,Gas,,,,,BRAS DEL PORT  S.A.,Red Eléctrica de España,http://www.ree.es/en/statistical-data-of-spanish-electrical-system/annual-report/preliminary-report-spanish-electricity-system-2015,CARMA,,,,,,,,,,,,,,,23.70,NO-ESTIMATION,NO-ESTIMATION,NO-ESTIMATION,NO-ESTIMATION,CAPACITY-FACTOR-V1
ESP,Spain,SAN AGUSTIN GR 1,WRI1007866,62.879999999999995,42.1795,-7.1122,Hydro,,,,1961.0,ENDESA GENERACION S.A.,Red Eléctrica de España,http://www.ree.es/en/statistical-data-of-spanish-electrical-system/annual-report/preliminary-report-spanish-electricity-system-2015,CARMA,1015725,,,,,,,,,,208.88,217.40,87.44,210.60,61.62,HYDRO-V1,HYDRO-V1,HYDRO-V1,HYDRO-V1,HYDRO-V1
ESP,Spain,SAN LORENZO A,WRI1007874,88.125,41.6494,-5.0253,Wind,,,,2007.0,PARQUES EOLICOS SAN LORENZO  S.L.U,Red Eléctrica de España,http://www.ree.es/en/statistical-data-of-spanish-electrical-system/annual-report/preliminary-report-spanish-electricity-system-2015,CARMA,1110486,,,,,,,,,,217.34,198.28,160.66,205.26,171.54,WIND-V1,WIND-V1,WIND-V1,WIND-V1,WIND-V1
ESP,Spain,SAN PEDRO 2,WRI1007878,34.36,42.4171,-7.7498,Hydro,,,,1960.0,IBERDROLA GENERACION  S.A.,Red Eléctrica de España,http://www.ree.es/en/statistical-data-of-spanish-electrical-system/annual-report/preliminary-report-spanish-electricity-system-2015,CARMA,1019240,,,,,,,,,,112.77,120.09,89.56,119.32,69.19,HYDRO-V1,HYDRO-V1,HYDRO-V1,HYDRO-V1,HYDRO-V1
ESP,Spain,SAN ROQUE GRUPO 2,WRI1007879,791.6800000000001,36.1955,-5.4131,Gas,,,,2002.0,ENDESA GENERACION S.A.,Red Eléctrica de España,http://www.ree.es/en/statistical-data-of-spanish-electrical-system/annual-report/preliminary-report-spanish-electricity-system-2015,GEODB,,,,,2693.834,2313.036,1762.875,,,JRC-PPDB-OPEN,,,,,1876.54,NO-ESTIMATION,NO-ESTIMATION,NO-ESTIMATION,NO-ESTIMATION,CAPACITY-FACTOR-V1
ESP,Spain,SANTA MARINA GR 3,WRI1023649,34.68,42.5103,-5.8730,Hydro,,,,1992.0,ENDESA GENERACION S.A.,Red Eléctrica de España,http://www.ree.es/en/statistical-data-of-spanish-electrical-system/annual-report/preliminary-report-spanish-electricity-system-2015,WRI,1015727,,,,,,,,,,106.53,104.17,56.94,115.89,46.08,HYDRO-V1,HYDRO-V1,HYDRO-V1,HYDRO-V1,HYDRO-V1
ESP,Spain,SANTIAGO-JARES 2,WRI1007885,53.15,43.4949,-7.2421,Hydro,,,,1968.0,IBERDROLA GENERACION  S.A.,Red Eléctrica de España,http://www.ree.es/en/statistical-data-of-spanish-electrical-system/annual-report/preliminary-report-spanish-electricity-system-2015,CARMA,1019243,,,,,,,,,,168.54,168.54,105.65,169.00,99.47,HYDRO-V1,HYDRO-V1,HYDRO-V1,HYDRO-V1,HYDRO-V1
ESP,Spain,SANTURCE  GRUPO 4,WRI1007889,396.4,43.3400,-3.0539,Gas,,,,2005.0,HIDROELECTRICA IBERICA  S.L.,Red Eléctrica de España,http://www.ree.es/en/statistical-data-of-spanish-electrical-system/annual-report/preliminary-report-spanish-electricity-system-2015,GEODB,1019245,,,,0.0,0.0,138.557,,,JRC-PPDB-OPEN,,,,,939.59,NO-ESTIMATION,NO-ESTIMATION,NO-ESTIMATION,NO-ESTIMATION,CAPACITY-FACTOR-V1
ESP,Spain,SAU 2,WRI1007890,55.56,41.9470,2.3844,Hydro,,,,1964.0,ENDESA GENERACION S.A.,Red Eléctrica de España,http://www.ree.es/en/statistical-data-of-spanish-electrical-system/annual-report/preliminary-report-spanish-electricity-system-2015,CARMA,1018379,,,,,,,,,,186.87,182.29,91.27,163.29,81.97,HYDRO-V1,HYDRO-V1,HYDRO-V1,HYDRO-V1,HYDRO-V1
ESP,Spain,SAUCELLE II 1,WRI1007891,516.39,41.0450,-6.8067,Hydro,,,,1989.0,IBERDROLA GENERACION  S.A.,Red Eléctrica de España,http://www.ree.es/en/statistical-data-of-spanish-electrical-system/annual-report/preliminary-report-spanish-electricity-system-2015,GEODB,1019246,,,,202.378,610.934,23.252,,,JRC-PPDB-OPEN,1707.50,1704.52,676.51,1697.09,1008.82,HYDRO-V1,HYDRO-V1,HYDRO-V1,HYDRO-V1,HYDRO-V1
ESP,Spain,SEIRA II 3,WRI1007896,19.25,41.4833,0.4667,Hydro,,,,1996.0,CORPORACION ACCIONA HIDRAULICA  S.L.,Red Eléctrica de España,http://www.ree.es/en/statistical-data-of-spanish-electrical-system/annual-report/preliminary-report-spanish-electricity-system-2015,CARMA,,,,,,,,,,,68.03,69.86,39.27,70.91,38.18,HYDRO-V1,HYDRO-V1,HYDRO-V1,HYDRO-V1,HYDRO-V1
ESP,Spain,SEROS II 1,WRI1023650,44.24,41.4744,0.4534,Hydro,,,,1989.0,ENDESA GENERACION S.A.,Red Eléctrica de España,http://www.ree.es/en/statistical-data-of-spanish-electrical-system/annual-report/preliminary-report-spanish-electricity-system-2015,WRI,1017220,,,,,,,,,,147.39,151.06,80.82,154.00,78.95,HYDRO-V1,HYDRO-V1,HYDRO-V1,HYDRO-V1,HYDRO-V1
ESP,Spain,SERRA DE RUBIO,WRI1007897,75.0,41.6485,1.5914,Wind,,,,2005.0,EOLICA DE RUBIO  S.L.,Red Eléctrica de España,http://www.ree.es/en/statistical-data-of-spanish-electrical-system/annual-report/preliminary-report-spanish-electricity-system-2015,WRI,1058898,,,,,,,,,,172.45,186.34,168.68,211.82,194.42,WIND-V1,WIND-V1,WIND-V1,WIND-V1,WIND-V1
ESP,Spain,SERRA DE VILOBI,WRI1007900,40.5,42.1555,2.2828,Wind,,,,2007.0,ENERGIAS EOLICAS DE CATALUNYA  SA,Red Eléctrica de España,http://www.ree.es/en/statistical-data-of-spanish-electrical-system/annual-report/preliminary-report-spanish-electricity-system-2015,CARMA,1071672,,,,,,,,,,110.60,103.25,100.82,108.59,102.13,WIND-V1,WIND-V1,WIND-V1,WIND-V1,WIND-V1
ESP,Spain,SERRA DEL TALLAT,WRI1007901,49.5,42.3833,2.2667,Wind,,,,2007.0,ENERGIAS EOLICAS DE CATALUNYA  SA,Red Eléctrica de España,http://www.ree.es/en/statistical-data-of-spanish-electrical-system/annual-report/preliminary-report-spanish-electricity-system-2015,CARMA,1071671,,,,,,,,,,122.99,118.21,115.16,131.29,119.51,WIND-V1,WIND-V1,WIND-V1,WIND-V1,WIND-V1
ESP,Spain,SIERRA DE LA VIRGEN,WRI1007912,24.42,41.5406,-1.7166,Wind,,,,,SDAD DE GESTION DE RECURCOS ENERGETICOS,Red Eléctrica de España,http://www.ree.es/en/statistical-data-of-spanish-electrical-system/annual-report/preliminary-report-spanish-electricity-system-2015,CARMA,1074137,,,,,,,,,,,,,,51.93,NO-ESTIMATION,NO-ESTIMATION,NO-ESTIMATION,NO-ESTIMATION,CAPACITY-FACTOR-V1
ESP,Spain,SILVON 2,WRI1007918,81.53999999999999,40.7149,-4.0053,Hydro,,,,1964.0,VIESGO GENERACION  S.L.,Red Eléctrica de España,http://www.ree.es/en/statistical-data-of-spanish-electrical-system/annual-report/preliminary-report-spanish-electricity-system-2015,WRI,1014390,,,,,,,,,,262.64,262.64,174.65,263.36,165.17,HYDRO-V1,HYDRO-V1,HYDRO-V1,HYDRO-V1,HYDRO-V1
ESP,Spain,SNIACE,WRI1007923,93.0,42.5273,-8.0086,Gas,,,,,SNIACE  S.A.,Red Eléctrica de España,http://www.ree.es/en/statistical-data-of-spanish-electrical-system/annual-report/preliminary-report-spanish-electricity-system-2015,CARMA,,,,,,,,,,,,,,,220.44,NO-ESTIMATION,NO-ESTIMATION,NO-ESTIMATION,NO-ESTIMATION,CAPACITY-FACTOR-V1
ESP,Spain,SOBRADELO 2,WRI1023652,44.25,42.4139,-6.9191,Hydro,,,,1972.0,IBERDROLA GENERACION  S.A.,Red Eléctrica de España,http://www.ree.es/en/statistical-data-of-spanish-electrical-system/annual-report/preliminary-report-spanish-electricity-system-2015,WRI,1019250,,,,,,,,,,154.47,154.47,80.11,141.95,71.97,HYDRO-V1,HYDRO-V1,HYDRO-V1,HYDRO-V1,HYDRO-V1
ESP,Spain,SOBRON 1,WRI1007924,27.78,42.7778,-3.0458,Hydro,,,,1961.0,IBERDROLA GENERACION  S.A.,Red Eléctrica de España,http://www.ree.es/en/statistical-data-of-spanish-electrical-system/annual-report/preliminary-report-spanish-electricity-system-2015,CARMA,1019251,,,,,,,,,,56.07,72.84,61.60,88.00,61.02,HYDRO-V1,HYDRO-V1,HYDRO-V1,HYDRO-V1,HYDRO-V1
ESP,Spain,SOLABEN 3,WRI1007925,200.0,39.2260,-5.3905,Solar,,,,2012.0,SOLABEN ELECTRICIDAD TRES  S.A.,Red Eléctrica de España,http://www.ree.es/en/statistical-data-of-spanish-electrical-system/annual-report/preliminary-report-spanish-electricity-system-2015,GEODB,1077571,,,,,,,,,,445.90,452.26,440.48,449.22,397.00,SOLAR-V1,SOLAR-V1,SOLAR-V1,SOLAR-V1,SOLAR-V1
ESP,Spain,SOLUZ GUZMAN,WRI1007927,49.9,37.6522,-5.2722,Solar,,,,2012.0,GUZMAN ENERGIA  S.L.,Red Eléctrica de España,http://www.ree.es/en/statistical-data-of-spanish-electrical-system/annual-report/preliminary-report-spanish-electricity-system-2015,GEODB,1086246,,,,,,,,,,111.34,110.70,110.59,109.80,102.13,SOLAR-V1,SOLAR-V1,SOLAR-V1,SOLAR-V1,SOLAR-V1
ESP,Spain,SON REUS 3  TURBINA DE GAS N 3,WRI1007932,563.75,39.6500,2.6807,Oil,Gas,,,2000.0,GAS Y ELECTRICIDAD GENERACION  S.A.U,Red Eléctrica de España,http://www.ree.es/en/statistical-data-of-spanish-electrical-system/annual-report/preliminary-report-spanish-electricity-system-2015,WRI,1046533,,,,,,,,,,,,,,1174.57,NO-ESTIMATION,NO-ESTIMATION,NO-ESTIMATION,NO-ESTIMATION,CAPACITY-FACTOR-V1
ESP,Spain,SOTO RIBERA 3,WRI1007944,346.25,43.3122,-5.8739,Coal,,,,1984.0,HIDROELECTRICA DEL CANTABRICO  S.A.,Red Eléctrica de España,http://www.ree.es/en/statistical-data-of-spanish-electrical-system/annual-report/preliminary-report-spanish-electricity-system-2015,WRI,1031230,,,,3291.6,,,,,JRC-PPDB-OPEN,,,,,1579.49,NO-ESTIMATION,NO-ESTIMATION,NO-ESTIMATION,NO-ESTIMATION,CAPACITY-FACTOR-V1
ESP,Spain,SOUTELO 2,WRI1007945,213.64000000000001,42.1677,-7.1744,Hydro,,,,1994.0,IBERDROLA GENERACION  S.A.,Red Eléctrica de España,http://www.ree.es/en/statistical-data-of-spanish-electrical-system/annual-report/preliminary-report-spanish-electricity-system-2015,WRI,1019253,,,,131.202,154.308,59.421,,,JRC-PPDB-OPEN,621.76,621.76,351.35,623.46,320.88,HYDRO-V1,HYDRO-V1,HYDRO-V1,HYDRO-V1,HYDRO-V1
ESP,Spain,SPEX,WKS0060026,30.0,38.8900,-6.2850,Solar,,,,,,Wiki-Solar,https://www.wiki-solar.org,Wiki-Solar,,,,,,,,,,,63.14,60.32,63.70,60.48,63.31,SOLAR-V1-NO-AGE,SOLAR-V1-NO-AGE,SOLAR-V1-NO-AGE,SOLAR-V1-NO-AGE,SOLAR-V1-NO-AGE
ESP,Spain,SUSQUEDA 3,WRI1007949,88.55000000000001,41.9791,2.5274,Hydro,,,,1981.0,ENDESA GENERACION S.A.,Red Eléctrica de España,http://www.ree.es/en/statistical-data-of-spanish-electrical-system/annual-report/preliminary-report-spanish-electricity-system-2015,WRI,1018381,,,,,,,,,,287.52,288.51,143.28,318.30,131.39,HYDRO-V1,HYDRO-V1,HYDRO-V1,HYDRO-V1,HYDRO-V1
ESP,Spain,Saelices,WKS0060114,11.3,39.9180,-2.8220,Solar,,,,,,Wiki-Solar,https://www.wiki-solar.org,Wiki-Solar,,,,,,,,,,,20.91,21.60,23.21,21.68,23.16,SOLAR-V1-NO-AGE,SOLAR-V1-NO-AGE,SOLAR-V1-NO-AGE,SOLAR-V1-NO-AGE,SOLAR-V1-NO-AGE
ESP,Spain,Salamanca,WKS0060081,13.8,41.0277,-5.8500,Solar,,,,,,Wiki-Solar,https://www.wiki-solar.org,Wiki-Solar,,,,,,,,,,,25.30,25.35,25.77,24.55,28.09,SOLAR-V1-NO-AGE,SOLAR-V1-NO-AGE,SOLAR-V1-NO-AGE,SOLAR-V1-NO-AGE,SOLAR-V1-NO-AGE
ESP,Spain,San Clemente,WKS0060323,5.2,39.4310,-2.4160,Solar,,,,,,Wiki-Solar,https://www.wiki-solar.org,Wiki-Solar,,,,,,,,,,,9.15,9.16,9.82,9.33,10.21,SOLAR-V1-NO-AGE,SOLAR-V1-NO-AGE,SOLAR-V1-NO-AGE,SOLAR-V1-NO-AGE,SOLAR-V1-NO-AGE
ESP,Spain,San Esteban II  Grupo 1,WRI1007869,438.45,42.4143,-7.6533,Hydro,,,,2012.0,IBERDROLA GENERACION  S.A.,Red Eléctrica de España,http://www.ree.es/en/statistical-data-of-spanish-electrical-system/annual-report/preliminary-report-spanish-electricity-system-2015,WRI,,,,,103.458,404.532,40.381,,,JRC-PPDB-OPEN,1200.39,1285.51,574.40,1289.03,834.69,HYDRO-V1,HYDRO-V1,HYDRO-V1,HYDRO-V1,HYDRO-V1
ESP,Spain,San José del Valle CSP,WKS0071101,49.9,36.6610,-5.8510,Solar,,,,,,Wiki-Solar,https://www.wiki-solar.org,Wiki-Solar,,,,,,,,,,,134.10,130.95,119.84,122.17,128.96,SOLAR-V1-NO-AGE,SOLAR-V1-NO-AGE,SOLAR-V1-NO-AGE,SOLAR-V1-NO-AGE,SOLAR-V1-NO-AGE
ESP,Spain,Sanlúcar PS20,WKS0067644,20.0,37.4440,-6.2580,Solar,,,,,,Wiki-Solar,https://www.wiki-solar.org,Wiki-Solar,,,,,,,,,,,46.92,46.16,45.78,45.88,45.73,SOLAR-V1-NO-AGE,SOLAR-V1-NO-AGE,SOLAR-V1-NO-AGE,SOLAR-V1-NO-AGE,SOLAR-V1-NO-AGE
ESP,Spain,Sanlúcar la Mayor A,WKS0067646,7.0,37.4520,-6.2510,Solar,,,,,,Wiki-Solar,https://www.wiki-solar.org,Wiki-Solar,,,,,,,,,,,14.72,14.09,13.97,14.27,14.02,SOLAR-V1-NO-AGE,SOLAR-V1-NO-AGE,SOLAR-V1-NO-AGE,SOLAR-V1-NO-AGE,SOLAR-V1-NO-AGE
ESP,Spain,Sariñena A,WKS0066688,4.0,41.8010,-0.0830,Solar,,,,,,Wiki-Solar,https://www.wiki-solar.org,Wiki-Solar,,,,,,,,,,,6.19,6.50,6.75,6.71,6.78,SOLAR-V1-NO-AGE,SOLAR-V1-NO-AGE,SOLAR-V1-NO-AGE,SOLAR-V1-NO-AGE,SOLAR-V1-NO-AGE
ESP,Spain,Seat al Sol,WKS0063583,11.0,41.4918,1.9016,Solar,,,,,,Wiki-Solar,https://www.wiki-solar.org,Wiki-Solar,,,,,,,,,,,23.13,21.71,22.98,23.04,23.11,SOLAR-V1-NO-AGE,SOLAR-V1-NO-AGE,SOLAR-V1-NO-AGE,SOLAR-V1-NO-AGE,SOLAR-V1-NO-AGE
ESP,Spain,Sierresita,WKS0060153,10.0,37.6440,-4.5900,Solar,,,,,,Wiki-Solar,https://www.wiki-solar.org,Wiki-Solar,,,,,,,,,,,18.90,20.36,20.53,18.31,20.26,SOLAR-V1-NO-AGE,SOLAR-V1-NO-AGE,SOLAR-V1-NO-AGE,SOLAR-V1-NO-AGE,SOLAR-V1-NO-AGE
ESP,Spain,Solacor 2,WKS0071053,50.0,37.9580,-4.5030,Solar,,,,,,Wiki-Solar,https://www.wiki-solar.org,Wiki-Solar,,,,,,,,,,,110.76,105.71,117.90,108.47,119.04,SOLAR-V1-NO-AGE,SOLAR-V1-NO-AGE,SOLAR-V1-NO-AGE,SOLAR-V1-NO-AGE,SOLAR-V1-NO-AGE
ESP,Spain,Solten,WKS0060053,19.7,28.0684,-16.5250,Solar,,,,,,Wiki-Solar,https://www.wiki-solar.org,Wiki-Solar,,,,,,,,,,,54.98,54.80,55.19,55.14,54.98,SOLAR-V1-NO-AGE,SOLAR-V1-NO-AGE,SOLAR-V1-NO-AGE,SOLAR-V1-NO-AGE,SOLAR-V1-NO-AGE
ESP,Spain,Solten I,WKS0063571,13.0,28.0684,-16.5250,Solar,,,,,,Wiki-Solar,https://www.wiki-solar.org,Wiki-Solar,,,,,,,,,,,35.14,35.08,35.29,35.30,35.14,SOLAR-V1-NO-AGE,SOLAR-V1-NO-AGE,SOLAR-V1-NO-AGE,SOLAR-V1-NO-AGE,SOLAR-V1-NO-AGE
ESP,Spain,Solten II,WKS0060233,11.0,28.0724,-16.5252,Solar,,,,,,Wiki-Solar,https://www.wiki-solar.org,Wiki-Solar,,,,,,,,,,,29.26,29.22,29.35,29.35,29.26,SOLAR-V1-NO-AGE,SOLAR-V1-NO-AGE,SOLAR-V1-NO-AGE,SOLAR-V1-NO-AGE,SOLAR-V1-NO-AGE
ESP,Spain,TAJO DE LA ENCANTADA 1,WRI1007951,376.88,36.9083,-4.7631,Hydro,,,,1977.0,ENDESA GENERACION S.A.,Red Eléctrica de España,http://www.ree.es/en/statistical-data-of-spanish-electrical-system/annual-report/preliminary-report-spanish-electricity-system-2015,WRI,1012844,,,,,,,,,,850.37,750.05,267.09,891.26,220.57,HYDRO-V1,HYDRO-V1,HYDRO-V1,HYDRO-V1,HYDRO-V1
ESP,Spain,TAMBRE II GRUPO 1,WRI1007952,73.04,42.8368,-8.8498,Hydro,,,,1975.0,GAS NATURAL FENOSA GENERACION  S.L.U.,Red Eléctrica de España,http://www.ree.es/en/statistical-data-of-spanish-electrical-system/annual-report/preliminary-report-spanish-electricity-system-2015,WRI,1032494,,,,,,,,,,248.59,248.59,120.43,249.01,108.37,HYDRO-V1,HYDRO-V1,HYDRO-V1,HYDRO-V1,HYDRO-V1
ESP,Spain,TANES 1,WRI1007954,124.17,43.2207,-5.4278,Hydro,,,,1978.0,HIDROELECTRICA DEL CANTABRICO  S.A.,Red Eléctrica de España,http://www.ree.es/en/statistical-data-of-spanish-electrical-system/annual-report/preliminary-report-spanish-electricity-system-2015,WRI,1018399,,,,,,,,,,326.25,322.50,123.09,327.14,114.80,HYDRO-V1,HYDRO-V1,HYDRO-V1,HYDRO-V1,HYDRO-V1
ESP,Spain,TARRAGONA,WRI1007956,802.84,41.1081,1.1912,Gas,,,,2004.0,TARRAGONA POWER  S.L.,Red Eléctrica de España,http://www.ree.es/en/statistical-data-of-spanish-electrical-system/annual-report/preliminary-report-spanish-electricity-system-2015,GEODB,,,,,442.939,420.517,544.075,,,JRC-PPDB-OPEN,,,,,1902.99,NO-ESTIMATION,NO-ESTIMATION,NO-ESTIMATION,NO-ESTIMATION,CAPACITY-FACTOR-V1
ESP,Spain,TAVASCAN INFERIOR,WRI1007958,150.88,42.6370,1.2512,Hydro,,,,1971.0,ENDESA GENERACION S.A.,Red Eléctrica de España,http://www.ree.es/en/statistical-data-of-spanish-electrical-system/annual-report/preliminary-report-spanish-electricity-system-2015,CARMA,,,,,,,,,,,431.78,431.78,288.52,432.96,267.00,HYDRO-V1,HYDRO-V1,HYDRO-V1,HYDRO-V1,HYDRO-V1
ESP,Spain,TERMENS,WRI1007960,11.92,41.7167,0.7667,Hydro,,,,1964.0,ENDESA GENERACION S.A.,Red Eléctrica de España,http://www.ree.es/en/statistical-data-of-spanish-electrical-system/annual-report/preliminary-report-spanish-electricity-system-2015,CARMA,1017224,,,,,,,,,,35.42,36.42,23.31,34.27,20.92,HYDRO-V1,HYDRO-V1,HYDRO-V1,HYDRO-V1,HYDRO-V1
ESP,Spain,TERMESOL 50,WRI1007961,50.0,39.1933,-5.5779,Solar,,,,2011.0,TERMESOL 50  S.A.,Red Eléctrica de España,http://www.ree.es/en/statistical-data-of-spanish-electrical-system/annual-report/preliminary-report-spanish-electricity-system-2015,GEODB,,,,,,,,,,,112.34,110.12,110.82,103.38,99.79,SOLAR-V1,SOLAR-V1,SOLAR-V1,SOLAR-V1,SOLAR-V1
ESP,Spain,TERMOSOL-2,WRI1007962,99.8,39.1933,-5.5779,Solar,,,,2013.0,PLANTA TERMOSOLAR DE EXTREMADURA 2  S.L.,Red Eléctrica de España,http://www.ree.es/en/statistical-data-of-spanish-electrical-system/annual-report/preliminary-report-spanish-electricity-system-2015,GEODB,,,,,,,,,,,,219.56,221.24,218.96,218.35,NO-ESTIMATION,SOLAR-V1,SOLAR-V1,SOLAR-V1,SOLAR-V1
ESP,Spain,TERMOSOLAR BORGES,WRI1023564,24.29,41.5334,0.8095,Solar,,,,2012.0,TERMOSOLAR BORGES  S.L.,Red Eléctrica de España,http://www.ree.es/en/statistical-data-of-spanish-electrical-system/annual-report/preliminary-report-spanish-electricity-system-2015,WRI,1086239,,,,,,,,,,50.16,43.89,51.60,48.66,50.27,SOLAR-V1,SOLAR-V1,SOLAR-V1,SOLAR-V1,SOLAR-V1
ESP,Spain,TERRADETS 1,WRI1007963,32.32,42.0748,0.9162,Hydro,,,,1935.0,ENDESA GENERACION S.A.,Red Eléctrica de España,http://www.ree.es/en/statistical-data-of-spanish-electrical-system/annual-report/preliminary-report-spanish-electricity-system-2015,CARMA,1017225,,,,,,,,,,110.67,111.66,64.74,109.07,59.62,HYDRO-V1,HYDRO-V1,HYDRO-V1,HYDRO-V1,HYDRO-V1
ESP,Spain,TERUEL GR 3,WRI1023654,1055.77,40.9966,-0.3798,Coal,,,,1980.0,ENDESA GENERACION S.A.,Red Eléctrica de España,http://www.ree.es/en/statistical-data-of-spanish-electrical-system/annual-report/preliminary-report-spanish-electricity-system-2015,WRI,1015728,,,,4427.837,3304.268,4681.977,,,JRC-PPDB-OPEN,,,,,4816.13,NO-ESTIMATION,NO-ESTIMATION,NO-ESTIMATION,NO-ESTIMATION,CAPACITY-FACTOR-V1
ESP,Spain,TIOXIDE EUROPE S.L.,WRI1007968,10.0,37.2583,-6.9508,Gas,,,,2009.0,TIOXIDE EUROPE S.L.,Red Eléctrica de España,http://www.ree.es/en/statistical-data-of-spanish-electrical-system/annual-report/preliminary-report-spanish-electricity-system-2015,CARMA,,,,,,,,,,,,,,,23.70,NO-ESTIMATION,NO-ESTIMATION,NO-ESTIMATION,NO-ESTIMATION,CAPACITY-FACTOR-V1
ESP,Spain,TORAN,WRI1007972,13.12,42.2312,-7.8303,Hydro,,,,1963.0,ENDESA GENERACION S.A.,Red Eléctrica de España,http://www.ree.es/en/statistical-data-of-spanish-electrical-system/annual-report/preliminary-report-spanish-electricity-system-2015,CARMA,1029330,,,,,,,,,,39.14,39.30,26.54,39.24,24.65,HYDRO-V1,HYDRO-V1,HYDRO-V1,HYDRO-V1,HYDRO-V1
ESP,Spain,TORRASPAPEL-MONTANANESA,WRI1007973,22.0,41.6561,-0.8773,Gas,,,,,TORRASPAPEL  S.A,Red Eléctrica de España,http://www.ree.es/en/statistical-data-of-spanish-electrical-system/annual-report/preliminary-report-spanish-electricity-system-2015,CARMA,,,,,,,,,,,,,,,52.14,NO-ESTIMATION,NO-ESTIMATION,NO-ESTIMATION,NO-ESTIMATION,CAPACITY-FACTOR-V1
ESP,Spain,TORREJON 1,WRI1007974,130.35999999999999,39.5357,-5.9891,Hydro,,,,1967.0,IBERDROLA GENERACION  S.A.,Red Eléctrica de España,http://www.ree.es/en/statistical-data-of-spanish-electrical-system/annual-report/preliminary-report-spanish-electricity-system-2015,WRI,1019256,,,,,,,,,,284.77,291.42,246.59,385.90,224.92,HYDRO-V1,HYDRO-V1,HYDRO-V1,HYDRO-V1,HYDRO-V1
ESP,Spain,TORTOSA ENERGIA,WRI1007975,39.58,40.8125,0.5216,Gas,,,,2011.0,TORTOSA ENERGIA  SA,Red Eléctrica de España,http://www.ree.es/en/statistical-data-of-spanish-electrical-system/annual-report/preliminary-report-spanish-electricity-system-2015,CARMA,1031863,,,,,,,,,,,,,,93.81,NO-ESTIMATION,NO-ESTIMATION,NO-ESTIMATION,NO-ESTIMATION,CAPACITY-FACTOR-V1
ESP,Spain,TRATAMIENTO DE PURINES,WRI1007981,15.0,41.5667,0.5167,Waste,,,,2005.0,NEOELECTRA SC ECONERGIA NAVARRA S.L.,Red Eléctrica de España,http://www.ree.es/en/statistical-data-of-spanish-electrical-system/annual-report/preliminary-report-spanish-electricity-system-2015,CARMA,,,,,,,,,,,,,,,5.22,NO-ESTIMATION,NO-ESTIMATION,NO-ESTIMATION,NO-ESTIMATION,CAPACITY-FACTOR-V1
ESP,Spain,TRATAMIENTO DE PURINES OSA DE LA VEGA,WRI1007989,14.6,39.6598,-2.7600,Waste,,,,,DEPURACION Y COGENERACION INTEGRAL SAL.,Red Eléctrica de España,http://www.ree.es/en/statistical-data-of-spanish-electrical-system/annual-report/preliminary-report-spanish-electricity-system-2015,CARMA,,,,,,,,,,,,,,,5.08,NO-ESTIMATION,NO-ESTIMATION,NO-ESTIMATION,NO-ESTIMATION,CAPACITY-FACTOR-V1
ESP,Spain,TRILLO,WRI1007993,1003.41,40.7016,-2.6227,Nuclear,,,,1988.0,IBERDROLA GENERACION  S.A.,Red Eléctrica de España,http://www.ree.es/en/statistical-data-of-spanish-electrical-system/annual-report/preliminary-report-spanish-electricity-system-2015,GEODB,1011922,,,,7902.91,7979.67,7982.665,,,JRC-PPDB-OPEN,,,,,8016.31,NO-ESTIMATION,NO-ESTIMATION,NO-ESTIMATION,NO-ESTIMATION,CAPACITY-FACTOR-V1
ESP,Spain,TRUCHAS DEL CINCA,WRI1007994,23.92,42.1519,0.2225,Gas,,,,1999.0,NEO SC EL GRADO  SLU,Red Eléctrica de España,http://www.ree.es/en/statistical-data-of-spanish-electrical-system/annual-report/preliminary-report-spanish-electricity-system-2015,CARMA,,,,,,,,,,,,,,,56.69,NO-ESTIMATION,NO-ESTIMATION,NO-ESTIMATION,NO-ESTIMATION,CAPACITY-FACTOR-V1
ESP,Spain,Talayuela 1,WKS0060156,10.0,40.0208,-5.5790,Solar,,,,,,Wiki-Solar,https://www.wiki-solar.org,Wiki-Solar,,,,,,,,,,,19.62,19.20,19.13,19.21,18.85,SOLAR-V1-NO-AGE,SOLAR-V1-NO-AGE,SOLAR-V1-NO-AGE,SOLAR-V1-NO-AGE,SOLAR-V1-NO-AGE
ESP,Spain,Tordesillas,WKS0060106,10.0,41.5062,-5.0275,Solar,,,,,,Wiki-Solar,https://www.wiki-solar.org,Wiki-Solar,,,,,,,,,,,16.32,16.47,16.45,16.26,17.16,SOLAR-V1-NO-AGE,SOLAR-V1-NO-AGE,SOLAR-V1-NO-AGE,SOLAR-V1-NO-AGE,SOLAR-V1-NO-AGE
ESP,Spain,Torrealvilla A,WKS0070101,7.0,37.7660,-1.7230,Solar,,,,,,Wiki-Solar,https://www.wiki-solar.org,Wiki-Solar,,,,,,,,,,,15.49,14.69,14.51,14.46,15.18,SOLAR-V1-NO-AGE,SOLAR-V1-NO-AGE,SOLAR-V1-NO-AGE,SOLAR-V1-NO-AGE,SOLAR-V1-NO-AGE
ESP,Spain,Torrealvilla B,WKS0070102,4.0,37.7690,-1.6980,Solar,,,,,,Wiki-Solar,https://www.wiki-solar.org,Wiki-Solar,,,,,,,,,,,8.17,7.75,7.51,7.48,8.00,SOLAR-V1-NO-AGE,SOLAR-V1-NO-AGE,SOLAR-V1-NO-AGE,SOLAR-V1-NO-AGE,SOLAR-V1-NO-AGE
ESP,Spain,Torrealvilla I,WKS0070100,6.4,37.7560,-1.7020,Solar,,,,,,Wiki-Solar,https://www.wiki-solar.org,Wiki-Solar,,,,,,,,,,,14.22,13.42,13.25,13.22,13.87,SOLAR-V1-NO-AGE,SOLAR-V1-NO-AGE,SOLAR-V1-NO-AGE,SOLAR-V1-NO-AGE,SOLAR-V1-NO-AGE
ESP,Spain,Torrealvilla II,WKS0073056,6.8,37.7560,-1.7020,Solar,,,,,,Wiki-Solar,https://www.wiki-solar.org,Wiki-Solar,,,,,,,,,,,15.12,14.26,14.08,14.05,14.74,SOLAR-V1-NO-AGE,SOLAR-V1-NO-AGE,SOLAR-V1-NO-AGE,SOLAR-V1-NO-AGE,SOLAR-V1-NO-AGE
ESP,Spain,Trajano A,WKS0067647,6.3,37.0920,-5.8750,Solar,,,,,,Wiki-Solar,https://www.wiki-solar.org,Wiki-Solar,,,,,,,,,,,13.38,12.47,12.71,12.78,12.07,SOLAR-V1-NO-AGE,SOLAR-V1-NO-AGE,SOLAR-V1-NO-AGE,SOLAR-V1-NO-AGE,SOLAR-V1-NO-AGE
ESP,Spain,Trujillo A,WKS0072744,7.0,39.4600,-5.9500,Solar,,,,,,Wiki-Solar,https://www.wiki-solar.org,Wiki-Solar,,,,,,,,,,,14.20,13.58,13.97,13.56,13.93,SOLAR-V1-NO-AGE,SOLAR-V1-NO-AGE,SOLAR-V1-NO-AGE,SOLAR-V1-NO-AGE,SOLAR-V1-NO-AGE
ESP,Spain,VALDECANAS 3,WRI1008009,247.17000000000002,39.7778,-5.6124,Hydro,,,,1964.0,IBERDROLA GENERACION  S.A.,Red Eléctrica de España,http://www.ree.es/en/statistical-data-of-spanish-electrical-system/annual-report/preliminary-report-spanish-electricity-system-2015,WRI,1019264,,,,,,,,,,781.49,832.56,235.86,949.55,203.18,HYDRO-V1,HYDRO-V1,HYDRO-V1,HYDRO-V1,HYDRO-V1
ESP,Spain,VALPARAISO 2,WRI1008019,65.1,41.9974,-6.2738,Hydro,,,,1988.0,IBERDROLA GENERACION  S.A.,Red Eléctrica de España,http://www.ree.es/en/statistical-data-of-spanish-electrical-system/annual-report/preliminary-report-spanish-electricity-system-2015,WRI,1019269,,,,,,,,,,200.59,225.63,88.88,218.58,37.59,HYDRO-V1,HYDRO-V1,HYDRO-V1,HYDRO-V1,HYDRO-V1
ESP,Spain,VANDELLOS GR 2,WRI1023569,1045.31,40.9511,0.8662,Nuclear,,,,1987.0,ENDESA GENERACION S.A.,Red Eléctrica de España,http://www.ree.es/en/statistical-data-of-spanish-electrical-system/annual-report/preliminary-report-spanish-electricity-system-2015,WRI,1011923,,,,7452.839,7620.497,8994.289,,,JRC-PPDB-OPEN,,,,,8351.05,NO-ESTIMATION,NO-ESTIMATION,NO-ESTIMATION,NO-ESTIMATION,CAPACITY-FACTOR-V1
ESP,Spain,VELLE GRUPO 2,WRI1008024,86.48,42.3589,-7.8510,Hydro,,,,1967.0,GAS NATURAL FENOSA GENERACION  S.L.U.,Red Eléctrica de España,http://www.ree.es/en/statistical-data-of-spanish-electrical-system/annual-report/preliminary-report-spanish-electricity-system-2015,WRI,1017245,,,,,,,,,,284.47,302.89,208.95,300.95,149.86,HYDRO-V1,HYDRO-V1,HYDRO-V1,HYDRO-V1,HYDRO-V1
ESP,Spain,VERTEDERO DEL GARRAF,WRI1008026,12.444,41.3888,2.1590,Waste,,,,,ENDESA COG.  RENOV.S.A. Y CLP ENVIROGAS,Red Eléctrica de España,http://www.ree.es/en/statistical-data-of-spanish-electrical-system/annual-report/preliminary-report-spanish-electricity-system-2015,CARMA,,,,,,,,,,,,,,,4.33,NO-ESTIMATION,NO-ESTIMATION,NO-ESTIMATION,NO-ESTIMATION,CAPACITY-FACTOR-V1
ESP,Spain,VETEJAR,WRI1008027,12.9,42.7020,0.7956,Oil,,,,2010.0,VAPOR Y ELECTRICIDAD EL TEJAR S.L.,Red Eléctrica de España,http://www.ree.es/en/statistical-data-of-spanish-electrical-system/annual-report/preliminary-report-spanish-electricity-system-2015,CARMA,1037103,,,,,,,,,,,,,,26.87,NO-ESTIMATION,NO-ESTIMATION,NO-ESTIMATION,NO-ESTIMATION,CAPACITY-FACTOR-V1
ESP,Spain,VIELHA 1,WRI1008028,21.86,42.7020,0.7956,Hydro,,,,1947.0,ENDESA GENERACION S.A.,Red Eléctrica de España,http://www.ree.es/en/statistical-data-of-spanish-electrical-system/annual-report/preliminary-report-spanish-electricity-system-2015,CARMA,1029331,,,,,,,,,,74.00,73.88,37.14,71.74,38.44,HYDRO-V1,HYDRO-V1,HYDRO-V1,HYDRO-V1,HYDRO-V1
ESP,Spain,VILLALCAMPO II,WRI1008030,215.81,39.2077,-1.2401,Hydro,,,,1977.0,IBERDROLA GENERACION  S.A.,Red Eléctrica de España,http://www.ree.es/en/statistical-data-of-spanish-electrical-system/annual-report/preliminary-report-spanish-electricity-system-2015,WRI,1019276,,,,272.904,373.265,130.027,,,JRC-PPDB-OPEN,459.07,357.79,195.26,487.12,150.26,HYDRO-V1,HYDRO-V1,HYDRO-V1,HYDRO-V1,HYDRO-V1
ESP,Spain,VILLANUA,WRI1008032,10.9,41.2702,-6.3208,Hydro,,,,1978.0,CORPORACION ACCIONA HIDRAULICA  S.L.,Red Eléctrica de España,http://www.ree.es/en/statistical-data-of-spanish-electrical-system/annual-report/preliminary-report-spanish-electricity-system-2015,GEODB,1014337,,,,,,,,,,41.98,42.05,23.28,41.98,20.97,HYDRO-V1,HYDRO-V1,HYDRO-V1,HYDRO-V1,HYDRO-V1
ESP,Spain,VILLARINO 4,WRI1008033,850.8799999999999,41.2669,-6.3078,Hydro,,,,1970.0,IBERDROLA GENERACION  S.A.,Red Eléctrica de España,http://www.ree.es/en/statistical-data-of-spanish-electrical-system/annual-report/preliminary-report-spanish-electricity-system-2015,WRI,1019277,,,,1235.421,1766.051,1160.036,,,JRC-PPDB-OPEN,3670.54,3636.86,1579.98,3671.25,1308.16,HYDRO-V1,HYDRO-V1,HYDRO-V1,HYDRO-V1,HYDRO-V1
ESP,Spain,Valdecaballeros,WKS0060111,10.0,39.2919,-5.2111,Solar,,,,,,Wiki-Solar,https://www.wiki-solar.org,Wiki-Solar,,,,,,,,,,,19.59,19.23,18.85,19.27,19.08,SOLAR-V1-NO-AGE,SOLAR-V1-NO-AGE,SOLAR-V1-NO-AGE,SOLAR-V1-NO-AGE,SOLAR-V1-NO-AGE
ESP,Spain,Valdecaballeros Tracker,WKS0060338,5.1,39.2768,-5.2200,Solar,,,,,,Wiki-Solar,https://www.wiki-solar.org,Wiki-Solar,,,,,,,,,,,10.32,10.26,10.10,10.25,10.22,SOLAR-V1-NO-AGE,SOLAR-V1-NO-AGE,SOLAR-V1-NO-AGE,SOLAR-V1-NO-AGE,SOLAR-V1-NO-AGE
ESP,Spain,Valdelaguna,WKS0061068,11.0,36.9550,-2.4350,Solar,,,,,,Wiki-Solar,https://www.wiki-solar.org,Wiki-Solar,,,,,,,,,,,27.03,27.92,28.12,28.42,27.91,SOLAR-V1-NO-AGE,SOLAR-V1-NO-AGE,SOLAR-V1-NO-AGE,SOLAR-V1-NO-AGE,SOLAR-V1-NO-AGE
ESP,Spain,Valtierra,WKS0063645,12.4,42.1388,-1.6824,Solar,,,,,,Wiki-Solar,https://www.wiki-solar.org,Wiki-Solar,,,,,,,,,,,21.29,21.65,21.87,22.03,23.06,SOLAR-V1-NO-AGE,SOLAR-V1-NO-AGE,SOLAR-V1-NO-AGE,SOLAR-V1-NO-AGE,SOLAR-V1-NO-AGE
ESP,Spain,Valtierra II,WKS0060241,5.9,42.1388,-1.6824,Solar,,,,,,Wiki-Solar,https://www.wiki-solar.org,Wiki-Solar,,,,,,,,,,,9.62,9.70,9.75,9.84,10.34,SOLAR-V1-NO-AGE,SOLAR-V1-NO-AGE,SOLAR-V1-NO-AGE,SOLAR-V1-NO-AGE,SOLAR-V1-NO-AGE
ESP,Spain,Valverdon,WKS0060316,5.5,41.0583,-5.7820,Solar,,,,,,Wiki-Solar,https://www.wiki-solar.org,Wiki-Solar,,,,,,,,,,,9.57,9.54,9.67,9.21,10.47,SOLAR-V1-NO-AGE,SOLAR-V1-NO-AGE,SOLAR-V1-NO-AGE,SOLAR-V1-NO-AGE,SOLAR-V1-NO-AGE
ESP,Spain,Vejer de la Frontera,WKS0060150,10.0,36.2447,-6.0080,Solar,,,,,,Wiki-Solar,https://www.wiki-solar.org,Wiki-Solar,,,,,,,,,,,21.82,20.76,21.33,21.29,19.79,SOLAR-V1-NO-AGE,SOLAR-V1-NO-AGE,SOLAR-V1-NO-AGE,SOLAR-V1-NO-AGE,SOLAR-V1-NO-AGE
ESP,Spain,Villabrázaro,WKS0060315,5.5,42.0471,-5.6990,Solar,,,,,,Wiki-Solar,https://www.wiki-solar.org,Wiki-Solar,,,,,,,,,,,9.09,9.17,9.27,9.13,9.62,SOLAR-V1-NO-AGE,SOLAR-V1-NO-AGE,SOLAR-V1-NO-AGE,SOLAR-V1-NO-AGE,SOLAR-V1-NO-AGE
ESP,Spain,Villafranca,WKS0060101,7.8,42.2680,-1.6850,Solar,,,,,,Wiki-Solar,https://www.wiki-solar.org,Wiki-Solar,,,,,,,,,,,12.64,13.17,12.95,12.93,12.87,SOLAR-V1-NO-AGE,SOLAR-V1-NO-AGE,SOLAR-V1-NO-AGE,SOLAR-V1-NO-AGE,SOLAR-V1-NO-AGE
ESP,Spain,Villafranca II,WKS0063509,4.1,42.2710,-1.6920,Solar,,,,,,Wiki-Solar,https://www.wiki-solar.org,Wiki-Solar,,,,,,,,,,,6.25,6.35,6.28,6.29,6.25,SOLAR-V1-NO-AGE,SOLAR-V1-NO-AGE,SOLAR-V1-NO-AGE,SOLAR-V1-NO-AGE,SOLAR-V1-NO-AGE
ESP,Spain,Villaldelmiro,WKS0060359,5.0,42.2475,-3.9730,Solar,,,,,,Wiki-Solar,https://www.wiki-solar.org,Wiki-Solar,,,,,,,,,,,8.00,8.33,8.37,8.38,8.63,SOLAR-V1-NO-AGE,SOLAR-V1-NO-AGE,SOLAR-V1-NO-AGE,SOLAR-V1-NO-AGE,SOLAR-V1-NO-AGE
ESP,Spain,Villanueva de Serena,WKS0060125,10.9,38.9640,-5.7710,Solar,,,,,,Wiki-Solar,https://www.wiki-solar.org,Wiki-Solar,,,,,,,,,,,23.54,22.57,23.15,22.72,22.92,SOLAR-V1-NO-AGE,SOLAR-V1-NO-AGE,SOLAR-V1-NO-AGE,SOLAR-V1-NO-AGE,SOLAR-V1-NO-AGE
ESP,Spain,Villanueva de la Jara,WKS0060322,5.2,39.4393,-1.9246,Solar,,,,,,Wiki-Solar,https://www.wiki-solar.org,Wiki-Solar,,,,,,,,,,,10.28,10.26,10.29,10.28,10.48,SOLAR-V1-NO-AGE,SOLAR-V1-NO-AGE,SOLAR-V1-NO-AGE,SOLAR-V1-NO-AGE,SOLAR-V1-NO-AGE
ESP,Spain,Villar de Cañas,WKS0060165,9.8,39.8331,-2.5712,Solar,,,,,,Wiki-Solar,https://www.wiki-solar.org,Wiki-Solar,,,,,,,,,,,16.71,18.13,18.82,18.13,18.90,SOLAR-V1-NO-AGE,SOLAR-V1-NO-AGE,SOLAR-V1-NO-AGE,SOLAR-V1-NO-AGE,SOLAR-V1-NO-AGE
ESP,Spain,Villaverde,WKS0060358,5.0,39.6914,-3.9545,Solar,,,,,,Wiki-Solar,https://www.wiki-solar.org,Wiki-Solar,,,,,,,,,,,9.42,9.42,10.11,9.45,10.10,SOLAR-V1-NO-AGE,SOLAR-V1-NO-AGE,SOLAR-V1-NO-AGE,SOLAR-V1-NO-AGE,SOLAR-V1-NO-AGE
ESP,Spain,Vinaceite,WKS0060185,8.7,41.3070,-0.6050,Solar,,,,,,Wiki-Solar,https://www.wiki-solar.org,Wiki-Solar,,,,,,,,,,,14.63,14.90,15.37,15.15,15.43,SOLAR-V1-NO-AGE,SOLAR-V1-NO-AGE,SOLAR-V1-NO-AGE,SOLAR-V1-NO-AGE,SOLAR-V1-NO-AGE
ESP,Spain,YECLA 1,WRI1008037,49.2,38.6137,-1.1147,Wind,,,,,PROVENTO RENOVABLES  S.A.,Red Eléctrica de España,http://www.ree.es/en/statistical-data-of-spanish-electrical-system/annual-report/preliminary-report-spanish-electricity-system-2015,CARMA,,,,,,,,,,,,,,,104.63,NO-ESTIMATION,NO-ESTIMATION,NO-ESTIMATION,NO-ESTIMATION,CAPACITY-FACTOR-V1
ESP,Spain,Yecla,WKS0060217,7.6,38.5924,-1.0558,Solar,,,,,,Wiki-Solar,https://www.wiki-solar.org,Wiki-Solar,,,,,,,,,,,15.18,15.39,15.23,15.18,15.05,SOLAR-V1-NO-AGE,SOLAR-V1-NO-AGE,SOLAR-V1-NO-AGE,SOLAR-V1-NO-AGE,SOLAR-V1-NO-AGE
ESP,Spain,Zaratán,WKS0060179,9.0,41.6428,-4.8151,Solar,,,,,,Wiki-Solar,https://www.wiki-solar.org,Wiki-Solar,,,,,,,,,,,14.97,15.05,14.64,15.07,15.62,SOLAR-V1-NO-AGE,SOLAR-V1-NO-AGE,SOLAR-V1-NO-AGE,SOLAR-V1-NO-AGE,SOLAR-V1-NO-AGE
ESP,Spain,Zarza,WKS0065683,7.6,39.8710,-6.8320,Solar,,,,,,Wiki-Solar,https://www.wiki-solar.org,Wiki-Solar,,,,,,,,,,,15.39,14.36,15.44,14.57,14.92,SOLAR-V1-NO-AGE,SOLAR-V1-NO-AGE,SOLAR-V1-NO-AGE,SOLAR-V1-NO-AGE,SOLAR-V1-NO-AGE
ESP,Spain,Zuera I,WKS0061378,9.0,41.9340,-0.8050,Solar,,,,,,Wiki-Solar,https://www.wiki-solar.org,Wiki-Solar,,,,,,,,,,,14.98,15.49,15.97,15.48,16.03,SOLAR-V1-NO-AGE,SOLAR-V1-NO-AGE,SOLAR-V1-NO-AGE,SOLAR-V1-NO-AGE,SOLAR-V1-NO-AGE
ESP,Spain,Zuera II,WKS0060161,9.9,41.9440,-0.8180,Solar,,,,,,Wiki-Solar,https://www.wiki-solar.org,Wiki-Solar,,,,,,,,,,,16.20,16.76,17.26,16.75,17.37,SOLAR-V1-NO-AGE,SOLAR-V1-NO-AGE,SOLAR-V1-NO-AGE,SOLAR-V1-NO-AGE,SOLAR-V1-NO-AGE
ESP,Spain,Zújar,WKS0060237,7.0,38.9420,-5.8750,Solar,,,,,,Wiki-Solar,https://www.wiki-solar.org,Wiki-Solar,,,,,,,,,,,14.28,13.65,13.89,13.68,13.80,SOLAR-V1-NO-AGE,SOLAR-V1-NO-AGE,SOLAR-V1-NO-AGE,SOLAR-V1-NO-AGE,SOLAR-V1-NO-AGE
