datetime,Energy Price (EUR/MWh),SARIMA Prediction,Previous-Week Prediction,Previous-Day Prediction
2023-11-01 00:00:00,16.75,61.43081480641688,64.75,61.6
2023-11-01 01:00:00,12.52,53.37881172828968,62.65,60.0
2023-11-01 02:00:00,4.99,41.64895720562822,61.42,64.0
2023-11-01 03:00:00,4.3,29.93328415716648,45.59,64.8
2023-11-01 04:00:00,4.1,41.09350503254738,59.75,65.5
2023-11-01 05:00:00,3.9,69.03412364723664,65.1,75.26
2023-11-01 06:00:00,3.7,98.1977914814937,88.59,94.8
2023-11-01 07:00:00,3.5,121.17834517081508,104.25,114.2
2023-11-01 08:00:00,3.3,115.2723928539393,95.0,129.47
2023-11-01 09:00:00,3.1,102.65555933290352,70.75,115.01
2023-11-01 10:00:00,1.8,90.3218925158874,62.65,105.24
2023-11-01 11:00:00,0.54,75.35106034273323,45.48,104.5
2023-11-01 12:00:00,0.1,68.53548728086976,35.0,102.64
2023-11-01 13:00:00,0.07,54.28110111712586,20.0,5.0
2023-11-01 14:00:00,0.04,50.70731676435478,17.45,4.3
2023-11-01 15:00:00,0.01,61.92468861378866,37.77,4.73
2023-11-01 16:00:00,1.62,83.62338223211032,64.75,5.17
2023-11-01 17:00:00,4.3,104.48787421845704,85.0,35.29
2023-11-01 18:00:00,5.49,121.58305033448389,97.56,63.15
2023-11-01 19:00:00,6.68,124.3263447317212,109.68,87.0
2023-11-01 20:00:00,7.87,116.30427227088614,105.97,96.81
2023-11-01 21:00:00,11.56,98.55390889324902,92.7,94.75
2023-11-01 22:00:00,4.55,86.66332658800543,86.4,63.15
2023-11-01 23:00:00,4.3,46.95205200576088,51.4,36.4
2023-11-02 00:00:00,4.3,6.90744632720134,40.55,16.75
2023-11-02 01:00:00,2.54,1.91326728923843,35.45,12.52
2023-11-02 02:00:00,0.77,1.668306463171167,35.1,4.99
2023-11-02 03:00:00,0.06,1.4232902518702644,34.75,4.3
2023-11-02 04:00:00,0.09,2.2279383225932348,35.45,4.1
2023-11-02 05:00:00,1.6,21.279792494679025,54.4,3.9
2023-11-02 06:00:00,4.3,39.38173347348796,72.4,3.7
2023-11-02 07:00:00,5.0,45.33560155135709,78.25,3.5
2023-11-02 08:00:00,10.0,45.19056499598727,78.0,3.3
2023-11-02 09:00:00,4.55,40.30643785737191,73.01,3.1
2023-11-02 10:00:00,4.3,22.33428111974756,54.93,1.8
2023-11-02 11:00:00,4.2,12.510996249195548,45.0,0.54
2023-11-02 12:00:00,4.1,3.367469914009753,35.75,0.1
2023-11-02 13:00:00,4.0,0.3730691478083922,32.65,101.94
2023-11-02 14:00:00,3.9,-10.220439631500884,21.95,109.92
2023-11-02 15:00:00,3.8,1.2827829499367815,33.35,119.07
2023-11-02 16:00:00,4.3,8.586370310697754,40.55,135.11
2023-11-02 17:00:00,4.4,22.739080153871377,54.6,161.81
2023-11-02 18:00:00,4.5,23.343593215926163,55.1,172.04
2023-11-02 19:00:00,10.0,45.245204137891136,76.9,152.92
2023-11-02 20:00:00,7.28,43.45024396663926,75.0,125.88
2023-11-02 21:00:00,4.55,40.955758403623854,72.4,115.92
2023-11-02 22:00:00,4.3,23.863658347878367,55.2,95.0
2023-11-02 23:00:00,3.8,-8.296199878364245,22.93,71.56
2023-11-03 00:00:00,3.1,-18.417369897773728,11.97,4.3
2023-11-03 01:00:00,1.5,-25.981209087394745,4.3,2.54
2023-11-03 02:00:00,0.19,-20.53707044454291,9.64,0.77
2023-11-03 03:00:00,0.02,-15.103055140491628,14.97,0.06
2023-11-03 04:00:00,0.0,-9.659041006486598,20.31,0.09
2023-11-03 05:00:00,0.1,-4.2151401657425644,25.65,1.6
2023-11-03 06:00:00,4.1,13.017040134239188,42.78,4.3
2023-11-03 07:00:00,4.3,21.5105834235996,51.17,5.0
2023-11-03 08:00:00,4.23,15.546524923046048,45.1,10.0
2023-11-03 09:00:00,4.17,-0.9957036644188538,28.45,4.55
2023-11-03 10:00:00,4.1,-25.036930396957224,4.3,4.3
2023-11-03 11:00:00,3.0,-23.31202879740326,5.92,4.2
2023-11-03 12:00:00,2.0,-21.597373060643264,7.53,4.1
2023-11-03 13:00:00,3.0,-19.87271848367566,9.15,0.07
2023-11-03 14:00:00,3.55,-18.14806390735633,10.77,0.04
2023-11-03 15:00:00,4.1,-16.433407587603998,12.38,0.01
2023-11-03 16:00:00,4.3,-14.709030845797786,14.0,1.62
2023-11-03 17:00:00,12.56,15.991029761532015,44.6,4.3
2023-11-03 18:00:00,12.82,34.32259513730644,62.83,5.49
2023-11-03 19:00:00,14.16,64.08303358146331,92.49,6.68
2023-11-03 20:00:00,15.5,41.4013279696125,69.7,7.87
2023-11-03 21:00:00,14.54,25.05907557265692,53.25,11.56
2023-11-03 22:00:00,12.27,17.015701748516488,45.1,4.55
2023-11-03 23:00:00,10.0,-12.9045903743463,15.07,4.3
2023-11-04 00:00:00,4.3,0.2794775873506819,4.55,3.1
2023-11-04 01:00:00,2.0,0.1345471049807489,4.3,1.5
2023-11-04 02:00:00,1.2,0.5294356717910484,4.59,0.19
2023-11-04 03:00:00,1.62,0.9243191674643324,4.88,0.02
2023-11-04 04:00:00,1.19,1.3192026687704306,5.17,0.0
2023-11-04 05:00:00,1.0,1.7140861700840024,5.46,0.1
2023-11-04 06:00:00,1.5,2.108969659036851,5.75,4.1
2023-11-04 07:00:00,1.4,2.503864276136673,6.04,4.3
2023-11-04 08:00:00,1.68,1.7389364021053753,5.17,4.23
2023-11-04 09:00:00,2.0,0.9740257033437202,4.3,4.17
2023-11-04 10:00:00,1.62,-0.4207916586806877,2.8,4.1
2023-11-04 11:00:00,0.2,-1.495660591995936,1.62,3.0
2023-11-04 12:00:00,0.1,-1.670660140615583,1.34,2.0
2023-11-04 13:00:00,0.06,-2.9055241424617617,0.0,4.0
2023-11-04 14:00:00,0.02,-2.2606656636030977,0.54,3.9
2023-11-04 15:00:00,0.0,-1.6158252086518323,1.08,3.8
2023-11-04 16:00:00,0.02,-0.9710051331356868,1.62,4.3
2023-11-04 17:00:00,0.15,1.8133704036229883,4.3,4.4
2023-11-04 18:00:00,2.0,16.78596051804037,19.17,4.5
2023-11-04 19:00:00,4.3,21.270112650234672,23.55,10.0
2023-11-04 20:00:00,3.3,18.075569083949773,20.25,7.28
2023-11-04 21:00:00,2.3,11.93158372221549,14.0,4.55
2023-11-04 22:00:00,1.3,2.3380614492126703,4.3,4.3
2023-11-04 23:00:00,0.0,2.4431158727373123,4.3,3.8
2023-11-05 00:00:00,0.09,1.3991375110774913,1.38,4.3
2023-11-05 01:00:00,0.0,0.1443072751902452,0.02,2.0
2023-11-05 02:00:00,0.12,0.2292566937396572,0.0,1.2
2023-11-05 03:00:00,0.25,0.3441886832133766,0.01,1.62
2023-11-05 04:00:00,0.38,0.4591203031043873,0.02,1.19
2023-11-05 05:00:00,0.5,0.584050495642813,0.04,1.0
2023-11-05 06:00:00,0.62,0.698976074352256,0.05,1.5
2023-11-05 07:00:00,0.75,1.443809366053107,0.69,1.4
2023-11-05 08:00:00,0.88,1.7687034747297583,0.91,1.68
2023-11-05 09:00:00,1.0,1.82364495554054,0.86,2.0
2023-11-05 10:00:00,1.12,1.66861809120501,0.6,1.62
2023-11-05 11:00:00,1.25,1.83354196807794,0.66,0.2
2023-11-05 12:00:00,1.38,2.238424520417758,0.96,0.1
2023-11-05 13:00:00,1.5,2.803271455875022,1.42,3.0
2023-11-05 14:00:00,1.62,4.287982595086226,2.8,3.55
2023-11-05 15:00:00,1.75,5.092788118317225,3.5,4.1
2023-11-05 16:00:00,1.88,5.997488950858184,4.3,4.3
2023-11-05 17:00:00,2.0,16.90064822764287,15.1,12.56
2023-11-05 18:00:00,7.41,28.90330003434715,27.0,12.82
2023-11-05 19:00:00,22.0,66.21242891325473,64.21,14.16
2023-11-05 20:00:00,24.8,65.91713935995408,63.81,15.5
2023-11-05 21:00:00,25.02,58.42348762994523,56.21,14.54
2023-11-05 22:00:00,22.86,32.72247610811782,30.4,12.27
2023-11-05 23:00:00,16.42,29.428359644028163,27.0,10.0
2023-11-06 00:00:00,14.1,9.677792204662229,8.0,0.09
2023-11-06 01:00:00,9.43,9.982883290424738,8.2,0.0
2023-11-06 02:00:00,4.3,9.457933750558476,7.57,0.12
2023-11-06 03:00:00,1.77,7.193237862857703,5.2,0.25
2023-11-06 04:00:00,4.3,7.098200536208603,5.0,0.38
2023-11-06 05:00:00,16.93,9.742507076480155,7.54,0.5
2023-11-06 06:00:00,46.4,34.923123716504,32.62,0.62
2023-11-06 07:00:00,91.0,82.40046952302528,80.0,0.75
2023-11-06 08:00:00,92.22,92.5038999153838,90.0,0.88
2023-11-06 09:00:00,35.5,42.41647324370253,39.8,1.0
2023-11-06 10:00:00,31.0,36.96288366097394,34.24,1.12
2023-11-06 11:00:00,20.78,22.000290497958748,19.17,1.25
2023-11-06 12:00:00,21.67,10.177215584619413,7.24,1.38
2023-11-06 13:00:00,22.55,8.042612817904462,5.0,0.06
2023-11-06 14:00:00,23.44,7.447670618593243,4.3,0.02
2023-11-06 15:00:00,29.62,7.982541044627784,4.73,0.0
2023-11-06 16:00:00,60.15,8.527114365393277,5.17,0.02
2023-11-06 17:00:00,100.01,38.74716728986558,35.29,0.15
2023-11-06 18:00:00,151.74,66.70731965624199,63.15,2.0
2023-11-06 19:00:00,140.31,90.65824223531074,87.0,4.3
2023-11-06 20:00:00,112.48,100.5714653662208,96.81,3.3
2023-11-06 21:00:00,106.99,98.61692305232418,94.75,2.3
2023-11-06 22:00:00,100.11,67.12696901339488,63.15,1.3
2023-11-06 23:00:00,89.36,40.48605737957687,36.4,0.0
2023-11-07 00:00:00,82.19,77.27997235076987,61.6,14.1
2023-11-07 01:00:00,76.63,75.78487023966176,60.0,9.43
2023-11-07 02:00:00,70.96,79.88919950580961,64.0,4.3
2023-11-07 03:00:00,68.01,80.79396551763041,64.8,1.77
2023-11-07 04:00:00,70.25,81.59869078043357,65.5,4.3
2023-11-07 05:00:00,83.8,91.46193668728525,75.26,16.93
2023-11-07 06:00:00,103.33,111.10360033787208,94.8,46.4
2023-11-07 07:00:00,133.05,130.60523099073023,114.2,91.0
2023-11-07 08:00:00,136.12,145.97778036385375,129.47,92.22
2023-11-07 09:00:00,85.01,131.62487406143936,115.01,35.5
2023-11-07 10:00:00,76.04,121.961448568924,105.24,31.0
2023-11-07 11:00:00,76.63,121.32660665709304,104.5,20.78
2023-11-07 12:00:00,80.0,119.57183852747715,102.64,21.67
2023-11-07 13:00:00,83.1,118.97682046605593,101.94,1.5
2023-11-07 14:00:00,83.8,127.0604518073942,109.92,1.62
2023-11-07 15:00:00,84.1,136.313754862506,119.07,1.75
2023-11-07 16:00:00,92.0,152.4558899657387,135.11,1.88
2023-11-07 17:00:00,138.88,179.25648536474426,161.81,2.0
2023-11-07 18:00:00,150.59,189.5897804651668,172.04,7.41
2023-11-07 19:00:00,137.77,170.57780129033782,152.92,22.0
2023-11-07 20:00:00,138.13,143.64715153494396,125.88,24.8
2023-11-07 21:00:00,120.02,133.79406879661047,115.92,25.02
2023-11-07 22:00:00,92.39,112.9825231782465,95.0,22.86
2023-11-07 23:00:00,86.51,89.65176999945307,71.56,16.42
2023-11-08 00:00:00,93.35,-4.618142485336509,16.75,82.19
2023-11-08 01:00:00,79.39,-8.741963942786388,12.52,76.63
2023-11-08 02:00:00,77.99,-16.16583157092785,4.99,70.96
2023-11-08 03:00:00,76.3,-16.750718432602902,4.3,68.01
2023-11-08 04:00:00,66.76,-16.845745932723318,4.1,70.25
2023-11-08 05:00:00,75.01,-16.940778060598,3.9,83.8
2023-11-08 06:00:00,84.98,-17.03581018333236,3.7,103.33
2023-11-08 07:00:00,107.92,-17.130842306059407,3.5,133.05
2023-11-08 08:00:00,111.47,-17.22587444050829,3.3,136.12
2023-11-08 09:00:00,93.92,-17.320896021994546,3.1,85.01
2023-11-08 10:00:00,85.24,-18.5157496447317,1.8,76.04
2023-11-08 11:00:00,78.85,-19.67060669822443,0.54,76.63
2023-11-08 12:00:00,76.2,-20.005593565544668,0.1,80.0
2023-11-08 13:00:00,76.5,-19.93065104146624,0.07,22.55
2023-11-08 14:00:00,77.99,-19.85571242440945,0.04,23.44
2023-11-08 15:00:00,81.5,-19.780789524461063,0.01,29.62
2023-11-08 16:00:00,96.44,-18.06612787545499,1.62,60.15
2023-11-08 17:00:00,119.4,-15.281631408257269,4.3,100.01
2023-11-08 18:00:00,127.43,-13.986917172653804,5.49,151.74
2023-11-08 19:00:00,121.31,-12.692188604998496,6.68,140.31
2023-11-08 20:00:00,115.17,-11.397484150389255,7.87,112.48
2023-11-08 21:00:00,99.0,-7.603059552931956,11.56,106.99
2023-11-08 22:00:00,92.3,-14.507086357793131,4.55,100.11
2023-11-08 23:00:00,80.68,-14.6520473929604,4.3,89.36
2023-11-09 00:00:00,76.63,81.658425431589,4.3,93.35
2023-11-09 01:00:00,60.0,80.00364517353292,2.54,79.39
2023-11-09 02:00:00,58.7,78.33887317149181,0.77,77.99
2023-11-09 03:00:00,58.04,77.73393195087871,0.06,76.3
2023-11-09 04:00:00,57.39,77.86885313339447,0.09,66.76
2023-11-09 05:00:00,60.0,79.4835293055185,1.6,75.01
2023-11-09 06:00:00,72.0,82.28802841342915,4.3,84.98
2023-11-09 07:00:00,85.1,83.09278082024366,5.0,107.92
2023-11-09 08:00:00,95.53,88.1969946988518,10.0,111.47
2023-11-09 09:00:00,80.1,82.85271659268636,4.55,93.92
2023-11-09 10:00:00,70.0,82.70774158304624,4.3,85.24
2023-11-09 11:00:00,56.48,82.71269362263722,4.2,78.85
2023-11-09 12:00:00,54.99,82.7176442787785,4.1,76.2
2023-11-09 13:00:00,51.6,82.72259493644937,4.0,83.1
2023-11-09 14:00:00,44.71,82.72754560051673,3.9,83.8
2023-11-09 15:00:00,30.0,82.73249050438761,3.8,84.1
2023-11-09 16:00:00,53.29,83.33734742707752,4.3,92.0
2023-11-09 17:00:00,76.63,83.54225986374273,4.4,138.88
2023-11-09 18:00:00,100.42,83.74712425309238,4.5,150.59
2023-11-09 19:00:00,112.22,89.35124112867759,10.0,137.77
2023-11-09 20:00:00,103.63,86.7365642353894,7.28,138.13
2023-11-09 21:00:00,92.5,84.1119439923918,4.55,120.02
2023-11-09 22:00:00,84.04,83.96694663777734,4.3,92.39
2023-11-09 23:00:00,74.36,83.57196565867933,3.8,86.51
2023-11-10 00:00:00,64.32,55.24927283256338,3.1,76.63
2023-11-10 01:00:00,58.5,53.75447039498327,1.5,60.0
2023-11-10 02:00:00,52.0,52.54962127560184,0.19,58.7
2023-11-10 03:00:00,45.8,52.48459347187436,0.02,58.04
2023-11-10 04:00:00,45.01,52.56953067078678,0.0,57.39
2023-11-10 05:00:00,49.99,52.7744106251172,0.1,60.0
2023-11-10 06:00:00,45.8,56.87872906157666,4.1,72.0
2023-11-10 07:00:00,64.0,57.18359419259181,4.3,85.1
2023-11-10 08:00:00,72.6,57.21853704166957,4.23,95.53
2023-11-10 09:00:00,52.0,57.2634809950284,4.17,80.1
2023-11-10 10:00:00,32.99,57.29843626199205,4.1,70.0
2023-11-10 11:00:00,26.99,56.30354830858993,3.0,56.48
2023-11-10 12:00:00,25.8,55.40863574179127,2.0,54.99
2023-11-10 13:00:00,21.17,56.51342046029498,3.0,76.5
2023-11-10 14:00:00,20.78,57.16825485340882,3.55,77.99
2023-11-10 15:00:00,32.29,57.823097028392425,4.1,81.5
2023-11-10 16:00:00,45.01,58.12791535265207,4.3,96.44
2023-11-10 17:00:00,62.64,66.49158036458333,12.56,119.4
2023-11-10 18:00:00,81.0,66.85638193616684,12.82,127.43
2023-11-10 19:00:00,99.94,68.30109504180548,14.16,121.31
2023-11-10 20:00:00,106.43,69.74581975187618,15.5,115.17
2023-11-10 21:00:00,82.22,68.89090901127172,14.54,99.0
2023-11-10 22:00:00,65.16,66.72622076866672,12.27,92.3
2023-11-10 23:00:00,52.0,64.56157800964579,10.0,80.68
2023-11-11 00:00:00,19.08,29.358716133054298,4.3,64.32
2023-11-11 01:00:00,9.39,27.164063877977814,2.0,58.5
2023-11-11 02:00:00,6.23,26.469137710581983,1.2,52.0
2023-11-11 03:00:00,4.3,26.9940186489838,1.62,45.8
2023-11-11 04:00:00,4.65,26.6690156806578,1.19,45.01
2023-11-11 05:00:00,5.0,26.5839775264694,1.0,49.99
2023-11-11 06:00:00,7.29,27.188837229651,1.5,45.8
2023-11-11 07:00:00,9.39,27.193778489491628,1.4,64.0
2023-11-11 08:00:00,10.0,27.57866696978305,1.68,72.6
2023-11-11 09:00:00,8.64,28.00355238117968,2.0,52.0
2023-11-11 10:00:00,7.29,27.728554525395456,1.62,32.99
2023-11-11 11:00:00,4.3,26.41370987477812,0.2,26.99
2023-11-11 12:00:00,3.63,26.41867261756608,0.1,25.8
2023-11-11 13:00:00,2.96,26.48361350459699,0.06,51.6
2023-11-11 14:00:00,2.29,26.548553638672903,0.02,44.71
2023-11-11 15:00:00,1.62,26.63349033018181,0.0,30.0
2023-11-11 16:00:00,4.3,26.758419671666445,0.02,53.29
2023-11-11 17:00:00,7.42,26.9933153007501,0.15,76.63
2023-11-11 18:00:00,11.7,28.9479423101252,2.0,100.42
2023-11-11 19:00:00,19.14,31.35251561416058,4.3,112.22
2023-11-11 20:00:00,20.17,30.45758962081101,3.3,103.63
2023-11-11 21:00:00,19.08,29.562695286661263,2.3,92.5
2023-11-11 22:00:00,10.39,28.66780381012289,1.3,84.04
2023-11-11 23:00:00,6.29,27.472944906325324,0.0,74.36
2023-11-12 00:00:00,4.3,4.879182439654363,0.09,19.08
2023-11-12 01:00:00,3.86,4.894127623473925,0.0,9.39
2023-11-12 02:00:00,3.42,5.119042316514483,0.12,6.23
2023-11-12 03:00:00,3.71,5.353953462630231,0.25,4.3
2023-11-12 04:00:00,4.01,5.588864610985725,0.38,4.65
2023-11-12 05:00:00,4.3,5.8137772898586215,0.5,5.0
2023-11-12 06:00:00,4.64,6.0386899687315205,0.62,7.29
2023-11-12 07:00:00,4.99,6.27360111708453,0.75,9.39
2023-11-12 08:00:00,6.29,6.508512265437539,0.88,10.0
2023-11-12 09:00:00,5.64,6.733424944310438,1.0,8.64
2023-11-12 10:00:00,5.0,6.958337623183337,1.12,7.29
2023-11-12 11:00:00,4.3,7.1932487715363465,1.25,4.3
2023-11-12 12:00:00,4.65,7.428159919889356,1.38,3.63
2023-11-12 13:00:00,5.0,7.653072598762256,1.5,21.17
2023-11-12 14:00:00,6.23,7.877985277635225,1.62,20.78
2023-11-12 15:00:00,7.0,8.112896425925811,1.75,32.29
2023-11-12 16:00:00,14.17,8.347807630476854,1.88,45.01
2023-11-12 17:00:00,40.28,8.572669715247466,2.0,62.64
2023-11-12 18:00:00,52.22,14.086634172271625,7.41,81.0
2023-11-12 19:00:00,74.37,28.779256136060845,22.0,99.94
2023-11-12 20:00:00,77.8,31.683619047319493,24.8,106.43
2023-11-12 21:00:00,76.63,32.008512765807936,25.02,82.22
2023-11-12 22:00:00,51.0,29.95383642501262,22.86,65.16
2023-11-12 23:00:00,40.5,23.61979831091948,16.42,52.0
2023-11-13 00:00:00,40.4,18.62701561898822,14.1,4.3
2023-11-13 01:00:00,34.45,14.062735084274344,9.43,3.86
2023-11-13 02:00:00,23.44,9.038522643117648,4.3,3.42
2023-11-13 03:00:00,22.0,6.613868275705019,1.77,3.71
2023-11-13 04:00:00,23.44,9.248317913513564,4.3,4.01
2023-11-13 05:00:00,37.5,21.98101203932609,16.93,4.3
2023-11-13 06:00:00,47.0,51.55088668382216,46.4,4.64
2023-11-13 07:00:00,90.0,96.24870006787518,91.0,4.99
2023-11-13 08:00:00,107.0,97.57356334445944,92.22,6.29
2023-11-13 09:00:00,53.0,40.96720851433602,35.5,5.64
2023-11-13 10:00:00,45.12,36.57347278281842,31.0,5.0
2023-11-13 11:00:00,40.2,26.460004230928,20.78,4.3
2023-11-13 12:00:00,21.15,27.454891034558383,21.67,4.65
2023-11-13 13:00:00,18.02,28.43967268635888,22.55,2.96
2023-11-13 14:00:00,20.78,29.43440253344394,23.44,2.29
2023-11-13 15:00:00,40.1,35.718089256354794,29.62,1.62
2023-11-13 16:00:00,49.88,66.34790955667822,60.15,4.3
2023-11-13 17:00:00,86.22,106.30595399776178,100.01,7.42
2023-11-13 18:00:00,94.02,158.13269845232358,151.74,11.7
2023-11-13 19:00:00,104.57,146.8091521189718,140.31,19.14
2023-11-13 20:00:00,88.0,119.08850719573036,112.48,20.17
2023-11-13 21:00:00,63.98,113.7046135161647,106.99,19.08
2023-11-13 22:00:00,55.1,106.93075522652,100.11,10.39
2023-11-13 23:00:00,45.92,96.28746841183784,89.36,6.29
2023-11-14 00:00:00,45.67,82.91795061047125,82.19,40.4
2023-11-14 01:00:00,40.3,77.46385793019344,76.63,34.45
2023-11-14 02:00:00,38.33,71.89974063799478,70.96,23.44
2023-11-14 03:00:00,40.0,69.05515850633685,68.01,22.0
2023-11-14 04:00:00,40.15,71.39964761494387,70.25,23.44
2023-11-14 05:00:00,40.3,85.05229892816271,83.8,37.5
2023-11-14 06:00:00,52.0,104.683828635557,103.33,47.0
2023-11-14 07:00:00,81.61,134.5039967949087,133.05,90.0
2023-11-14 08:00:00,89.42,137.67866574023478,136.12,107.0
2023-11-14 09:00:00,81.75,86.68147749897645,85.01,53.0
2023-11-14 10:00:00,47.69,77.81826834014277,76.04,45.12
2023-11-14 11:00:00,40.5,78.51316470055957,76.63,40.2
2023-11-14 12:00:00,40.35,81.98754693875186,80.0,21.15
2023-11-14 13:00:00,40.2,85.19196694682014,83.1,5.0
2023-11-14 14:00:00,40.35,85.99676076600686,83.8,6.23
2023-11-14 15:00:00,40.5,86.40156632557014,84.1,7.0
2023-11-14 16:00:00,70.7,94.40483834536964,92.0,14.17
2023-11-14 17:00:00,97.79,141.38240944876443,138.88,40.28
2023-11-14 18:00:00,118.14,153.19522424065192,150.59,52.22
2023-11-14 19:00:00,117.02,140.48200404861942,137.77,74.37
2023-11-14 20:00:00,118.22,140.9471789439523,138.13,77.8
2023-11-14 21:00:00,110.0,122.9451451753412,120.02,76.63
2023-11-14 22:00:00,92.0,95.42453706952666,92.39,51.0
2023-11-14 23:00:00,91.61,89.65056942940433,86.51,40.5
2023-11-15 00:00:00,81.1,54.9557842604555,93.35,45.67
2023-11-15 01:00:00,76.42,41.10280173944329,79.39,40.3
2023-11-15 02:00:00,74.0,39.808099525636486,77.99,38.33
2023-11-15 03:00:00,74.39,38.22339647439805,76.3,40.0
2023-11-15 04:00:00,74.45,28.7897269848196,66.76,40.15
2023-11-15 05:00:00,80.68,37.14339402114702,75.01,40.3
2023-11-15 06:00:00,93.55,47.21650246713737,84.98,52.0
2023-11-15 07:00:00,112.67,70.25779558222197,107.92,81.61
2023-11-15 08:00:00,117.72,73.91213406765768,111.47,89.42
2023-11-15 09:00:00,103.41,56.46980258364347,93.92,81.75
2023-11-15 10:00:00,92.59,47.89629399910712,85.24,47.69
2023-11-15 11:00:00,85.5,41.61231381058136,78.85,40.5
2023-11-15 12:00:00,84.42,39.0677111262528,76.2,40.35
2023-11-15 13:00:00,83.35,39.47260975251894,76.5,18.02
2023-11-15 14:00:00,82.51,41.067278755483365,77.99,20.78
2023-11-15 15:00:00,84.52,44.68151768702244,81.5,40.1
2023-11-15 16:00:00,102.94,59.72391101567449,96.44,49.88
2023-11-15 17:00:00,120.2,82.78511048530794,119.4,86.22
2023-11-15 18:00:00,129.9,90.9186536310942,127.43,94.02
2023-11-15 19:00:00,121.09,84.90450555799494,121.31,104.57
2023-11-15 20:00:00,117.9,78.87059245144164,115.17,88.0
2023-11-15 21:00:00,104.07,62.808123383499805,99.0,63.98
2023-11-15 22:00:00,91.66,56.214348614505,92.3,55.1
2023-11-15 23:00:00,84.21,44.70116304680208,80.68,45.92
2023-11-16 00:00:00,85.48,86.10794487963109,76.63,81.1
2023-11-16 01:00:00,83.29,69.5854744108697,60.0,76.42
2023-11-16 02:00:00,82.06,68.39077260570546,58.7,74.0
2023-11-16 03:00:00,79.9,67.83582560134307,58.04,74.39
2023-11-16 04:00:00,84.81,67.29083991664858,57.39,74.45
2023-11-16 05:00:00,91.21,70.00526519403348,60.0,80.68
2023-11-16 06:00:00,94.29,82.10821165885638,72.0,93.55
2023-11-16 07:00:00,117.9,95.31092508258656,85.1,112.67
2023-11-16 08:00:00,120.25,105.84428478330004,95.53,117.72
2023-11-16 09:00:00,114.43,90.5215763143815,80.1,103.41
2023-11-16 10:00:00,102.0,80.52833318129056,70.0,92.59
2023-11-16 11:00:00,111.65,67.11544657902076,56.48,85.5
2023-11-16 12:00:00,110.2,65.730770073551,54.99,84.42
2023-11-16 13:00:00,97.88,62.4463023758857,51.6,40.2
2023-11-16 14:00:00,90.28,55.662464064875216,44.71,40.35
2023-11-16 15:00:00,84.79,41.059491467682776,30.0,40.5
2023-11-16 16:00:00,89.61,64.45077821176083,53.29,70.7
2023-11-16 17:00:00,111.4,87.89168823404448,76.63,97.79
2023-11-16 18:00:00,120.52,111.78264412338564,100.42,118.14
2023-11-16 19:00:00,125.28,123.68562611241556,112.22,117.02
2023-11-16 20:00:00,121.2,115.20186781975906,103.63,118.22
2023-11-16 21:00:00,115.0,104.17866807618348,92.5,110.0
2023-11-16 22:00:00,110.2,95.82509559020455,84.04,92.0
2023-11-16 23:00:00,100.85,86.25168765945628,74.36,91.61
2023-11-17 00:00:00,106.0,120.78656198913856,64.32,85.48
2023-11-17 01:00:00,100.0,115.07254456858938,58.5,83.29
2023-11-17 02:00:00,96.93,108.67858790128749,52.0,82.06
2023-11-17 03:00:00,92.79,102.5845400553986,45.8,79.9
2023-11-17 04:00:00,95.7,101.89960597740227,45.01,84.81
2023-11-17 05:00:00,103.2,106.98382522481975,49.99,91.21
2023-11-17 06:00:00,119.66,102.89917757406356,45.8,94.29
2023-11-17 07:00:00,131.03,121.2012833815012,64.0,117.9
2023-11-17 08:00:00,141.92,129.90492353230252,72.6,120.25
2023-11-17 09:00:00,129.65,109.4131093978732,52.0,114.43
2023-11-17 10:00:00,124.81,90.51120720769312,32.99,102.0
2023-11-17 11:00:00,117.78,84.61725234402682,26.99,111.65
2023-11-17 12:00:00,117.6,83.53246965797912,25.8,110.2
2023-11-17 13:00:00,111.55,79.00812684418945,21.17,83.35
2023-11-17 14:00:00,101.76,78.72305408559068,20.78,82.51
2023-11-17 15:00:00,115.18,90.33610799446,32.29,84.52
2023-11-17 16:00:00,124.81,103.15881552711195,45.01,102.94
2023-11-17 17:00:00,128.09,120.89075320136484,62.64,120.2
2023-11-17 18:00:00,150.33,139.35252637687657,81.0,129.9
2023-11-17 19:00:00,141.92,158.39432295226564,99.94,121.09
2023-11-17 20:00:00,128.53,164.98831379135012,106.43,117.9
2023-11-17 21:00:00,121.31,140.88705356428062,82.22,104.07
2023-11-17 22:00:00,118.53,123.93495592275836,65.16,91.66
2023-11-17 23:00:00,112.93,110.88238235261656,52.0,84.21
2023-11-18 00:00:00,110.56,112.13965112083916,19.08,106.0
2023-11-18 01:00:00,97.38,102.55641338910918,9.39,100.0
2023-11-18 02:00:00,90.61,99.50194153049422,6.23,96.93
2023-11-18 03:00:00,85.87,97.67719717559012,4.3,92.79
2023-11-18 04:00:00,82.36,98.13209220105792,4.65,95.7
2023-11-18 05:00:00,82.45,98.58694675414432,5.0,103.2
2023-11-18 06:00:00,85.41,100.98150625885594,7.29,119.66
2023-11-18 07:00:00,92.08,103.18609050142656,9.39,131.03
2023-11-18 08:00:00,100.0,103.90092350186804,10.0,141.92
2023-11-18 09:00:00,94.12,102.64607215116462,8.64,129.65
2023-11-18 10:00:00,75.0,101.40125391053864,7.29,124.81
2023-11-18 11:00:00,72.69,98.51666426703808,4.3,117.78
2023-11-18 12:00:00,70.8,97.95173532538266,3.63,117.6
2023-11-18 13:00:00,68.42,97.38678410993296,2.96,97.88
2023-11-18 14:00:00,66.05,96.82183295491582,2.29,90.28
2023-11-18 15:00:00,67.69,96.25684966724664,1.62,84.79
2023-11-18 16:00:00,81.1,99.0413495181129,4.3,89.61
2023-11-18 17:00:00,105.64,102.26573880379028,7.42,111.4
2023-11-18 18:00:00,108.67,106.64991600569476,11.7,120.52
2023-11-18 19:00:00,110.0,114.19365997723172,19.14,125.28
2023-11-18 20:00:00,111.16,115.3283748297755,20.17,121.2
2023-11-18 21:00:00,107.72,114.3435485909634,19.08,115.0
2023-11-18 22:00:00,89.0,105.75986164416148,10.39,110.2
2023-11-18 23:00:00,80.0,101.76552494735051,6.29,100.85
2023-11-19 00:00:00,78.0,72.72895447821367,4.3,110.56
2023-11-19 01:00:00,72.52,72.39397852083866,3.86,97.38
2023-11-19 02:00:00,73.04,72.05898071344953,3.42,90.61
2023-11-19 03:00:00,73.55,72.45387111411809,3.71,85.87
2023-11-19 04:00:00,72.52,72.85875307787313,4.01,82.36
2023-11-19 05:00:00,72.8,73.2536360042156,4.3,82.45
2023-11-19 06:00:00,73.55,73.69851128926817,4.64,85.41
2023-11-19 07:00:00,73.38,74.15337542990467,4.99,92.08
2023-11-19 08:00:00,69.36,75.55811280289183,6.29,100.0
2023-11-19 09:00:00,64.39,75.01313937565938,5.64,94.12
2023-11-19 10:00:00,40.1,74.4781837218113,5.0,75.0
2023-11-19 11:00:00,20.78,73.88322706018627,4.3,72.69
2023-11-19 12:00:00,25.1,74.33811030145564,4.65,70.8
2023-11-19 13:00:00,38.8,74.7929750221866,5.0,111.55
2023-11-19 14:00:00,39.99,76.12770956796636,6.23,101.76
2023-11-19 15:00:00,42.06,77.0024448711652,7.0,115.18
2023-11-19 16:00:00,67.7,84.27602335351769,14.17,124.81
2023-11-19 17:00:00,91.57,110.48677807829324,40.28,128.09
2023-11-19 18:00:00,104.68,122.52942147407666,52.22,150.33
2023-11-19 19:00:00,104.01,144.78081810078973,74.37,141.92
2023-11-19 20:00:00,114.18,148.3150252317627,77.8,128.53
2023-11-19 21:00:00,104.01,147.25035080931443,76.63,121.31
2023-11-19 22:00:00,96.9,121.72931841188212,51.0,118.53
2023-11-19 23:00:00,96.2,111.33610542995456,40.5,112.93
2023-11-20 00:00:00,90.3,62.10312615627301,40.4,78.0
2023-11-20 01:00:00,91.6,56.25907658066803,34.45,72.52
2023-11-20 02:00:00,89.32,45.35576579467867,23.44,73.04
2023-11-20 03:00:00,88.02,44.02101149040534,22.0,73.55
2023-11-20 04:00:00,86.72,45.565603481310575,23.44,72.52
2023-11-20 05:00:00,89.0,59.72828080099426,37.5,72.8
2023-11-20 06:00:00,101.0,69.33121325545483,47.0,73.55
2023-11-20 07:00:00,125.71,112.4293117284736,90.0,73.38
2023-11-20 08:00:00,123.01,129.53174918766493,107.0,69.36
2023-11-20 09:00:00,113.81,75.64485919802358,53.0,64.39
2023-11-20 10:00:00,94.08,67.87156372827951,45.12,40.1
2023-11-20 11:00:00,83.0,63.05750781382114,40.2,20.78
2023-11-20 12:00:00,88.12,44.11543365762262,21.15,25.1
2023-11-20 13:00:00,78.32,41.09100250877057,18.02,68.42
2023-11-20 14:00:00,67.1,43.95535816875038,20.78,66.05
2023-11-20 15:00:00,78.53,63.377215109141936,40.1,67.69
2023-11-20 16:00:00,89.96,73.26011806081414,49.88,81.1
2023-11-20 17:00:00,99.5,109.699322033668,86.22,105.64
2023-11-20 18:00:00,115.24,117.60261193391928,94.02,108.67
2023-11-20 19:00:00,109.83,128.25601516220598,104.57,110.0
2023-11-20 20:00:00,104.41,111.79361352751728,88.0,111.16
2023-11-20 21:00:00,99.0,87.88246692453451,63.98,107.72
2023-11-20 22:00:00,86.96,79.10907759077828,55.1,89.0
2023-11-20 23:00:00,60.1,70.03550312366792,45.92,80.0
2023-11-21 00:00:00,44.13,113.89476233120536,45.67,90.3
2023-11-21 01:00:00,40.4,108.63053876107033,40.3,91.6
2023-11-21 02:00:00,37.38,106.76580916356647,38.33,89.32
2023-11-21 03:00:00,38.39,108.54050444433643,40.0,88.02
2023-11-21 04:00:00,39.39,108.79539757155428,40.15,86.72
2023-11-21 05:00:00,40.4,109.05019470858812,40.3,89.0
2023-11-21 06:00:00,50.09,120.85305227830771,52.0,101.0
2023-11-21 07:00:00,57.54,150.56326723451693,81.61,125.71
2023-11-21 08:00:00,65.0,158.47679478951028,89.42,123.01
2023-11-21 09:00:00,44.13,150.9131540337874,81.75,113.81
2023-11-21 10:00:00,40.1,116.96344233333214,47.69,94.08
2023-11-21 11:00:00,25.0,109.8798041627566,40.5,83.0
2023-11-21 12:00:00,20.78,109.8348306084644,40.35,88.12
2023-11-21 13:00:00,16.5,109.78978692618774,40.2,38.8
2023-11-21 14:00:00,10.0,110.04469772964958,40.35,39.99
2023-11-21 15:00:00,13.0,110.2993173456286,40.5,42.06
2023-11-21 16:00:00,24.43,140.5993681563079,70.7,67.7
2023-11-21 17:00:00,43.1,167.78967104553806,97.79,91.57
2023-11-21 18:00:00,49.39,188.24124150801245,118.14,104.68
2023-11-21 19:00:00,58.19,187.226139807423,117.02,104.01
2023-11-21 20:00:00,76.3,188.5309792341376,118.22,114.18
2023-11-21 21:00:00,73.86,180.4173317343505,110.0,104.01
2023-11-21 22:00:00,47.29,162.52510222315627,92.0,96.9
2023-11-21 23:00:00,40.96,162.2403687085759,91.61,96.2
2023-11-22 00:00:00,32.29,62.78134646451728,81.1,44.13
2023-11-22 01:00:00,30.1,58.20712012677515,76.42,40.4
2023-11-22 02:00:00,25.1,55.89246494261459,74.0,37.38
2023-11-22 03:00:00,23.44,56.387361355239726,74.39,38.39
2023-11-22 04:00:00,25.66,56.5522222155327,74.45,39.39
2023-11-22 05:00:00,27.88,62.88607843998545,80.68,40.4
2023-11-22 06:00:00,30.1,75.85879923965409,93.55,50.09
2023-11-22 07:00:00,30.6,95.08063473465384,112.67,57.54
2023-11-22 08:00:00,34.39,100.2347492462739,117.72,65.0
2023-11-22 09:00:00,31.0,86.03192803431091,103.41,44.13
2023-11-22 10:00:00,20.78,75.31872260141074,92.59,40.1
2023-11-22 11:00:00,12.96,68.33485502243276,85.5,25.0
2023-11-22 12:00:00,9.9,67.36003189026181,84.42,20.78
2023-11-22 13:00:00,8.66,66.3951474359474,83.35,78.32
2023-11-22 14:00:00,7.41,65.6602005868298,82.51,67.1
2023-11-22 15:00:00,9.9,67.77465795680287,84.52,78.53
2023-11-22 16:00:00,21.01,86.29658780292354,102.94,89.96
2023-11-22 17:00:00,40.52,103.65861009766104,120.2,99.5
2023-11-22 18:00:00,68.1,113.46197823786972,129.9,115.24
2023-11-22 19:00:00,44.18,104.75819746082212,121.09,109.83
2023-11-22 20:00:00,59.1,101.67383622836752,117.9,104.41
2023-11-22 21:00:00,40.0,87.95103556162593,104.07,99.0
2023-11-22 22:00:00,50.0,75.64807223389715,91.66,86.96
2023-11-22 23:00:00,32.99,68.30425244839506,84.21,60.1
2023-11-23 00:00:00,34.39,12.217550901198676,85.48,32.29
2023-11-23 01:00:00,31.14,10.13281899043234,83.29,30.1
2023-11-23 02:00:00,27.09,9.007982452646418,82.06,25.1
2023-11-23 03:00:00,25.6,6.953211178748554,79.9,23.44
2023-11-23 04:00:00,23.96,11.967352580406176,84.81,25.66
2023-11-23 05:00:00,30.0,18.471230200859164,91.21,27.88
2023-11-23 06:00:00,35.09,21.65540448927688,94.29,30.1
2023-11-23 07:00:00,77.04,45.36667278814027,117.9,30.6
2023-11-23 08:00:00,89.03,47.821075840869376,120.25,34.39
2023-11-23 09:00:00,45.99,42.106996971591926,114.43,31.0
2023-11-23 10:00:00,25.6,29.78379584841449,102.0,20.78
2023-11-23 11:00:00,25.4,39.537385501181454,111.65,12.96
2023-11-23 12:00:00,25.5,38.192566234362005,110.2,9.9
2023-11-23 13:00:00,27.78,25.97947187349341,97.88,16.5
2023-11-23 14:00:00,29.9,18.48573923558661,90.28,10.0
2023-11-23 15:00:00,31.14,13.101539582079928,84.79,13.0
2023-11-23 16:00:00,57.82,18.02557905904695,89.61,24.43
2023-11-23 17:00:00,75.0,39.91704422149921,111.4,43.1
2023-11-23 18:00:00,109.88,49.14032732774749,120.52,49.39
2023-11-23 19:00:00,125.76,54.00448415609143,125.28,58.19
2023-11-23 20:00:00,104.67,50.03005581947594,121.2,76.3
2023-11-23 21:00:00,87.94,43.93602318651633,115.0,73.86
2023-11-23 22:00:00,75.0,39.241840357905765,110.2,47.29
2023-11-23 23:00:00,39.02,29.99820114528784,100.85,40.96
2023-11-24 00:00:00,40.0,22.55806634353764,106.0,34.39
2023-11-24 01:00:00,35.18,16.66389786806511,100.0,31.14
2023-11-24 02:00:00,31.11,13.6993984715336,96.93,27.09
2023-11-24 03:00:00,30.5,9.664967007274411,92.79,25.6
2023-11-24 04:00:00,30.0,12.679423035481722,95.7,23.96
2023-11-24 05:00:00,34.91,20.28302299969883,103.2,30.0
2023-11-24 06:00:00,71.96,36.845256675953614,119.66,35.09
2023-11-24 07:00:00,95.0,48.31818772976982,131.03,77.04
2023-11-24 08:00:00,101.36,59.31146342150142,141.92,89.03
2023-11-24 09:00:00,72.07,47.14821655305591,129.65,45.99
2023-11-24 10:00:00,65.0,42.41407592290561,124.81,25.6
2023-11-24 11:00:00,52.39,35.49013312941664,117.78,25.4
2023-11-24 12:00:00,52.2,35.415219436489764,117.6,25.5
2023-11-24 13:00:00,52.0,29.47117442265489,111.55,8.66
2023-11-24 14:00:00,51.69,19.78753542976246,101.76,7.41
2023-11-24 15:00:00,53.09,33.31041670130202,115.18,9.9
2023-11-24 16:00:00,78.45,43.04371637997056,124.81,21.01
2023-11-24 17:00:00,86.1,46.42784219506103,128.09,40.52
2023-11-24 18:00:00,104.98,68.76942140398616,150.33,68.1
2023-11-24 19:00:00,105.59,60.46555688798107,141.92,44.18
2023-11-24 20:00:00,97.71,47.18268955632029,128.53,59.1
2023-11-24 21:00:00,83.41,40.06888284880835,121.31,40.0
2023-11-24 22:00:00,83.13,37.39436452963263,118.53,50.0
2023-11-24 23:00:00,79.19,31.900204127481143,112.93,32.99
2023-11-25 00:00:00,78.07,46.41848154098327,110.56,40.0
2023-11-25 01:00:00,74.03,33.345519495362446,97.38,35.18
2023-11-25 02:00:00,72.07,26.6816607991193,90.61,31.11
2023-11-25 03:00:00,71.61,22.04741808147135,85.87,30.5
2023-11-25 04:00:00,69.99,18.64293322521049,82.36,30.0
2023-11-25 05:00:00,74.19,18.83785818736696,82.45,34.91
2023-11-25 06:00:00,79.81,21.90227385157944,85.41,71.96
2023-11-25 07:00:00,87.08,28.6760821393503,92.08,95.0
2023-11-25 08:00:00,94.29,36.69979582365955,100.0,101.36
2023-11-25 09:00:00,80.0,30.925736572687544,94.12,72.07
2023-11-25 10:00:00,62.99,11.913674590038273,75.0,65.0
2023-11-25 11:00:00,62.6,9.709162994543544,72.69,52.39
2023-11-25 12:00:00,63.5,7.924430423893123,70.8,52.2
2023-11-25 13:00:00,67.57,5.64976893505944,68.42,27.78
2023-11-25 14:00:00,65.57,3.3850722773344524,66.05,29.9
2023-11-25 15:00:00,70.0,5.1296490720451,67.69,31.14
2023-11-25 16:00:00,82.5,18.642279225201804,81.1,57.82
2023-11-25 17:00:00,111.75,43.28329960953456,105.64,75.0
2023-11-25 18:00:00,130.26,46.41752134325292,108.67,109.88
2023-11-25 19:00:00,127.55,47.85221127983715,110.0,125.76
2023-11-25 20:00:00,127.31,49.116987276672766,111.16,104.67
2023-11-25 21:00:00,118.81,45.78261551556226,107.72,87.94
2023-11-25 22:00:00,118.96,27.170533018737466,89.0,75.0
2023-11-25 23:00:00,116.86,18.27704240945269,80.0,39.02
2023-11-26 00:00:00,112.88,71.95680388855433,78.0,78.07
2023-11-26 01:00:00,107.7,66.58259004249629,72.52,74.03
2023-11-26 02:00:00,105.0,67.2074915507744,73.04,72.07
2023-11-26 03:00:00,102.36,67.82235178037013,73.55,71.61
2023-11-26 04:00:00,99.0,66.89743527501335,72.52,69.99
2023-11-26 05:00:00,99.68,67.28232855428314,72.8,74.19
2023-11-26 06:00:00,103.44,68.13714611035375,73.55,79.81
2023-11-26 07:00:00,113.27,68.0721368838268,73.38,87.08
2023-11-26 08:00:00,113.48,64.15773456380052,69.36,94.29
2023-11-26 09:00:00,117.66,59.29369994078205,64.39,80.0
2023-11-26 10:00:00,116.1,35.112583516469826,40.1,62.99
2023-11-26 11:00:00,114.28,15.900665176986363,20.78,62.6
2023-11-26 12:00:00,113.62,20.324991190355547,25.1,63.5
2023-11-26 13:00:00,110.1,34.127775065676616,38.8,52.0
2023-11-26 14:00:00,115.1,35.42237543131862,39.99,51.69
2023-11-26 15:00:00,117.33,37.59673510984821,42.06,53.09
2023-11-26 16:00:00,127.34,63.33749614537236,67.7,78.45
2023-11-26 17:00:00,144.35,87.30840501855957,91.57,86.1
2023-11-26 18:00:00,156.68,100.52111004336072,104.68,104.98
2023-11-26 19:00:00,146.1,99.95592282752408,104.01,105.59
2023-11-26 20:00:00,137.72,110.2294039978332,114.18,97.71
2023-11-26 21:00:00,127.29,100.16586438796708,104.01,83.41
2023-11-26 22:00:00,118.99,93.16199019801084,96.9,83.13
2023-11-26 23:00:00,102.56,92.56715547080783,96.2,79.19
2023-11-27 00:00:00,99.47,180.06759606212037,90.3,112.88
2023-11-27 01:00:00,94.29,181.47240901169016,91.6,107.7
2023-11-27 02:00:00,89.9,179.2976912829869,89.32,105.0
2023-11-27 03:00:00,88.82,178.10285804277686,88.02,102.36
2023-11-27 04:00:00,87.91,176.90798112265716,86.72,99.0
2023-11-27 05:00:00,94.09,179.29246325282242,89.0,99.68
2023-11-27 06:00:00,121.64,191.39530135917863,101.0,103.44
2023-11-27 07:00:00,128.75,216.20636411876228,125.71,113.27
2023-11-27 08:00:00,144.99,213.61156186651897,123.01,113.48
2023-11-27 09:00:00,135.2,204.51811850788752,113.81,117.66
2023-11-27 10:00:00,109.34,184.89626581743312,94.08,116.1
2023-11-27 11:00:00,101.81,173.92303479013515,83.0,114.28
2023-11-27 12:00:00,108.73,179.14738468784745,88.12,113.62
2023-11-27 13:00:00,100.03,169.45387634907115,78.32,67.57
2023-11-27 14:00:00,88.44,158.34051133078125,67.1,65.57
2023-11-27 15:00:00,94.0,169.87369361063634,78.53,70.0
2023-11-27 16:00:00,104.83,181.40667678652883,89.96,82.5
2023-11-27 17:00:00,123.74,191.0498897284151,99.5,111.75
2023-11-27 18:00:00,128.9,206.8923749076009,115.24,130.26
2023-11-27 19:00:00,127.33,201.58803728360505,109.83,127.55
2023-11-27 20:00:00,120.0,196.2739039862812,104.41,127.31
2023-11-27 21:00:00,111.01,190.96983247416503,99.0,118.81
2023-11-27 22:00:00,100.0,179.03691774712402,86.96,118.96
2023-11-27 23:00:00,85.11,152.28623019811425,60.1,116.86
2023-11-28 00:00:00,77.74,66.00525113157043,44.13,99.47
2023-11-28 01:00:00,70.49,62.38093727408651,40.4,94.29
2023-11-28 02:00:00,67.47,59.466358799182096,37.38,89.9
2023-11-28 03:00:00,64.47,60.5811570256927,38.39,88.82
2023-11-28 04:00:00,68.29,61.68591812582594,39.39,87.91
2023-11-28 05:00:00,80.15,62.80059454146792,40.4,94.09
2023-11-28 06:00:00,95.5,72.59396404400663,50.09,121.64
2023-11-28 07:00:00,118.38,80.1475926681773,57.54,128.75
2023-11-28 08:00:00,128.42,87.71151329895712,65.0,144.99
2023-11-28 09:00:00,128.01,66.94960750094846,44.13,135.2
2023-11-28 10:00:00,118.38,63.025502755415445,40.1,109.34
2023-11-28 11:00:00,114.0,48.03282583282827,25.0,101.81
2023-11-28 12:00:00,109.12,43.91859086506143,20.78,108.73
2023-11-28 13:00:00,99.0,39.74428198478888,16.5,110.1
2023-11-28 14:00:00,97.5,33.35022247839708,10.0,115.1
2023-11-28 15:00:00,107.69,36.454649683176754,13.0,117.33
2023-11-28 16:00:00,120.0,47.98762609317744,24.43,127.34
2023-11-28 17:00:00,130.11,66.75953258219918,43.1,144.35
2023-11-28 18:00:00,144.81,73.15324024624036,49.39,156.68
2023-11-28 19:00:00,161.99,82.05659311283561,58.19,146.1
2023-11-28 20:00:00,140.98,100.26869393621178,76.3,137.72
2023-11-28 21:00:00,129.3,97.9340819541781,73.86,127.29
2023-11-28 22:00:00,119.76,71.47316565045416,47.29,118.99
2023-11-28 23:00:00,109.08,65.24940578844718,40.96,102.56
2023-11-29 00:00:00,92.07,121.88664747844528,32.29,77.74
2023-11-29 01:00:00,90.1,119.80204710823804,30.1,70.49
2023-11-29 02:00:00,90.2,114.90778256494744,25.1,67.47
2023-11-29 03:00:00,85.0,113.35299670352242,23.44,64.47
2023-11-29 04:00:00,79.84,115.67758501170266,25.66,68.29
2023-11-29 05:00:00,81.1,118.00213611543158,27.88,80.15
2023-11-29 06:00:00,90.1,120.32670379595268,30.1,95.5
2023-11-29 07:00:00,92.5,120.93150305105928,30.6,118.38
2023-11-29 08:00:00,95.16,124.82588414212088,34.39,128.42
2023-11-29 09:00:00,94.73,121.54139796064796,31.0,128.01
2023-11-29 10:00:00,92.0,111.42800292008911,20.78,118.38
2023-11-29 11:00:00,80.0,103.71426040672372,12.96,114.0
2023-11-29 12:00:00,65.0,100.75974891108496,9.9,109.12
2023-11-29 13:00:00,60.0,99.62491339720604,8.66,100.03
2023-11-29 14:00:00,57.79,98.48002621775674,7.41,88.44
2023-11-29 15:00:00,59.3,101.0744842146674,9.9,94.0
2023-11-29 16:00:00,69.54,112.28750671187709,21.01,104.83
2023-11-29 17:00:00,92.0,131.8990831311119,40.52,123.74
2023-11-29 18:00:00,97.97,159.57983856680482,68.1,128.9
2023-11-29 19:00:00,96.35,135.7680247908121,44.18,127.33
2023-11-29 20:00:00,100.28,150.7910881120972,59.1,120.0
2023-11-29 21:00:00,97.97,131.79870493650898,40.0,111.01
2023-11-29 22:00:00,93.1,141.90245465336025,50.0,100.0
2023-11-29 23:00:00,88.01,124.99988154223936,32.99,85.11
2023-11-30 00:00:00,72.39,90.74448863085134,34.39,92.07
2023-11-30 01:00:00,64.5,87.59994464345706,31.14,90.1
2023-11-30 02:00:00,59.79,83.65554332524626,27.09,90.2
2023-11-30 03:00:00,59.3,82.27075939414429,25.6,85.0
2023-11-30 04:00:00,59.01,80.73590016400408,23.96,79.84
2023-11-30 05:00:00,59.99,86.87987663122203,30.0,81.1
2023-11-30 06:00:00,71.95,92.07357087517455,35.09,90.1
2023-11-30 07:00:00,100.0,134.12192043008466,77.04,92.5
2023-11-30 08:00:00,99.17,146.21502932386605,89.03,95.16
2023-11-30 09:00:00,100.0,103.28663023021204,45.99,94.73
2023-11-30 10:00:00,101.48,83.00509890311582,25.6,92.0
2023-11-30 11:00:00,99.17,82.9102571593565,25.4,80.0
2023-11-30 12:00:00,101.48,83.1151551462899,25.5,65.0
2023-11-30 13:00:00,103.0,85.49971838848855,27.78,99.0
2023-11-30 14:00:00,102.24,87.72429391855886,29.9,97.5
2023-11-30 15:00:00,101.48,89.06876152071632,31.14,107.69
2023-11-30 16:00:00,113.51,115.84943578720362,57.82,120.0
2023-11-30 17:00:00,115.0,133.13114978205763,75.0,130.11
2023-11-30 18:00:00,125.01,168.11042841789478,109.88,144.81
2023-11-30 19:00:00,145.0,184.0927994429069,125.76,161.99
2023-11-30 20:00:00,150.2,163.11096868623738,104.67,140.98
2023-11-30 21:00:00,132.66,146.48878857036053,87.94,129.3
2023-11-30 22:00:00,104.34,133.65620766982252,75.0,119.76
2023-11-30 23:00:00,113.51,97.78676165730992,39.02,109.08
2023-12-01 00:00:00,106.91,108.77181348338765,40.0,72.39
2023-12-01 01:00:00,102.63,103.50691109767588,35.18,64.5
2023-12-01 02:00:00,99.1,99.97540115036352,31.11,59.79
2023-12-01 03:00:00,95.88,97.73477397773942,30.5,59.3
2023-12-01 04:00:00,96.07,98.93665576389164,30.0,59.01
2023-12-01 05:00:00,102.22,105.17499190070332,34.91,59.99
2023-12-01 06:00:00,94.19,131.9387906409673,71.96,71.95
2023-12-01 07:00:00,114.19,149.58218039558338,95.0,100.0
2023-12-01 08:00:00,127.96,158.21618974256378,101.36,99.17
2023-12-01 09:00:00,116.7,137.13446960195165,72.07,100.0
2023-12-01 10:00:00,109.48,130.97946682288762,65.0,101.48
2023-12-01 11:00:00,96.07,121.22079289381593,52.39,99.17
2023-12-01 12:00:00,91.89,121.13869190544672,52.2,101.48
2023-12-01 13:00:00,82.9,118.25410393800306,52.0,60.0
2023-12-01 14:00:00,77.93,113.66237736079133,51.69,57.79
2023-12-01 15:00:00,65.0,120.97705646191972,53.09,59.3
2023-12-01 16:00:00,77.93,138.89458089286143,78.45,69.54
2023-12-01 17:00:00,92.1,144.84279636388385,86.1,92.0
2023-12-01 18:00:00,98.4,165.39673648634792,104.98,97.97
2023-12-01 19:00:00,107.0,162.3159508084517,105.59,96.35
2023-12-01 20:00:00,107.17,152.29455152657616,97.71,100.28
2023-12-01 21:00:00,105.0,141.2041631677102,83.41,97.97
2023-12-01 22:00:00,98.4,139.54270891627738,83.13,93.1
2023-12-01 23:00:00,86.1,134.76638552474105,79.19,88.01
2023-12-02 00:00:00,64.25,118.74479225180872,78.07,106.91
2023-12-02 01:00:00,57.0,114.78722237935366,74.03,102.63
2023-12-02 02:00:00,59.4,112.90953613393522,72.07,99.1
2023-12-02 03:00:00,57.5,112.53176435685084,71.61,95.88
2023-12-02 04:00:00,65.0,110.99405231640736,69.99,96.07
2023-12-02 05:00:00,65.5,115.27601054126532,74.19,102.22
2023-12-02 06:00:00,67.99,120.97788188011624,79.81,94.19
2023-12-02 07:00:00,85.33,128.32965650244765,87.08,114.19
2023-12-02 08:00:00,97.67,135.62145157104695,94.29,127.96
2023-12-02 09:00:00,88.31,121.41446996638844,80.0,116.7
2023-12-02 10:00:00,67.5,104.48764689770104,62.99,109.48
2023-12-02 11:00:00,60.0,104.17988091797886,62.6,96.07
2023-12-02 12:00:00,57.0,105.16202332732446,63.5,91.89
2023-12-02 13:00:00,57.5,109.3139933763329,67.57,103.0
2023-12-02 14:00:00,56.0,107.39629940709646,65.57,102.24
2023-12-02 15:00:00,57.5,111.90824216984085,70.0,101.48
2023-12-02 16:00:00,67.9,124.48970504599689,82.5,113.51
2023-12-02 17:00:00,105.03,153.82021913637664,111.75,115.0
2023-12-02 18:00:00,116.36,172.41134731798934,130.26,125.01
2023-12-02 19:00:00,129.64,169.78368621181227,127.55,145.0
2023-12-02 20:00:00,122.63,169.62591084022517,127.31,150.2
2023-12-02 21:00:00,116.83,161.2085907505407,118.81,132.66
2023-12-02 22:00:00,112.78,161.44079035664146,118.96,104.34
2023-12-02 23:00:00,110.0,159.42310997999232,116.86,113.51
2023-12-03 00:00:00,97.67,107.36340815602364,112.88,64.25
2023-12-03 01:00:00,92.0,102.26590608053856,107.7,57.0
2023-12-03 02:00:00,87.62,99.64826412859938,105.0,59.4
2023-12-03 03:00:00,88.57,97.09061758222936,102.36,57.5
2023-12-03 04:00:00,87.02,93.8130088021798,99.0,65.0
2023-12-03 05:00:00,82.99,94.57516997288728,99.68,65.5
2023-12-03 06:00:00,79.0,98.41714608836256,103.44,67.99
2023-12-03 07:00:00,80.0,108.32878527685214,113.27,85.33
2023-12-03 08:00:00,82.5,108.62096023333554,113.48,97.67
2023-12-03 09:00:00,85.0,112.88292460876566,117.66,88.31
2023-12-03 10:00:00,61.5,111.4052097734144,116.1,67.5
2023-12-03 11:00:00,60.1,109.66751393473356,114.28,60.0
2023-12-03 12:00:00,60.0,109.08975548297,113.62,57.0
2023-12-03 13:00:00,60.1,105.65215006101386,110.1,82.9
2023-12-03 14:00:00,65.07,110.73406789185262,115.1,77.93
2023-12-03 15:00:00,70.03,113.0461287323368,117.33,65.0
2023-12-03 16:00:00,75.0,123.13774599062896,127.34,77.93
2023-12-03 17:00:00,95.0,140.22896006081186,144.35,92.1
2023-12-03 18:00:00,88.0,152.64045502454547,156.68,98.4
2023-12-03 19:00:00,94.95,142.14325090624746,146.1,107.0
2023-12-03 20:00:00,96.0,133.84594411093886,137.72,107.17
2023-12-03 21:00:00,89.0,123.4987452265143,127.29,105.0
2023-12-03 22:00:00,80.5,115.2814373343168,118.99,98.4
2023-12-03 23:00:00,77.93,98.93457568477314,102.56,86.1
2023-12-04 00:00:00,58.1,46.837025807485375,99.47,97.67
2023-12-04 01:00:00,57.4,41.73952283207133,94.29,92.0
2023-12-04 02:00:00,50.0,37.4319759515292,89.9,87.62
2023-12-04 03:00:00,48.52,36.43424050050421,88.82,88.57
2023-12-04 04:00:00,45.1,35.6064897236243,87.91,87.02
2023-12-04 05:00:00,50.0,41.86831533426573,94.09,82.99
2023-12-04 06:00:00,60.5,69.49894351695194,121.64,79.0
2023-12-04 07:00:00,87.38,76.69070063560699,128.75,80.0
2023-12-04 08:00:00,89.81,93.01198203322778,144.99,82.5
2023-12-04 09:00:00,88.57,83.30474364996627,135.2,85.0
2023-12-04 10:00:00,82.3,57.52842681365734,109.34,61.5
2023-12-04 11:00:00,72.0,50.08106684954701,101.81,60.1
2023-12-04 12:00:00,65.14,57.08288325677982,108.73,60.0
2023-12-04 13:00:00,60.1,48.4655795334766,100.03,57.5
2023-12-04 14:00:00,59.5,36.95844027874447,88.44,56.0
2023-12-04 15:00:00,60.39,42.60032603348447,94.0,57.5
2023-12-04 16:00:00,70.0,53.51188887015821,104.83,67.9
2023-12-04 17:00:00,97.73,72.50300292152492,123.74,105.03
2023-12-04 18:00:00,115.91,77.74489457272448,128.9,116.36
2023-12-04 19:00:00,123.02,76.25718584235292,127.33,129.64
2023-12-04 20:00:00,115.0,69.00980879864007,120.0,122.63
2023-12-04 21:00:00,105.55,60.10253146627892,111.01,116.83
2023-12-04 22:00:00,100.0,49.175373887334594,100.0,112.78
2023-12-04 23:00:00,91.76,34.36843108642739,85.11,110.0
2023-12-05 00:00:00,90.85,35.13799650605389,77.74,58.1
2023-12-05 01:00:00,88.01,27.97061336539656,70.49,57.4
2023-12-05 02:00:00,85.73,25.032992259226305,67.47,50.0
2023-12-05 03:00:00,83.62,22.11536107121484,64.47,48.52
2023-12-05 04:00:00,84.71,26.017337098902424,68.29,45.1
2023-12-05 05:00:00,91.02,37.95884949538101,80.15,50.0
2023-12-05 06:00:00,108.0,53.390149617759775,95.5,60.5
2023-12-05 07:00:00,113.96,76.35103109326784,118.38,87.38
2023-12-05 08:00:00,123.32,86.47264176576527,128.42,89.81
2023-12-05 09:00:00,122.38,86.14486597399123,128.01,88.57
2023-12-05 10:00:00,120.55,76.59761546805323,118.38,82.3
2023-12-05 11:00:00,115.3,72.30007412212167,114.0,72.0
2023-12-05 12:00:00,116.1,67.50256095772322,109.12,65.14
2023-12-05 13:00:00,115.68,57.46533992297824,99.0,60.1
2023-12-05 14:00:00,115.25,56.04762479525531,97.5,65.07
2023-12-05 15:00:00,121.62,66.31923658290292,107.69,70.03
2023-12-05 16:00:00,128.0,78.71072150098553,120.0,75.0
2023-12-05 17:00:00,146.79,88.90232767078925,130.11,95.0
2023-12-05 18:00:00,147.47,103.68366816162766,144.81,88.0
2023-12-05 19:00:00,141.56,120.94489897959954,161.99,94.95
2023-12-05 20:00:00,128.63,100.0182844183781,140.98,96.0
2023-12-05 21:00:00,117.83,88.42117352779363,129.3,89.0
2023-12-05 22:00:00,111.55,78.96392765566492,119.76,80.5
2023-12-05 23:00:00,103.28,68.36675418535393,109.08,77.93
2023-12-06 00:00:00,94.97,100.03718843825948,92.07,90.85
2023-12-06 01:00:00,93.1,98.149512295173,90.1,88.01
2023-12-06 02:00:00,92.57,98.33170922534758,90.2,85.73
2023-12-06 03:00:00,90.96,93.21420749134587,85.0,83.62
2023-12-06 04:00:00,90.59,88.13670363629674,79.84,84.71
2023-12-06 05:00:00,93.89,89.47882740269216,81.1,91.02
2023-12-06 06:00:00,92.0,98.56051292357148,90.1,108.0
2023-12-06 07:00:00,105.55,101.04256578548018,92.5,113.96
2023-12-06 08:00:00,108.33,103.78461334020004,95.16,123.32
2023-12-06 09:00:00,112.57,103.43683560866744,94.73,122.38
2023-12-06 10:00:00,109.07,100.78919881758078,92.0,120.55
2023-12-06 11:00:00,105.55,88.87209293437864,80.0,115.3
2023-12-06 12:00:00,106.22,73.95515648622023,65.0,116.1
2023-12-06 13:00:00,106.88,69.03765268114306,60.0,60.1
2023-12-06 14:00:00,107.03,66.90997920587962,57.79,59.5
2023-12-06 15:00:00,108.25,68.5020880333904,59.3,60.39
2023-12-06 16:00:00,112.25,78.82368603035509,69.54,70.0
2023-12-06 17:00:00,114.3,101.3645977626757,92.0,97.73
2023-12-06 18:00:00,120.87,107.41644183284902,97.97,115.91
2023-12-06 19:00:00,125.96,105.87872647444448,96.35,123.02
2023-12-06 20:00:00,129.91,109.890706072653,100.28,115.0
2023-12-06 21:00:00,115.68,107.66303617682988,97.97,105.55
2023-12-06 22:00:00,107.33,102.87551637993504,93.1,100.0
2023-12-06 23:00:00,100.0,97.86802073719544,88.01,91.76
2023-12-07 00:00:00,95.0,114.5958448933153,72.39,94.97
2023-12-07 01:00:00,91.46,106.78850850002335,64.5,93.1
2023-12-07 02:00:00,89.0,102.16097983800104,59.79,92.57
2023-12-07 03:00:00,74.8,101.75321030344108,59.3,90.96
2023-12-07 04:00:00,70.0,101.54542584890628,59.01,90.59
2023-12-07 05:00:00,75.55,102.6075627986254,59.99,93.89
2023-12-07 06:00:00,81.1,114.6490580269234,71.95,92.0
2023-12-07 07:00:00,95.0,142.7796577875089,100.0,105.55
2023-12-07 08:00:00,93.23,142.03187997672302,99.17,108.33
2023-12-07 09:00:00,91.46,142.94403461280098,100.0,112.57
2023-12-07 10:00:00,81.1,144.50615071446825,101.48,109.07
2023-12-07 11:00:00,75.0,142.2784777011811,99.17,105.55
2023-12-07 12:00:00,81.92,144.67054665034465,101.48,106.22
2023-12-07 13:00:00,84.36,146.27265746881795,103.0,115.68
2023-12-07 14:00:00,75.01,145.59490088928,102.24,115.25
2023-12-07 15:00:00,82.44,144.91713314858615,101.48,121.62
2023-12-07 16:00:00,85.0,157.0286506455813,113.51,128.0
2023-12-07 17:00:00,93.12,158.60074808535776,115.0,146.79
2023-12-07 18:00:00,93.5,168.69236334620612,125.01,147.47
2023-12-07 19:00:00,93.41,188.7634141894628,145.0,141.56
2023-12-07 20:00:00,92.54,194.04531365902807,150.2,128.63
2023-12-07 21:00:00,94.14,176.58853116185196,132.66,117.83
2023-12-07 22:00:00,92.4,148.35234202108484,104.34,111.55
2023-12-07 23:00:00,65.0,157.6040495635745,113.51,103.28
2023-12-08 00:00:00,37.94,88.33592268098332,106.91,95.0
2023-12-08 01:00:00,16.66,84.13837464966001,102.63,91.46
2023-12-08 02:00:00,14.72,80.69077909780636,99.1,89.0
2023-12-08 03:00:00,4.3,77.55316423764947,95.88,74.8
2023-12-08 04:00:00,4.47,77.8253480074929,96.07,70.0
2023-12-08 05:00:00,4.65,84.05720754393505,102.22,75.55
2023-12-08 06:00:00,4.82,76.10984049574527,94.19,81.1
2023-12-08 07:00:00,5.0,96.19090043149151,114.19,95.0
2023-12-08 08:00:00,14.81,110.04230940589508,127.96,93.23
2023-12-08 09:00:00,14.0,98.86514183533912,116.7,91.46
2023-12-08 10:00:00,5.0,91.72777304606862,109.48,81.1
2023-12-08 11:00:00,4.3,78.4007392460157,96.07,75.0
2023-12-08 12:00:00,6.77,74.30319403001698,91.89,81.92
2023-12-08 13:00:00,9.24,65.39590696206757,82.9,106.88
2023-12-08 14:00:00,11.72,60.50840835216523,77.93,107.03
2023-12-08 15:00:00,14.19,47.66133366592978,65.0,108.25
2023-12-08 16:00:00,16.66,60.672799045744426,77.93,112.25
2023-12-08 17:00:00,39.98,74.92417741491515,92.1,114.3
2023-12-08 18:00:00,47.5,81.3060012078261,98.4,120.87
2023-12-08 19:00:00,62.29,89.9877085541657,107.0,125.96
2023-12-08 20:00:00,63.37,90.23989212125018,107.17,129.91
2023-12-08 21:00:00,58.0,88.15221968827986,105.0,115.68
2023-12-08 22:00:00,46.5,81.63480267153363,98.4,107.33
2023-12-08 23:00:00,41.6,69.41772276692735,86.1,100.0
2023-12-09 00:00:00,41.0,-19.882162616679288,64.25,37.94
2023-12-09 01:00:00,30.57,-27.04953735884682,57.0,16.66
2023-12-09 02:00:00,20.87,-24.567467907437667,59.4,14.72
2023-12-09 03:00:00,18.37,-26.38517053403949,57.5,4.3
2023-12-09 04:00:00,16.66,-18.80339483771457,65.0,4.47
2023-12-09 05:00:00,17.48,-18.221231282000456,65.5,4.65
2023-12-09 06:00:00,18.3,-15.64918637233422,67.99,4.82
2023-12-09 07:00:00,20.0,1.7720158402085155,85.33,5.0
2023-12-09 08:00:00,30.0,14.193506126991736,97.67,14.81
2023-12-09 09:00:00,32.95,4.916244480947382,88.31,14.0
2023-12-09 10:00:00,21.0,-15.81036127523502,67.5,5.0
2023-12-09 11:00:00,18.47,-23.227717381812635,60.0,4.3
2023-12-09 12:00:00,18.37,-26.14534493556039,57.0,6.77
2023-12-09 13:00:00,18.47,-25.56317074970704,57.5,84.36
2023-12-09 14:00:00,19.86,-26.98088813911537,56.0,75.01
2023-12-09 15:00:00,21.25,-25.39877705759141,57.5,82.44
2023-12-09 16:00:00,40.0,-14.9172007911028,67.9,85.0
2023-12-09 17:00:00,60.0,22.29287693191151,105.03,93.12
2023-12-09 18:00:00,76.0,33.704389504668434,116.36,93.5
2023-12-09 19:00:00,76.27,47.06583626266255,129.64,93.41
2023-12-09 20:00:00,68.43,40.138426146899626,122.63,92.54
2023-12-09 21:00:00,63.26,34.42096526576655,116.83,94.14
2023-12-09 22:00:00,57.87,30.453398662505432,112.78,92.4
2023-12-09 23:00:00,46.18,27.755768550130647,110.0,65.0
2023-12-10 00:00:00,35.45,60.023922802205554,97.67,41.0
2023-12-10 01:00:00,22.21,54.43645788264136,92.0,30.57
2023-12-10 02:00:00,16.66,50.13890755640373,87.62,20.87
2023-12-10 03:00:00,16.23,51.1710570505519,88.57,18.37
2023-12-10 04:00:00,15.8,49.70334558663855,87.02,16.66
2023-12-10 05:00:00,18.53,45.75577824343621,82.99,17.48
2023-12-10 06:00:00,24.32,41.84820605525045,79.0,18.3
2023-12-10 07:00:00,42.1,42.93035005939275,80.0,20.0
2023-12-10 08:00:00,45.5,45.51240065789292,82.5,30.0
2023-12-10 09:00:00,45.1,48.09447675188938,85.0,32.95
2023-12-10 10:00:00,42.1,24.678006828777665,61.5,21.0
2023-12-10 11:00:00,42.0,23.36030645062031,60.1,18.47
2023-12-10 12:00:00,39.1,23.34250963804533,60.0,18.37
2023-12-10 13:00:00,39.99,23.52469960729073,60.1,9.24
2023-12-10 14:00:00,39.0,28.57661265779061,65.07,11.72
2023-12-10 15:00:00,36.6,33.61852466728368,70.03,14.19
2023-12-10 16:00:00,45.0,38.67041938619872,75.0,16.66
2023-12-10 17:00:00,50.0,58.75148832854637,95.0,39.98
2023-12-10 18:00:00,57.06,51.8340608713736,88.0,47.5
2023-12-10 19:00:00,62.4,58.86587321752849,94.95,62.29
2023-12-10 20:00:00,55.4,59.99801026432144,96.0,63.37
2023-12-10 21:00:00,50.0,53.08061383771916,89.0,58.0
2023-12-10 22:00:00,47.0,44.663300339106016,80.5,46.5
2023-12-10 23:00:00,45.5,42.17566936810356,77.93,41.6
2023-12-11 00:00:00,35.0,38.18637788046712,58.1,35.45
2023-12-11 01:00:00,16.66,37.56864053784778,57.4,22.21
2023-12-11 02:00:00,13.98,30.251257640413893,50.0,16.66
2023-12-11 03:00:00,10.0,28.85355103274745,48.52,16.23
2023-12-11 04:00:00,13.24,25.515940644994096,45.1,15.8
2023-12-11 05:00:00,37.02,30.497859259392147,50.0,18.53
2023-12-11 06:00:00,66.01,41.07943482074935,60.5,24.32
2023-12-11 07:00:00,86.82,68.04009973585084,87.38,42.1
2023-12-11 08:00:00,101.65,70.55213886579062,89.81,45.5
2023-12-11 09:00:00,91.5,69.39441377479336,88.57,45.1
2023-12-11 10:00:00,84.73,63.20697737558108,82.3,42.1
2023-12-11 11:00:00,77.78,52.989770986511424,72.0,42.0
2023-12-11 12:00:00,74.88,46.21237152398277,65.14,39.1
2023-12-11 13:00:00,74.01,41.25486154008283,60.1,18.47
2023-12-11 14:00:00,77.59,40.73709831733674,59.5,19.86
2023-12-11 15:00:00,83.13,41.70924173500164,60.39,21.25
2023-12-11 16:00:00,86.1,51.400872981707806,70.0,40.0
2023-12-11 17:00:00,117.61,79.21147704135912,97.73,60.0
2023-12-11 18:00:00,123.57,97.47261515790876,115.91,76.0
2023-12-11 19:00:00,122.01,104.6644046007078,123.02,76.27
2023-12-11 20:00:00,114.41,96.72706154603615,115.0,68.43
2023-12-11 21:00:00,99.97,87.35980775540895,105.55,63.26
2023-12-11 22:00:00,96.6,81.89233579932002,100.0,57.87
2023-12-11 23:00:00,86.82,73.7350060882576,91.76,46.18
2023-12-12 00:00:00,66.01,101.574778064847,90.85,35.0
2023-12-12 01:00:00,59.12,98.8171395471032,88.01,16.66
2023-12-12 02:00:00,52.24,96.61947229823696,85.73,13.98
2023-12-12 03:00:00,50.0,94.59179208935498,83.62,10.0
2023-12-12 04:00:00,49.0,95.76392757733277,84.71,13.24
2023-12-12 05:00:00,51.73,102.1557532859441,91.02,37.02
2023-12-12 06:00:00,60.0,119.21698062063054,108.0,66.01
2023-12-12 07:00:00,73.0,125.25881915081972,113.96,86.82
2023-12-12 08:00:00,77.0,134.70048533619467,123.32,101.65
2023-12-12 09:00:00,75.0,133.84273066866376,122.38,91.5
2023-12-12 10:00:00,74.28,132.09504023763407,120.55,84.73
2023-12-12 11:00:00,70.21,126.92753735651766,115.3,77.78
2023-12-12 12:00:00,60.0,127.80969572425212,116.1,74.88
2023-12-12 13:00:00,52.76,127.47191833597584,115.68,39.99
2023-12-12 14:00:00,53.99,127.12413712682336,115.25,39.0
2023-12-12 15:00:00,70.2,133.5759723172046,121.62,36.6
2023-12-12 16:00:00,84.82,140.03778750842446,128.0,45.0
2023-12-12 17:00:00,82.1,158.90891574444566,146.79,50.0
2023-12-12 18:00:00,91.01,159.67106394144452,147.47,57.06
2023-12-12 19:00:00,92.13,153.8436098898966,141.56,62.4
2023-12-12 20:00:00,90.88,140.99655555323116,128.63,55.4
2023-12-12 21:00:00,84.1,130.27938200876636,117.83,50.0
2023-12-12 22:00:00,77.0,124.08195117757457,111.55,47.0
2023-12-12 23:00:00,66.01,115.8946303961064,103.28,45.5
2023-12-13 00:00:00,50.0,39.85740066462223,94.97,66.01
2023-12-13 01:00:00,44.99,38.069712321491714,93.1,59.12
2023-12-13 02:00:00,42.24,37.62194338087139,92.57,52.24
2023-12-13 03:00:00,40.7,36.09423487670194,90.96,50.0
2023-12-13 04:00:00,39.98,35.80645277887591,90.59,49.0
2023-12-13 05:00:00,40.7,39.18846841003445,93.89,51.73
2023-12-13 06:00:00,44.63,37.380759788708566,92.0,60.0
2023-12-13 07:00:00,47.0,51.01219125446804,105.55,73.0
2023-12-13 08:00:00,71.0,53.8742161595596,108.33,77.0
2023-12-13 09:00:00,77.9,58.19617696138355,112.57,75.0
2023-12-13 10:00:00,60.1,54.77857385818214,109.07,74.28
2023-12-13 11:00:00,45.1,51.34097553944263,105.55,70.21
2023-12-13 12:00:00,43.6,52.09313859505422,106.22,60.0
2023-12-13 13:00:00,42.24,52.835299186299736,106.88,74.01
2023-12-13 14:00:00,40.72,53.06748871403615,107.03,77.59
2023-12-13 15:00:00,42.24,54.36961513220993,108.25,83.13
2023-12-13 16:00:00,48.85,58.45158539134254,112.25,86.1
2023-12-13 17:00:00,74.88,60.583659563695846,114.3,117.61
2023-12-13 18:00:00,80.0,67.2354812473139,120.87,123.57
2023-12-13 19:00:00,87.9,72.4073808690634,125.96,122.01
2023-12-13 20:00:00,90.1,76.43936406995398,129.91,114.41
2023-12-13 21:00:00,85.01,62.29237307695166,115.68,99.97
2023-12-13 22:00:00,71.04,54.0250643543409,107.33,96.6
2023-12-13 23:00:00,64.0,46.777688184866655,100.0,86.82
2023-12-14 00:00:00,55.0,33.366867840871855,95.0,50.0
2023-12-14 01:00:00,50.5,29.9092714372266,91.46,44.99
2023-12-14 02:00:00,49.24,27.53162437867406,89.0,42.24
2023-12-14 03:00:00,49.12,13.414634866727944,74.8,40.7
2023-12-14 04:00:00,49.0,8.697113805523154,70.0,39.98
2023-12-14 05:00:00,50.0,14.328997692123515,75.55,40.7
2023-12-14 06:00:00,57.0,19.96086427477743,81.1,44.63
2023-12-14 07:00:00,75.0,33.9422730028066,95.0,47.0
2023-12-14 08:00:00,85.0,32.25456089270413,93.23,71.0
2023-12-14 09:00:00,65.0,30.566871874890342,91.46,77.9
2023-12-14 10:00:00,51.0,20.28966535353312,81.1,60.1
2023-12-14 11:00:00,48.57,14.272213519331933,75.0,45.1
2023-12-14 12:00:00,47.0,21.274020850614058,81.92,43.6
2023-12-14 13:00:00,48.3,23.79608414110081,84.36,52.76
2023-12-14 14:00:00,49.0,14.528805447614602,75.01,53.99
2023-12-14 15:00:00,51.0,22.040590753796945,82.44,70.2
2023-12-14 16:00:00,62.38,24.682629600521626,85.0,84.82
2023-12-14 17:00:00,89.68,32.884367081069286,93.12,82.1
2023-12-14 18:00:00,102.37,33.34653743777139,93.5,91.01
2023-12-14 19:00:00,103.15,33.33874326613488,93.41,92.13
2023-12-14 20:00:00,102.37,32.55099039741657,92.54,90.88
2023-12-14 21:00:00,96.2,34.233097850581004,94.14,84.1
2023-12-14 22:00:00,92.64,32.575415116456284,92.4,77.0
2023-12-14 23:00:00,85.57,5.259189889244352,65.0,66.01
2023-12-15 00:00:00,86.04,4.00881321851997,37.94,55.0
2023-12-15 01:00:00,82.85,-17.18776110399635,16.66,50.5
2023-12-15 02:00:00,80.0,-19.04542698302764,14.72,49.24
2023-12-15 03:00:00,76.44,-29.382638290816896,4.3,49.12
2023-12-15 04:00:00,75.16,-29.13043960965652,4.47,49.0
2023-12-15 05:00:00,78.97,-28.86825269741384,4.65,50.0
2023-12-15 06:00:00,83.0,-28.61606205222417,4.82,57.0
2023-12-15 07:00:00,90.98,-28.35388205625425,5.0,75.0
2023-12-15 08:00:00,90.0,-18.46223956648463,14.81,85.0
2023-12-15 09:00:00,76.44,-19.189995475245144,14.0,65.0
2023-12-15 10:00:00,58.0,-28.107283452117294,5.0,51.0
2023-12-15 11:00:00,54.12,-28.7250389536417,4.3,48.57
2023-12-15 12:00:00,54.0,-26.17298236817476,6.77,47.0
2023-12-15 13:00:00,50.98,-23.620927279958405,9.24,42.24
2023-12-15 14:00:00,50.24,-21.058873000278258,11.72,40.72
2023-12-15 15:00:00,51.47,-18.506814997962568,14.19,42.24
2023-12-15 16:00:00,58.15,-15.954777911283887,16.66,48.85
2023-12-15 17:00:00,80.5,7.446092969218333,39.98,74.88
2023-12-15 18:00:00,90.0,15.047832397164628,47.5,80.0
2023-12-15 19:00:00,90.93,29.919188255136497,62.29,87.9
2023-12-15 20:00:00,90.3,31.0813167695336,63.37,90.1
2023-12-15 21:00:00,88.36,25.793830649014744,58.0,85.01
2023-12-15 22:00:00,82.89,14.376690484090588,46.5,71.04
2023-12-15 23:00:00,76.71,9.559176041871938,41.6,64.0
2023-12-16 00:00:00,67.2,89.21439292617113,41.0,86.04
2023-12-16 01:00:00,63.21,78.86719144704087,30.57,82.85
2023-12-16 02:00:00,60.37,69.24995143011532,20.87,80.0
2023-12-16 03:00:00,58.0,66.8323009793664,18.37,76.44
2023-12-16 04:00:00,54.1,65.20459741217601,16.66,75.16
2023-12-16 05:00:00,55.64,66.106750634267,17.48,78.97
2023-12-16 06:00:00,59.34,67.00890200836766,18.3,83.0
2023-12-16 07:00:00,65.1,68.7909958442361,20.0,90.98
2023-12-16 08:00:00,79.89,78.8726225541964,30.0,90.0
2023-12-16 09:00:00,85.5,81.90465602455511,32.95,76.44
2023-12-16 10:00:00,82.43,70.03753319377851,21.0,58.0
2023-12-16 11:00:00,76.37,67.58988651780328,18.47,54.12
2023-12-16 12:00:00,71.92,67.57209193366955,18.37,54.0
2023-12-16 13:00:00,70.8,67.75428391123417,18.47,48.3
2023-12-16 14:00:00,75.74,69.22640503391457,19.86,49.0
2023-12-16 15:00:00,80.5,70.6985097538638,21.25,51.0
2023-12-16 16:00:00,84.33,89.5296295165179,40.0,62.38
2023-12-16 17:00:00,93.38,109.61066454066535,60.0,89.68
2023-12-16 18:00:00,101.98,125.69194035928724,76.0,102.37
2023-12-16 19:00:00,104.34,126.04411852997438,76.27,103.15
2023-12-16 20:00:00,105.0,118.2867675169956,68.43,102.37
2023-12-16 21:00:00,104.81,113.19926966717912,63.26,96.2
2023-12-16 22:00:00,101.62,107.89178693564337,57.87,92.64
2023-12-16 23:00:00,99.9,96.28466055751936,46.18,85.57
2023-12-17 00:00:00,92.96,89.98535667379815,35.45,67.2
2023-12-17 01:00:00,81.6,76.82831897582312,22.21,63.21
2023-12-17 02:00:00,70.64,71.36084336418057,16.66,60.37
2023-12-17 03:00:00,70.0,71.01307078319381,16.23,58.0
2023-12-17 04:00:00,69.4,70.66529205148254,15.8,54.1
2023-12-17 05:00:00,68.15,73.47733397099088,18.53,55.64
2023-12-17 06:00:00,69.4,79.34918700751415,24.32,59.34
2023-12-17 07:00:00,70.1,97.21037066406772,42.1,65.1
2023-12-17 08:00:00,75.0,100.69236184308714,45.5,79.89
2023-12-17 09:00:00,68.1,100.37458554692748,45.1,85.5
2023-12-17 10:00:00,54.43,97.4569547247235,42.1,82.43
2023-12-17 11:00:00,49.0,97.4391647405974,42.0,76.37
2023-12-17 12:00:00,43.71,94.62152694888492,39.1,71.92
2023-12-17 13:00:00,46.5,95.59367856958934,39.99,50.98
2023-12-17 14:00:00,47.5,94.68593570633116,39.0,50.24
2023-12-17 15:00:00,58.12,92.36826487499096,36.6,51.47
2023-12-17 16:00:00,67.0,100.8499862375881,45.0,58.15
2023-12-17 17:00:00,92.96,105.93188869927972,50.0,80.5
2023-12-17 18:00:00,105.47,113.07367877110968,57.06,90.0
2023-12-17 19:00:00,107.05,118.49557496115963,62.4,90.93
2023-12-17 20:00:00,114.06,111.57817121157646,55.4,90.3
2023-12-17 21:00:00,110.34,106.2606857175521,50.0,88.36
2023-12-17 22:00:00,103.28,103.34305880490024,47.0,82.89
2023-12-17 23:00:00,95.9,101.92535183882326,45.5,76.71
2023-12-18 00:00:00,81.6,40.59655758259004,35.0,92.96
2023-12-18 01:00:00,80.0,22.33980696699055,16.66,81.6
2023-12-18 02:00:00,76.85,19.74217638727509,13.98,70.64
2023-12-18 03:00:00,75.54,15.844600872110064,10.0,70.0
2023-12-18 04:00:00,75.1,19.166602200926807,13.24,69.4
2023-12-18 05:00:00,76.22,43.027426874366256,37.02,68.15
2023-12-18 06:00:00,84.79,72.09794606679161,66.01,69.4
2023-12-18 07:00:00,105.21,92.98892865631316,86.82,70.1
2023-12-18 08:00:00,109.97,107.90028046707228,101.65,75.0
2023-12-18 09:00:00,105.21,97.83304891847416,91.5,68.1
2023-12-18 10:00:00,89.03,91.14564814044522,84.73,54.43
2023-12-18 11:00:00,81.17,84.27824782589678,77.78,49.0
2023-12-18 12:00:00,74.89,81.46061786179901,74.88,43.71
2023-12-18 13:00:00,75.16,80.67286553461707,74.01,70.8
2023-12-18 14:00:00,81.75,84.33485702909269,77.59,75.74
2023-12-18 15:00:00,84.3,89.95674036691784,83.13,80.5
2023-12-18 16:00:00,95.83,93.0087393938662,86.1,84.33
2023-12-18 17:00:00,108.32,124.59914540676476,117.61,93.38
2023-12-18 18:00:00,119.47,130.64097955321472,123.57,101.98
2023-12-18 19:00:00,150.0,129.16327077923407,122.01,104.34
2023-12-18 20:00:00,174.0,121.64591459909424,114.41,105.0
2023-12-18 21:00:00,129.47,107.28894055160892,99.97,104.81
2023-12-18 22:00:00,110.0,104.00134843125944,96.6,101.62
2023-12-18 23:00:00,105.71,94.30412061905491,86.82,99.9
2023-12-19 00:00:00,94.28,67.00675701499871,66.01,81.6
2023-12-19 01:00:00,90.54,60.19936959190003,59.12,80.0
2023-12-19 02:00:00,79.14,53.4019638327122,52.24,76.85
2023-12-19 03:00:00,75.0,51.24429652894177,50.0,75.54
2023-12-19 04:00:00,71.05,50.32655180599405,49.0,75.1
2023-12-19 05:00:00,75.0,53.13859115864648,51.73,76.22
2023-12-19 06:00:00,91.0,61.49030799277095,60.0,84.79
2023-12-19 07:00:00,100.52,74.57175951338034,73.0,105.21
2023-12-19 08:00:00,109.58,78.65372308911105,77.0,109.97
2023-12-19 09:00:00,99.31,76.73603377840753,75.0,105.21
2023-12-19 10:00:00,86.1,76.09827807677874,74.28,89.03
2023-12-19 11:00:00,79.71,72.11071620577302,70.21,81.17
2023-12-19 12:00:00,76.5,61.98350373634273,60.0,74.89
2023-12-19 13:00:00,75.31,54.82612239934552,52.76,46.5
2023-12-19 14:00:00,81.0,56.138244501356674,53.99,47.5
2023-12-19 15:00:00,85.78,72.42950946109148,70.2,58.12
2023-12-19 16:00:00,89.88,87.13086944609685,84.82,67.0
2023-12-19 17:00:00,95.55,84.493203968507,82.1,92.96
2023-12-19 18:00:00,97.01,93.48490111978116,91.01,105.47
2023-12-19 19:00:00,95.55,94.6870284247192,92.13,107.05
2023-12-19 20:00:00,95.2,93.51930385943749,90.88,114.06
2023-12-19 21:00:00,91.0,86.82189332145391,84.1,110.34
2023-12-19 22:00:00,86.5,79.80450829164363,77.0,103.28
2023-12-19 23:00:00,59.9,68.89734918356166,66.01,95.9
2023-12-20 00:00:00,57.85,67.48685269357782,50.0,94.28
2023-12-20 01:00:00,50.48,62.55935079163122,44.99,90.54
2023-12-20 02:00:00,48.0,59.89170942732213,42.24,79.14
2023-12-20 03:00:00,39.98,58.4339984527493,40.7,75.0
2023-12-20 04:00:00,33.88,57.79623925784797,39.98,71.05
2023-12-20 05:00:00,42.16,58.59839431648045,40.7,75.0
2023-12-20 06:00:00,49.8,62.610370889145024,44.63,91.0
2023-12-20 07:00:00,65.49,65.06241209299792,47.0,100.52
2023-12-20 08:00:00,78.88,89.14324120765433,71.0,109.58
2023-12-20 09:00:00,75.86,96.12504192298756,77.9,99.31
2023-12-20 10:00:00,65.26,78.40825993370218,60.1,86.1
2023-12-20 11:00:00,61.82,63.49132649727493,45.1,79.71
2023-12-20 12:00:00,55.0,62.07362238893734,43.6,76.5
2023-12-20 13:00:00,50.1,60.79589966845814,42.24,75.16
2023-12-20 14:00:00,49.8,59.35818511435572,40.72,81.75
2023-12-20 15:00:00,50.1,60.96029674412277,42.24,84.3
2023-12-20 16:00:00,61.82,67.65209700054048,48.85,95.83
2023-12-20 17:00:00,77.62,93.76281173933396,74.88,108.32
2023-12-20 18:00:00,88.06,98.9646916110819,80.0,119.47
2023-12-20 19:00:00,84.44,106.94643942795236,87.9,150.0
2023-12-20 20:00:00,78.37,109.22850967355043,90.1,174.0
2023-12-20 21:00:00,71.86,104.22100790474504,85.01,129.47
2023-12-20 22:00:00,61.42,90.33400841473632,71.04,110.0
2023-12-20 23:00:00,49.1,83.37662556647565,64.0,105.71
2023-12-21 00:00:00,44.0,67.38563316195724,55.0,57.85
2023-12-21 01:00:00,42.6,62.96809565013088,50.5,50.48
2023-12-21 02:00:00,40.28,61.7903690569418,49.24,48.0
2023-12-21 03:00:00,40.0,61.75257571777801,49.12,39.98
2023-12-21 04:00:00,37.48,61.71478127985577,49.0,33.88
2023-12-21 05:00:00,40.28,62.79691969706428,50.0,42.16
2023-12-21 06:00:00,43.5,69.87870683003119,57.0,49.8
2023-12-21 07:00:00,55.55,87.9598683643817,75.0,65.49
2023-12-21 08:00:00,69.95,98.04150155818412,85.0,78.88
2023-12-21 09:00:00,65.0,78.12483954939394,65.0,75.86
2023-12-21 10:00:00,51.83,64.20785270871541,51.0,65.26
2023-12-21 11:00:00,44.8,61.8602006077267,48.57,61.82
2023-12-21 12:00:00,42.18,60.3724882256214,47.0,55.0
2023-12-21 13:00:00,40.0,61.75461437182908,48.3,75.31
2023-12-21 14:00:00,40.14,62.53677161747172,49.0,81.0
2023-12-21 15:00:00,40.28,64.61885020991805,51.0,85.78
2023-12-21 16:00:00,45.1,76.08038000938937,62.38,89.88
2023-12-21 17:00:00,68.0,103.46101089065618,89.68,95.55
2023-12-21 18:00:00,71.83,116.2324672891937,102.37,97.01
2023-12-21 19:00:00,74.34,117.09461420290565,103.15,95.55
2023-12-21 20:00:00,74.61,116.39686310096852,102.37,95.2
2023-12-21 21:00:00,71.71,110.30941458820574,96.2,91.0
2023-12-21 22:00:00,68.0,106.83182719040865,92.64,86.5
2023-12-21 23:00:00,65.47,99.8444284121408,85.57,59.9
2023-12-22 00:00:00,44.8,82.2040379512871,86.04,44.0
2023-12-22 01:00:00,43.1,79.09641852053065,82.85,42.6
2023-12-22 02:00:00,41.0,76.3287850325676,80.0,40.28
2023-12-22 03:00:00,36.5,72.85118948057092,76.44,40.0
2023-12-22 04:00:00,27.79,71.65346089263606,75.16,37.48
2023-12-22 05:00:00,38.0,75.5454422005862,78.97,40.28
2023-12-22 06:00:00,44.1,79.65740233106068,83.0,43.5
2023-12-22 07:00:00,61.1,87.71914548442217,90.98,55.55
2023-12-22 08:00:00,71.34,86.82140305997827,90.0,69.95
2023-12-22 09:00:00,61.2,73.34438831225314,76.44,65.0
2023-12-22 10:00:00,45.0,54.98764761808948,58.0,51.83
2023-12-22 11:00:00,42.6,51.19008086940308,54.12,44.8
2023-12-22 12:00:00,41.0,51.15229049744879,54.0,42.18
2023-12-22 13:00:00,40.0,48.21466134338716,50.98,50.1
2023-12-22 14:00:00,41.3,47.55690439136399,50.24,49.8
2023-12-22 15:00:00,42.6,48.86903086319632,51.47,50.1
2023-12-22 16:00:00,45.15,55.63083156406526,58.15,61.82
2023-12-22 17:00:00,65.0,78.06174993175453,80.5,77.62
2023-12-22 18:00:00,70.5,87.64339068059334,90.0,88.06
2023-12-22 19:00:00,71.98,88.65553184891824,90.93,84.44
2023-12-22 20:00:00,73.1,88.10776768574793,90.3,78.37
2023-12-22 21:00:00,70.75,86.25008143264111,88.36,71.86
2023-12-22 22:00:00,66.9,80.8625963733469,82.89,61.42
2023-12-22 23:00:00,59.0,74.76515822887134,76.71,49.1
2023-12-23 00:00:00,44.8,55.18552168458448,67.2,44.8
2023-12-23 01:00:00,40.5,51.27795685988421,63.21,43.1
2023-12-23 02:00:00,39.7,48.52032076148715,60.37,41.0
2023-12-23 03:00:00,38.5,46.23265988692364,58.0,36.5
2023-12-23 04:00:00,38.3,42.415080763229874,54.1,27.79
2023-12-23 05:00:00,38.1,44.03719292562675,55.64,38.0
2023-12-23 06:00:00,39.0,47.81917717665581,59.34,44.1
2023-12-23 07:00:00,40.25,53.66103440967717,65.1,61.1
2023-12-23 08:00:00,42.85,68.53238532770862,79.89,71.34
2023-12-23 09:00:00,42.08,74.2242559748745,85.5,61.2
2023-12-23 10:00:00,40.15,71.23663071767074,82.43,45.0
2023-12-23 11:00:00,36.1,65.25918009647279,76.37,42.6
2023-12-23 12:00:00,34.99,60.89163779564267,71.92,41.0
2023-12-23 13:00:00,27.26,59.85389970168136,70.8,40.0
2023-12-23 14:00:00,30.0,64.87581541141472,75.74,40.14
2023-12-23 15:00:00,23.17,69.71773786514045,80.5,40.28
2023-12-23 16:00:00,38.0,73.62970935481935,84.33,45.1
2023-12-23 17:00:00,62.0,82.76138530525459,93.38,68.0
2023-12-23 18:00:00,70.68,91.443087336037,101.98,71.83
2023-12-23 19:00:00,73.06,93.88514557863476,104.34,74.34
2023-12-23 20:00:00,73.1,94.6273058512536,105.0,74.61
2023-12-23 21:00:00,74.61,94.51951795326951,104.81,71.71
2023-12-23 22:00:00,69.52,91.4118987805,101.62,68.0
2023-12-23 23:00:00,62.0,89.77420295355161,99.9,65.47
2023-12-24 00:00:00,72.55,57.01504531330975,92.96,44.8
2023-12-24 01:00:00,69.5,45.737903810194,81.6,40.5
2023-12-24 02:00:00,66.34,34.86073365667805,70.64,39.7
2023-12-24 03:00:00,60.0,34.30297765471429,70.0,38.5
2023-12-24 04:00:00,61.16,33.78521126652255,69.4,38.3
2023-12-24 05:00:00,60.0,32.61748064000127,68.15,38.1
2023-12-24 06:00:00,57.0,33.94960999702445,69.4,39.0
2023-12-24 07:00:00,66.34,34.73176305218233,70.1,40.25
2023-12-24 08:00:00,70.0,39.71368835716108,75.0,42.85
2023-12-24 09:00:00,70.5,32.89628566562035,68.1,42.08
2023-12-24 10:00:00,59.52,19.309270228010224,54.43,40.15
2023-12-24 11:00:00,47.86,13.961793220711504,49.0,36.1
2023-12-24 12:00:00,47.6,8.754292610388829,43.71,34.99
2023-12-24 13:00:00,48.99,11.626338218592004,46.5,40.0
2023-12-24 14:00:00,47.6,12.708468688508596,47.5,41.3
2023-12-24 15:00:00,46.99,23.41006084785556,58.12,42.6
2023-12-24 16:00:00,68.45,32.37172581199559,67.0,45.15
2023-12-24 17:00:00,77.57,58.41243615002879,92.96,65.0
2023-12-24 18:00:00,101.55,71.00390370851997,105.47,70.5
2023-12-24 19:00:00,109.3,72.6659988141303,107.05,71.98
2023-12-24 20:00:00,101.07,79.75780283698447,114.06,73.1
2023-12-24 21:00:00,92.85,76.1202120429234,110.34,70.75
2023-12-24 22:00:00,76.93,69.1428200752718,103.28,66.9
2023-12-24 23:00:00,72.23,61.84545555318518,95.9,59.0
2023-12-25 00:00:00,75.0,86.4741058261274,81.6,72.55
2023-12-25 01:00:00,69.03,84.95641003864375,80.0,69.5
2023-12-25 02:00:00,59.9,81.88878828898183,76.85,66.34
2023-12-25 03:00:00,61.16,80.66106485223321,75.54,60.0
2023-12-25 04:00:00,49.3,80.30328930708605,75.1,61.16
2023-12-25 05:00:00,49.65,81.50542018722209,76.22,60.0
2023-12-25 06:00:00,50.0,90.15711502252576,84.79,57.0
2023-12-25 07:00:00,54.9,110.65814481775824,105.21,66.34
2023-12-25 08:00:00,68.96,115.50005922819491,109.97,70.0
2023-12-25 09:00:00,54.9,110.82253984835502,105.21,70.5
2023-12-25 10:00:00,49.6,94.72566643986556,89.03,59.52
2023-12-25 11:00:00,49.3,86.94833012387268,81.17,47.86
2023-12-25 12:00:00,49.07,80.75089057663006,74.89,47.6
2023-12-25 13:00:00,48.83,81.10307342377955,75.16,27.26
2023-12-25 14:00:00,48.6,87.77489708571761,81.75,30.0
2023-12-25 15:00:00,47.79,90.40693716237652,84.3,23.17
2023-12-25 16:00:00,53.5,102.01847125023578,95.83,38.0
2023-12-25 17:00:00,78.39,114.58994601295063,108.32,62.0
2023-12-25 18:00:00,85.02,125.82148051783004,119.47,70.68
2023-12-25 19:00:00,83.61,156.4319139094855,150.0,73.06
2023-12-25 20:00:00,83.46,180.5127640604599,174.0,73.1
2023-12-25 21:00:00,81.29,136.06748613133792,129.47,74.61
2023-12-25 22:00:00,79.11,116.68083317283435,110.0,69.52
2023-12-25 23:00:00,76.94,112.47329609445256,105.71,62.0
2023-12-26 00:00:00,93.24,69.44512934361443,94.28,75.0
2023-12-26 01:00:00,90.78,65.78755985876863,90.54,69.03
2023-12-26 02:00:00,85.39,54.47040985774083,79.14,59.9
2023-12-26 03:00:00,80.0,50.412857131125,75.0,61.16
2023-12-26 04:00:00,77.82,46.54528067782245,71.05,49.3
2023-12-26 05:00:00,82.0,50.57724587446496,75.0,49.65
2023-12-26 06:00:00,94.0,66.65852711842949,91.0,50.0
2023-12-26 07:00:00,96.4,76.26016379309934,100.52,54.9
2023-12-26 08:00:00,97.7,85.4018504825147,109.58,68.96
2023-12-26 09:00:00,96.96,75.21463537038038,99.31,54.9
2023-12-26 10:00:00,94.1,62.08759853637407,86.1,49.6
2023-12-26 11:00:00,90.78,55.78017248430598,79.71,49.3
2023-12-26 12:00:00,82.0,52.65255930391972,76.5,49.07
2023-12-26 13:00:00,76.47,51.544823511238654,75.31,48.99
2023-12-26 14:00:00,73.37,57.31669700109044,81.0,47.6
2023-12-26 15:00:00,73.02,62.17861705569593,85.78,46.99
2023-12-26 16:00:00,89.0,66.36057545214886,89.88,68.45
2023-12-26 17:00:00,97.12,72.1124485397158,95.55,77.57
2023-12-26 18:00:00,111.93,73.65456159749212,97.01,101.55
2023-12-26 19:00:00,110.89,72.2768425122845,95.55,109.3
2023-12-26 20:00:00,141.2,72.00906645237376,95.2,101.07
2023-12-26 21:00:00,109.21,67.89150399616427,91.0,92.85
2023-12-26 22:00:00,99.46,63.47398534544744,86.5,76.93
2023-12-26 23:00:00,94.78,36.95769606259771,59.9,72.23
2023-12-27 00:00:00,78.0,64.33733377835141,57.85,93.24
2023-12-27 01:00:00,75.0,57.04995000857919,50.48,90.78
2023-12-27 02:00:00,58.59,54.65230257260273,48.0,85.39
2023-12-27 03:00:00,54.1,46.71496370394244,39.98,80.0
2023-12-27 04:00:00,50.18,40.697508762941126,33.88,77.82
2023-12-27 05:00:00,53.4,49.059237991427466,42.16,82.0
2023-12-27 06:00:00,65.1,56.780983893095225,49.8,94.0
2023-12-27 07:00:00,80.2,72.55227607559975,65.49,96.4
2023-12-27 08:00:00,91.75,86.02370447654839,78.88,97.7
2023-12-27 09:00:00,87.0,83.0860738267627,75.86,96.96
2023-12-27 10:00:00,76.0,72.56887999656557,65.26,94.1
2023-12-27 11:00:00,68.0,69.2112881864941,61.82,90.78
2023-12-27 12:00:00,64.39,62.47387976996562,55.0,82.0
2023-12-27 13:00:00,62.98,57.6563624035271,50.1,48.83
2023-12-27 14:00:00,64.39,57.43858294869266,49.8,48.6
2023-12-27 15:00:00,65.64,57.82075619488706,50.1,47.79
2023-12-27 16:00:00,74.0,69.62227823744195,61.82,53.5
2023-12-27 17:00:00,82.0,85.5035617980001,77.62,78.39
2023-12-27 18:00:00,109.18,96.02515922154096,88.06,85.02
2023-12-27 19:00:00,111.49,92.48756070233728,84.44,83.61
2023-12-27 20:00:00,121.53,86.50011269186396,78.37,83.46
2023-12-27 21:00:00,120.38,80.0726931105704,71.86,81.29
2023-12-27 22:00:00,105.0,69.7154991500129,61.42,79.11
2023-12-27 23:00:00,90.78,57.478409275121074,49.1,76.94
2023-12-28 00:00:00,95.62,54.376925982197065,44.0,78.0
2023-12-28 01:00:00,87.99,53.0592095057417,42.6,75.0
2023-12-28 02:00:00,78.56,50.8215406405595,40.28,58.59
2023-12-28 03:00:00,76.2,50.62376007942449,40.0,54.1
2023-12-28 04:00:00,75.18,48.186099606765175,37.48,50.18
2023-12-28 05:00:00,76.46,51.068140680687605,40.28,53.4
2023-12-28 06:00:00,90.78,54.37014568381712,43.5,65.1
2023-12-28 07:00:00,101.11,66.50164616127903,55.55,80.2
2023-12-28 08:00:00,108.37,80.98302154731572,69.95,91.75
2023-12-28 09:00:00,108.45,76.11550066789636,65.0,87.0
2023-12-28 10:00:00,96.96,63.02845811621147,51.83,76.0
2023-12-28 11:00:00,90.0,56.08106836570624,44.8,68.0
2023-12-28 12:00:00,81.48,53.54342244709377,42.18,64.39
2023-12-28 13:00:00,90.1,51.44574651088883,40.0,76.47
2023-12-28 14:00:00,90.78,51.66793936780173,40.14,73.37
2023-12-28 15:00:00,91.75,51.8901288345176,40.28,73.02
2023-12-28 16:00:00,103.01,56.792034714727926,45.1,89.0
2023-12-28 17:00:00,111.61,79.77292865621597,68.0,97.12
2023-12-28 18:00:00,117.98,83.68488873635053,71.83,111.93
2023-12-28 19:00:00,121.5,86.27694457916631,74.34,110.89
2023-12-28 20:00:00,128.46,86.62912819871383,74.61,141.2
2023-12-28 21:00:00,122.02,83.81149505011629,71.71,109.21
2023-12-28 22:00:00,112.12,80.18390636079563,68.0,99.46
2023-12-28 23:00:00,100.15,77.73626990469413,65.47,94.78
2023-12-29 00:00:00,102.07,85.0861307632281,44.8,95.62
2023-12-29 01:00:00,95.15,83.46844574948686,43.1,87.99
2023-12-29 02:00:00,94.37,81.45076514750446,41.0,78.56
2023-12-29 03:00:00,93.9,77.0332303301512,36.5,76.2
2023-12-29 04:00:00,87.38,68.40591805538362,27.79,75.18
2023-12-29 05:00:00,87.0,78.69754233721689,38.0,76.46
2023-12-29 06:00:00,93.0,84.87937188959546,44.1,90.78
2023-12-29 07:00:00,105.19,101.96059349267956,61.1,101.11
2023-12-29 08:00:00,109.62,112.2822045489176,71.34,108.37
2023-12-29 09:00:00,107.79,102.22498544442728,61.2,108.45
2023-12-29 10:00:00,105.0,86.10811455100294,45.0,96.96
2023-12-29 11:00:00,96.99,83.79046375044177,42.6,90.0
2023-12-29 12:00:00,100.0,82.27275465866042,41.0,81.48
2023-12-29 13:00:00,97.0,81.35501078502986,40.0,62.98
2023-12-29 14:00:00,94.02,82.73713561525044,41.3,64.39
2023-12-29 15:00:00,95.21,84.11926003664078,42.6,65.64
2023-12-29 16:00:00,103.0,86.7512966259809,45.15,74.0
2023-12-29 17:00:00,110.13,106.6823639232897,65.0,82.0
2023-12-29 18:00:00,122.4,112.26423277964852,70.5,109.18
2023-12-29 19:00:00,123.76,113.82634443739178,71.98,111.49
2023-12-29 20:00:00,126.72,115.02848071460512,73.1,121.53
2023-12-29 21:00:00,123.24,112.7608147056589,70.75,120.38
2023-12-29 22:00:00,109.0,108.99323932987174,66.9,105.0
2023-12-29 23:00:00,102.07,101.17590122061604,59.0,90.78
2023-12-30 00:00:00,86.31,104.78610175283336,44.8,102.07
2023-12-30 01:00:00,82.33,100.56855666521712,40.5,95.15
2023-12-30 02:00:00,78.77,99.85080413074886,39.7,94.37
2023-12-30 03:00:00,70.0,98.73307169860536,38.5,93.9
2023-12-30 04:00:00,62.06,98.6152833551811,38.3,87.38
2023-12-30 05:00:00,59.01,98.49749305592756,38.1,87.0
2023-12-30 06:00:00,76.02,99.4796405114269,39.0,93.0
2023-12-30 07:00:00,79.39,100.81176548187275,40.25,105.19
2023-12-30 08:00:00,86.31,103.49381669425004,42.85,109.62
2023-12-30 09:00:00,88.21,102.8060583582967,42.08,107.79
2023-12-30 10:00:00,76.02,100.95837141057194,40.15,105.0
2023-12-30 11:00:00,58.1,96.99080136628174,36.1,96.99
2023-12-30 12:00:00,52.99,95.96307411261483,34.99,100.0
2023-12-30 13:00:00,48.0,88.31570805785093,27.26,90.1
2023-12-30 14:00:00,42.04,91.13776626931818,30.0,90.78
2023-12-30 15:00:00,46.49,84.3903387435986,23.17,91.75
2023-12-30 16:00:00,54.1,99.30168373551535,38.0,103.01
2023-12-30 17:00:00,75.0,123.38250107393182,62.0,111.61
2023-12-30 18:00:00,84.0,132.1441868433328,70.68,117.98
2023-12-30 19:00:00,81.5,134.60624645110738,73.06,121.5
2023-12-30 20:00:00,80.0,134.72843997943886,73.1,128.46
2023-12-30 21:00:00,75.0,136.32055689987962,74.61,122.02
2023-12-30 22:00:00,56.85,131.31305120051235,69.52,112.12
2023-12-30 23:00:00,43.23,123.87567135403016,62.0,100.15
2023-12-31 00:00:00,18.21,80.04956804446562,72.55,86.31
2023-12-31 01:00:00,5.0,72.43713082468642,69.5,82.33
2023-12-31 02:00:00,4.0,65.2771975732861,66.34,78.77
2023-12-31 03:00:00,0.31,61.87854936899959,60.0,70.0
2023-12-31 04:00:00,0.0,62.02733059990371,61.16,62.06
2023-12-31 05:00:00,0.0,60.89339761560194,60.0,59.01
2023-12-31 06:00:00,0.01,60.240475485958775,57.0,76.02
2023-12-31 07:00:00,4.0,65.60374214875245,66.34,79.39
2023-12-31 08:00:00,4.3,69.77439453536529,70.0,86.31
2023-12-31 09:00:00,10.47,66.53001963722602,70.5,88.21
2023-12-31 10:00:00,14.0,54.46741692132669,59.52,76.02
2023-12-31 11:00:00,13.98,46.234830084614295,47.86,58.1
2023-12-31 12:00:00,12.01,43.32079872474363,47.6,52.99
2023-12-31 13:00:00,7.21,45.29014622879944,48.99,97.0
2023-12-31 14:00:00,10.06,45.000207724765446,47.6,94.02
2023-12-31 15:00:00,13.98,49.72968534779808,46.99,95.21
2023-12-31 16:00:00,38.5,64.42190404768577,68.45,103.0
2023-12-31 17:00:00,63.84,81.53406683221593,77.57,110.13
2023-12-31 18:00:00,75.01,99.13481259582844,101.55,122.4
2023-12-31 19:00:00,101.3,103.68196503185077,109.3,123.76
2023-12-31 20:00:00,92.97,102.8755091392772,101.07,126.72
2023-12-31 21:00:00,85.49,96.88550361999847,92.85,123.24
2023-12-31 22:00:00,74.74,85.73487655042163,76.93,109.0
2023-12-31 23:00:00,71.96,79.76543847416586,72.23,102.07
2024-01-01 00:00:00,63.33,38.75215700902535,75.0,18.21
2024-01-01 01:00:00,50.09,32.72766921054989,69.03,5.0
2024-01-01 02:00:00,47.5,23.543312557561347,59.9,4.0
2024-01-01 03:00:00,43.5,24.748524610451327,61.16,0.31
2024-01-01 04:00:00,42.5,12.834282618295587,49.3,0.0
2024-01-01 05:00:00,42.09,13.129535063698627,49.65,0.0
2024-01-01 06:00:00,42.5,13.424789801543842,50.0,0.01
2024-01-01 07:00:00,42.59,18.269857062990592,54.9,4.0
2024-01-01 08:00:00,43.37,32.27454292068082,68.96,4.3
2024-01-01 09:00:00,42.29,18.160394569189503,54.9,10.47
2024-01-01 10:00:00,25.0,12.805881189243063,49.6,14.0
2024-01-01 11:00:00,3.9,12.451161069768926,49.3,13.98
2024-01-01 12:00:00,3.2,12.166439117617514,49.07,12.01
2024-01-01 13:00:00,2.06,11.871718516881955,48.83,48.0
2024-01-01 14:00:00,1.73,11.58699872383518,48.6,42.04
2024-01-01 15:00:00,5.72,10.722305188647766,47.79,46.49
2024-01-01 16:00:00,18.49,16.37734409058526,53.5,54.1
2024-01-01 17:00:00,37.0,41.211587953787,78.39,75.0
2024-01-01 18:00:00,47.5,47.7865886725505,85.02,84.0
2024-01-01 19:00:00,54.97,46.32192002623343,83.61,81.5
2024-01-01 20:00:00,60.9,46.11719677663558,83.46,80.0
2024-01-01 21:00:00,60.0,43.89255641091576,81.29,75.0
2024-01-01 22:00:00,47.5,41.65791646068008,79.11,56.85
2024-01-01 23:00:00,42.09,39.43327742191598,76.94,43.23
2024-01-02 00:00:00,37.8,46.71148867723208,93.24,63.33
2024-01-02 01:00:00,25.0,44.19686085044231,90.78,50.09
2024-01-02 02:00:00,3.99,38.75235270877708,85.39,47.5
2024-01-02 03:00:00,14.0,33.30784439346608,80.0,43.5
2024-01-02 04:00:00,10.0,31.07320429225442,77.82,42.5
2024-01-02 05:00:00,14.54,35.198302347379624,82.0,42.09
2024-01-02 06:00:00,36.29,47.14307673567491,94.0,42.5
2024-01-02 07:00:00,44.7,49.488249178054566,96.4,42.59
2024-01-02 08:00:00,53.78,50.73346550254527,97.7,43.37
2024-01-02 09:00:00,54.23,49.93876480133891,96.96,42.29
2024-01-02 10:00:00,50.0,47.02415055467256,94.1,25.0
2024-01-02 11:00:00,52.2,43.64955406015982,90.78,3.9
2024-01-02 12:00:00,45.0,34.8151838657118,82.0,3.2
2024-01-02 13:00:00,43.0,29.230679583794533,76.47,7.21
2024-01-02 14:00:00,42.0,26.07607684801348,73.37,10.06
2024-01-02 15:00:00,40.99,25.67136366047484,73.02,13.98
2024-01-02 16:00:00,43.66,41.59597556933089,89.0,38.5
2024-01-02 17:00:00,52.2,49.66091577709288,97.12,63.84
2024-01-02 18:00:00,57.77,64.41557742214518,111.93,75.01
2024-01-02 19:00:00,62.45,63.32089605930136,110.89,101.3
2024-01-02 20:00:00,58.0,93.5749075174503,141.2,92.97
2024-01-02 21:00:00,52.83,61.53150077164193,109.21,85.49
2024-01-02 22:00:00,46.26,51.72716599804061,99.46,74.74
2024-01-02 23:00:00,40.1,46.99261993128995,94.78,71.96
2024-01-03 00:00:00,6.8,40.343473882335566,78.0,37.8
2024-01-03 01:00:00,3.2,37.28885812946981,75.0,25.0
2024-01-03 02:00:00,2.95,20.824800844405228,58.59,3.99
2024-01-03 03:00:00,2.7,16.28025087770308,54.1,14.0
2024-01-03 04:00:00,2.46,12.30568113993375,50.18,10.0
2024-01-03 05:00:00,2.21,15.470819014526525,53.4,14.54
2024-01-03 06:00:00,4.78,27.11560815344581,65.1,36.29
2024-01-03 07:00:00,45.42,42.16025706934671,80.2,44.7
2024-01-03 08:00:00,61.92,53.65505093220333,91.75,53.78
2024-01-03 09:00:00,67.0,48.85051737818033,87.0,54.23
2024-01-03 10:00:00,63.6,37.79623994277605,76.0,50.0
2024-01-03 11:00:00,57.1,29.74183713471512,68.0,52.2
2024-01-03 12:00:00,55.0,26.077253217526945,64.39,45.0
2024-01-03 13:00:00,55.42,24.61257999395156,62.98,2.06
2024-01-03 14:00:00,61.0,25.967791946697268,64.39,1.73
2024-01-03 15:00:00,66.03,27.16301324621787,65.64,5.72
2024-01-03 16:00:00,67.52,35.46794210141952,74.0,18.49
2024-01-03 17:00:00,89.57,43.41288885174377,82.0,37.0
2024-01-03 18:00:00,94.2,70.53703940015446,109.18,47.5
2024-01-03 19:00:00,104.35,72.79222084945607,111.49,54.97
2024-01-03 20:00:00,113.26,82.77707684630903,121.53,60.9
2024-01-03 21:00:00,103.73,81.5723927530153,120.38,60.0
2024-01-03 22:00:00,94.2,66.13829546269785,105.0,47.5
2024-01-03 23:00:00,86.58,51.8641489629394,90.78,42.09
2024-01-04 00:00:00,90.39,85.57201993750162,95.62,6.8
2024-01-04 01:00:00,87.0,77.887600928803,87.99,3.2
2024-01-04 02:00:00,80.21,68.40325715068022,78.56,2.95
2024-01-04 03:00:00,70.1,65.98862161186308,76.2,2.7
2024-01-04 04:00:00,66.86,64.9139331808227,75.18,2.46
2024-01-04 05:00:00,68.14,66.13915242558166,76.46,2.21
2024-01-04 06:00:00,86.74,80.40383250560286,90.78,4.78
2024-01-04 07:00:00,94.51,90.67867863628952,101.11,45.42
2024-01-04 08:00:00,96.0,97.88364995396805,108.37,61.92
2024-01-04 09:00:00,98.13,97.90891579483188,108.45,67.0
2024-01-04 10:00:00,95.0,86.36465916894203,96.96,63.6
2024-01-04 11:00:00,90.35,79.3502134891784,90.0,57.1
2024-01-04 12:00:00,89.0,70.77583445727453,81.48,55.0
2024-01-04 13:00:00,85.96,79.34074600095889,90.1,43.0
2024-01-04 14:00:00,92.11,79.96598941873562,90.78,42.0
2024-01-04 15:00:00,98.62,80.88122246984132,91.75,40.99
2024-01-04 16:00:00,99.5,92.08602975680544,103.01,43.66
2024-01-04 17:00:00,100.0,100.63094804575093,111.61,52.2
2024-01-04 18:00:00,102.57,106.945957938084,117.98,57.77
2024-01-04 19:00:00,104.0,110.41108448918692,121.5,62.45
2024-01-04 20:00:00,105.18,117.31606536918356,128.46,58.0
2024-01-04 21:00:00,102.42,110.82159940886906,122.02,52.83
2024-01-04 22:00:00,99.41,100.8672743950462,112.12,46.26
2024-01-04 23:00:00,90.39,88.84303505393771,100.15,40.1
2024-01-05 00:00:00,86.08,108.9324631879843,102.07,90.39
2024-01-05 01:00:00,80.51,101.95801610081077,95.15,87.0
2024-01-05 02:00:00,77.01,101.12331474032266,94.37,80.21
2024-01-05 03:00:00,70.67,100.59860123311896,93.9,70.1
2024-01-05 04:00:00,61.1,94.0241399791596,87.38,66.86
2024-01-05 05:00:00,68.26,93.58942565284156,87.0,68.14
2024-01-05 06:00:00,75.0,99.53444882560127,93.0,86.74
2024-01-05 07:00:00,86.39,111.6692158469593,105.19,94.51
2024-01-05 08:00:00,90.88,116.04430392621428,109.62,96.0
2024-01-05 09:00:00,90.0,114.15964963294368,107.79,98.13
2024-01-05 10:00:00,76.47,111.31503325939818,105.0,95.0
2024-01-05 11:00:00,57.68,103.25063322329906,96.99,90.35
2024-01-05 12:00:00,45.87,106.20577582360472,100.0,89.0
2024-01-05 13:00:00,44.07,103.15116876917637,97.0,55.42
2024-01-05 14:00:00,40.0,100.11656189486376,94.02,61.0
2024-01-05 15:00:00,30.55,101.25178386919524,95.21,66.03
2024-01-05 16:00:00,44.37,108.9867338560828,103.0,67.52
2024-01-05 17:00:00,67.0,116.06171255199531,110.13,89.57
2024-01-05 18:00:00,75.47,128.27647715358245,122.4,94.2
2024-01-05 19:00:00,78.19,129.58169279389085,123.76,104.35
2024-01-05 20:00:00,79.94,132.4868386720048,126.72,113.26
2024-01-05 21:00:00,78.26,128.9522483066951,123.24,103.73
2024-01-05 22:00:00,75.0,114.65810174057609,109.0,94.2
2024-01-05 23:00:00,68.0,107.67364974964372,102.07,86.58
2024-01-06 00:00:00,52.5,31.523898672281348,86.31,86.08
2024-01-06 01:00:00,45.0,27.48932532378625,82.33,80.51
2024-01-06 02:00:00,44.2,23.87473575538995,78.77,77.01
2024-01-06 03:00:00,43.5,15.050363486523691,70.0,70.67
2024-01-06 04:00:00,23.99,7.05595865904994,62.06,61.1
2024-01-06 05:00:00,27.25,3.951354418473548,59.01,68.26
2024-01-06 06:00:00,30.51,20.90591994035301,76.02,75.0
2024-01-06 07:00:00,44.4,24.22105266729925,79.39,86.39
2024-01-06 08:00:00,45.8,31.086035922608808,86.31,90.88
2024-01-06 09:00:00,45.0,32.93122413037054,88.21,90.0
2024-01-06 10:00:00,25.0,20.686993507358967,76.02,76.47
2024-01-06 11:00:00,4.0,2.7129990645599684,58.1,57.68
2024-01-06 12:00:00,3.2,-2.451526445021417,52.99,45.87
2024-01-06 13:00:00,8.65,-7.496054530112799,48.0,85.96
2024-01-06 14:00:00,14.1,-13.510539221151586,42.04,92.11
2024-01-06 15:00:00,19.55,-9.115452449449837,46.49,98.62
2024-01-06 16:00:00,25.0,-1.5604931077444837,54.1,99.5
2024-01-06 17:00:00,65.0,19.28391551389053,75.0,100.0
2024-01-06 18:00:00,85.96,28.22881625070256,84.0,102.57
2024-01-06 19:00:00,92.05,25.6741903105749,81.5,104.0
2024-01-06 20:00:00,92.14,24.119518423788875,80.0,105.18
2024-01-06 21:00:00,88.0,19.064987444335166,75.0,102.42
2024-01-06 22:00:00,86.57,0.8609986554285152,56.85,99.41
2024-01-06 23:00:00,79.87,-12.813181034276234,43.23,90.39
2024-01-07 00:00:00,84.08,-32.23529521456162,18.21,52.5
2024-01-07 01:00:00,79.82,-45.4994892020463,5.0,45.0
2024-01-07 02:00:00,76.76,-46.55418631276432,4.0,44.2
2024-01-07 03:00:00,73.46,-50.29876847144917,0.31,43.5
2024-01-07 04:00:00,71.86,-50.66348890509114,0.0,23.99
2024-01-07 05:00:00,72.08,-50.71822058098213,0.0,27.25
2024-01-07 06:00:00,74.9,-50.76295134239179,0.01,30.51
2024-01-07 07:00:00,77.69,-46.82784642644706,4.0,44.4
2024-01-07 08:00:00,81.79,-46.582587426208825,4.3,45.8
2024-01-07 09:00:00,84.86,-40.46757192395716,10.47,45.0
2024-01-07 10:00:00,61.0,-36.992447097887975,14.0,25.0
2024-01-07 11:00:00,55.87,-37.067175739150414,13.98,4.0
2024-01-07 12:00:00,50.6,-39.09182386179464,12.01,3.2
2024-01-07 13:00:00,51.77,-43.94635330348378,7.21,44.07
2024-01-07 14:00:00,49.98,-41.15119748094928,10.06,40.0
2024-01-07 15:00:00,45.57,-37.28608118022039,13.98,30.55
2024-01-07 16:00:00,60.0,-12.821815925135796,38.5,44.37
2024-01-07 17:00:00,92.05,12.46241696475646,63.84,67.0
2024-01-07 18:00:00,104.85,23.577236847605413,75.01,75.47
2024-01-07 19:00:00,103.55,49.81142375860316,101.3,78.19
2024-01-07 20:00:00,100.5,41.42704218579449,92.97,79.94
2024-01-07 21:00:00,95.89,33.89261934161166,85.49,78.26
2024-01-07 22:00:00,91.17,23.088329648117057,74.74,75.0
2024-01-07 23:00:00,83.86,20.25370765265462,71.96,68.0
2024-01-08 00:00:00,86.97,101.26117510747636,63.33,84.08
2024-01-08 01:00:00,84.18,87.96698694953749,50.09,79.82
2024-01-08 02:00:00,81.53,85.32235777230265,47.5,76.76
2024-01-08 03:00:00,78.79,81.26778896276276,43.5,73.46
2024-01-08 04:00:00,78.43,80.2130968771053,42.5,71.86
2024-01-08 05:00:00,82.1,79.7483812468613,42.09,72.08
2024-01-08 06:00:00,94.3,80.10363188873441,42.5,74.9
2024-01-08 07:00:00,111.07,80.1388954608326,42.59,77.69
2024-01-08 08:00:00,120.4,80.86412898991746,43.37,81.79
2024-01-08 09:00:00,116.98,79.72943691000903,42.29,84.86
2024-01-08 10:00:00,110.57,62.385415204632935,25.0,61.0
2024-01-08 11:00:00,103.0,41.23155175445896,3.9,55.87
2024-01-08 12:00:00,95.46,40.47684408351986,3.2,50.6
2024-01-08 13:00:00,93.88,39.282158622983886,2.06,8.65
2024-01-08 14:00:00,100.0,38.89744297607596,1.73,14.1
2024-01-08 15:00:00,107.98,42.83255172056283,5.72,19.55
2024-01-08 16:00:00,115.27,55.54729937027886,18.49,25.0
2024-01-08 17:00:00,125.17,74.00181021445165,37.0,65.0
2024-01-08 18:00:00,129.99,84.44665279198951,47.5,85.96
2024-01-08 19:00:00,130.0,91.86161853085773,54.97,92.05
2024-01-08 20:00:00,133.28,97.73664466903188,60.9,92.14
2024-01-08 21:00:00,129.47,96.7819502281493,60.0,88.0
2024-01-08 22:00:00,115.42,84.22773410879174,47.5,86.57
2024-01-08 23:00:00,107.98,78.7632216034147,42.09,79.87
2024-01-09 00:00:00,98.92,129.40184010399412,37.8,86.97
2024-01-09 01:00:00,100.0,116.5476325802799,25.0,84.18
2024-01-09 02:00:00,98.43,95.48376795182251,3.99,81.53
2024-01-09 03:00:00,98.62,105.43861873389878,14.0,78.79
2024-01-09 04:00:00,97.15,101.38405577031862,10.0,78.43
2024-01-09 05:00:00,97.53,105.86914191847372,14.54,82.1
2024-01-09 06:00:00,102.79,127.5635160159285,36.29,94.3
2024-01-09 07:00:00,108.28,135.9184442683136,44.7,111.07
2024-01-09 08:00:00,122.55,144.94334221696323,53.78,120.4
2024-01-09 09:00:00,120.75,145.33859565085226,54.23,116.98
2024-01-09 10:00:00,110.32,141.0540410887281,50.0,110.57
2024-01-09 11:00:00,107.67,143.1992178819019,52.2,103.0
2024-01-09 12:00:00,107.01,135.94478438945586,45.0,95.46
2024-01-09 13:00:00,106.48,133.89013494574567,43.0,51.77
2024-01-09 14:00:00,107.07,132.83544493769836,42.0,49.98
2024-01-09 15:00:00,114.75,131.7707567008887,40.99,45.57
2024-01-09 16:00:00,124.29,134.3859172736923,43.66,60.0
2024-01-09 17:00:00,137.35,142.87083509045974,52.2,92.05
2024-01-09 18:00:00,137.0,148.3858758514803,57.77,104.85
2024-01-09 19:00:00,138.95,153.01095137092534,62.45,103.55
2024-01-09 20:00:00,148.01,148.5064031168431,58.0,100.5
2024-01-09 21:00:00,130.0,143.28188179485872,52.83,95.89
2024-01-09 22:00:00,111.86,136.6574160437499,46.26,91.17
2024-01-09 23:00:00,106.11,130.44293022480184,40.1,83.86
2024-01-10 00:00:00,92.33,68.1548302483361,6.8,98.92
2024-01-10 01:00:00,90.12,64.50024010900476,3.2,100.0
2024-01-10 02:00:00,87.01,64.19551528608908,2.95,98.43
2024-01-10 03:00:00,85.8,63.890793570579056,2.7,98.62
2024-01-10 04:00:00,85.0,63.59607412844718,2.46,97.15
2024-01-10 05:00:00,86.3,63.29135862288685,2.21,97.53
2024-01-10 06:00:00,95.0,65.80653155079891,4.78,102.79
2024-01-10 07:00:00,103.94,106.3901270112244,45.42,108.28
2024-01-10 08:00:00,121.4,122.83472403171552,61.92,122.55
2024-01-10 09:00:00,113.39,127.8597899646588,67.0,120.75
2024-01-10 10:00:00,105.38,124.40520327050692,63.6,110.32
2024-01-10 11:00:00,102.97,117.8507428328378,57.1,107.67
2024-01-10 12:00:00,99.99,115.69609959920398,55.0,107.01
2024-01-10 13:00:00,98.5,116.06135324966873,55.42,93.88
2024-01-10 14:00:00,94.76,121.5863944505412,61.0,100.0
2024-01-10 15:00:00,94.73,126.56146015852904,66.03,107.98
2024-01-10 16:00:00,99.37,127.9966749983078,67.52,115.27
2024-01-10 17:00:00,102.7,149.99103707867843,89.57,125.17
2024-01-10 18:00:00,111.29,154.56612239804537,94.2,129.99
2024-01-10 19:00:00,121.4,164.66097621393342,104.35,130.0
2024-01-10 20:00:00,120.0,173.51587801715004,113.26,133.28
2024-01-10 21:00:00,107.71,163.93154152730597,103.73,129.47
2024-01-10 22:00:00,101.32,154.34720231018608,94.2,115.42
2024-01-10 23:00:00,92.68,146.6727837646164,86.58,107.98
2024-01-11 00:00:00,91.75,134.72184493711725,90.39,92.33
2024-01-11 01:00:00,86.18,131.27725109728866,87.0,90.12
2024-01-11 02:00:00,82.1,124.43279772290464,80.21,87.01
2024-01-11 03:00:00,80.0,114.26848291753738,70.1,85.8
2024-01-11 04:00:00,79.6,110.9738853537093,66.86,85.0
2024-01-11 05:00:00,81.1,112.1991041137659,68.14,86.3
2024-01-11 06:00:00,85.91,130.74360625421755,86.74,95.0
2024-01-11 07:00:00,102.05,138.45855826283088,94.51,103.94
2024-01-11 08:00:00,113.84,139.89376906557888,96.0,121.4
2024-01-11 09:00:00,110.0,141.9689510917376,98.13,113.39
2024-01-11 10:00:00,97.63,138.7843498574547,95.0,105.38
2024-01-11 11:00:00,86.18,134.07981092633494,90.35,102.97
2024-01-11 12:00:00,83.89,132.67513524064276,89.0,99.99
2024-01-11 13:00:00,82.18,129.580531135653,85.96,106.48
2024-01-11 14:00:00,83.0,135.67554687978276,92.11,107.07
2024-01-11 15:00:00,85.0,142.13054837123636,98.62,114.75
2024-01-11 16:00:00,97.63,142.95578325347097,99.5,124.29
2024-01-11 17:00:00,118.5,143.40103330588084,100.0,137.35
2024-01-11 18:00:00,128.93,145.9161969458676,102.57,137.0
2024-01-11 19:00:00,132.31,147.29140726912377,104.0,138.95
2024-01-11 20:00:00,117.93,148.4166267312615,105.18,148.01
2024-01-11 21:00:00,108.33,145.60200826903073,102.42,130.0
2024-01-11 22:00:00,100.0,142.53739847264526,99.41,111.86
2024-01-11 23:00:00,93.26,133.46303721382307,90.39,106.11
2024-01-12 00:00:00,88.98,80.31343075007382,86.08,91.75
2024-01-12 01:00:00,86.45,74.68892612821702,80.51,86.18
2024-01-12 02:00:00,84.99,71.134335833399,77.01,82.1
2024-01-12 03:00:00,83.0,64.73986416060552,70.67,80.0
2024-01-12 04:00:00,83.14,55.115528756099486,61.1,79.6
2024-01-12 05:00:00,85.0,62.22050157244422,68.26,81.1
2024-01-12 06:00:00,89.0,68.90549437330786,75.0,85.91
2024-01-12 07:00:00,102.77,80.24029401506138,86.39,102.05
2024-01-12 08:00:00,113.28,84.6753777877205,90.88,113.84
2024-01-12 09:00:00,105.0,83.7406801343541,90.0,110.0
2024-01-12 10:00:00,100.0,70.15650347320621,76.47,97.63
2024-01-12 11:00:00,94.58,51.31254315829445,57.68,86.18
2024-01-12 12:00:00,92.0,39.44829409353108,45.87,83.89
2024-01-12 13:00:00,91.78,37.59363205227327,44.07,98.5
2024-01-12 14:00:00,90.1,33.46906715933107,40.0,94.76
2024-01-12 15:00:00,92.01,23.964729770818668,30.55,94.73
2024-01-12 16:00:00,100.98,37.72943090507025,44.37,99.37
2024-01-12 17:00:00,107.1,60.30376903205826,67.0,102.7
2024-01-12 18:00:00,126.0,68.7186941762104,75.47,111.29
2024-01-12 19:00:00,119.47,71.38385501374127,78.19,121.4
2024-01-12 20:00:00,110.0,73.07905307123751,79.94,120.0
2024-01-12 21:00:00,102.26,71.34439077061457,78.26,107.71
2024-01-12 22:00:00,98.0,68.02979132262097,75.0,101.32
2024-01-12 23:00:00,95.49,60.975344635316894,68.0,92.68
2024-01-13 00:00:00,90.0,97.9730110207082,52.5,88.98
2024-01-13 01:00:00,87.48,90.41858450562027,45.0,86.45
2024-01-13 02:00:00,82.0,89.56388112659047,44.2,84.99
2024-01-13 03:00:00,78.47,88.80917379385876,43.5,83.0
2024-01-13 04:00:00,75.0,69.24524863819617,23.99,83.14
2024-01-13 05:00:00,76.65,72.45038025680147,27.25,85.0
2024-01-13 06:00:00,78.3,75.6555152396848,30.51,89.0
2024-01-13 07:00:00,85.59,89.49020936370296,44.4,102.77
2024-01-13 08:00:00,92.71,90.83542017057758,45.8,113.28
2024-01-13 09:00:00,94.83,89.98071790925381,45.0,105.0
2024-01-13 10:00:00,90.93,69.92680956560261,25.0,100.0
2024-01-13 11:00:00,83.39,48.87294300834508,4.0,94.58
2024-01-13 12:00:00,73.96,48.01824167773352,3.2,92.0
2024-01-13 13:00:00,71.45,53.41328584452095,8.65,82.18
2024-01-13 14:00:00,74.51,58.80833391134088,14.1,83.0
2024-01-13 15:00:00,80.4,64.20338554648538,19.55,85.0
2024-01-13 16:00:00,91.23,69.5984420795177,25.0,97.63
2024-01-13 17:00:00,99.3,109.54206679962805,65.0,118.5
2024-01-13 18:00:00,107.99,130.44648096203602,85.96,128.93
2024-01-13 19:00:00,103.14,136.48150715078614,92.05,132.31
2024-01-13 20:00:00,100.0,136.51677711985218,92.14,117.93
2024-01-13 21:00:00,97.61,132.32221919128645,88.0,108.33
2024-01-13 22:00:00,93.12,130.83754668177534,86.57,100.0
2024-01-13 23:00:00,90.0,124.0830925469552,79.87,93.26
2024-01-14 00:00:00,86.1,154.17996795592424,84.08,90.0
2024-01-14 01:00:00,82.78,149.86541204304993,79.82,87.48
2024-01-14 02:00:00,78.66,146.7508058921747,76.76,82.0
2024-01-14 03:00:00,72.53,143.3962100391053,73.46,78.47
2024-01-14 04:00:00,69.34,141.74154439198705,71.86,75.0
2024-01-14 05:00:00,69.13,141.90680422930768,72.08,76.65
2024-01-14 06:00:00,69.71,144.67195687371614,74.9,78.3
2024-01-14 07:00:00,72.95,147.40711082738966,77.69,85.59
2024-01-14 08:00:00,77.9,151.4522091361041,81.79,92.71
2024-01-14 09:00:00,79.45,154.46734700369632,84.86,94.83
2024-01-14 10:00:00,74.69,130.5536008373961,61.0,90.93
2024-01-14 11:00:00,69.0,125.36907661705108,55.87,83.39
2024-01-14 12:00:00,67.8,120.04456068966265,50.6,73.96
2024-01-14 13:00:00,65.4,121.15977966873524,51.77,91.78
2024-01-14 14:00:00,63.1,119.31512411645645,49.98,90.1
2024-01-14 15:00:00,62.3,114.85058126418808,45.57,92.01
2024-01-14 16:00:00,65.13,129.22526105667936,60.0,100.98
2024-01-14 17:00:00,72.84,161.2192115581227,92.05,107.1
2024-01-14 18:00:00,86.18,173.96395906376986,104.85,126.0
2024-01-14 19:00:00,92.01,172.609286935556,103.55,119.47
2024-01-14 20:00:00,86.03,169.50468323586625,100.5,110.0
2024-01-14 21:00:00,84.49,164.84014187841706,95.89,102.26
2024-01-14 22:00:00,82.97,160.0656039171945,91.17,98.0
2024-01-14 23:00:00,72.52,152.70117375116047,83.86,95.49
2024-01-15 00:00:00,77.7,103.51180339536688,86.97,86.1
2024-01-15 01:00:00,67.0,100.66718674477036,84.18,82.78
2024-01-15 02:00:00,64.99,97.9625646035684,81.53,78.66
2024-01-15 03:00:00,62.04,95.16794733621774,78.79,72.53
2024-01-15 04:00:00,62.1,94.75323332496032,78.43,69.34
2024-01-15 05:00:00,65.1,98.3683548841937,82.1,69.13
2024-01-15 06:00:00,69.13,110.51312480433808,94.3,69.71
2024-01-15 07:00:00,86.74,127.22770536924972,111.07,72.95
2024-01-15 08:00:00,99.52,136.5025922956629,120.4,77.9
2024-01-15 09:00:00,100.33,133.0280046105228,116.98,79.45
2024-01-15 10:00:00,94.92,126.56353776620143,110.57,74.69
2024-01-15 11:00:00,90.3,118.93911779223464,103.0,69.0
2024-01-15 12:00:00,85.7,111.3446973899588,95.46,67.8
2024-01-15 13:00:00,82.41,109.71003202471044,93.88,71.45
2024-01-15 14:00:00,84.99,115.77504994800464,100.0,74.51
2024-01-15 15:00:00,90.1,123.6999928608819,107.98,80.4
2024-01-15 16:00:00,95.82,130.93496539144235,115.27,91.23
2024-01-15 17:00:00,100.0,140.77982909697516,125.17,99.3
2024-01-15 18:00:00,112.85,145.54490213772647,129.99,107.99
2024-01-15 19:00:00,113.9,145.5001726974205,130.0,103.14
2024-01-15 20:00:00,107.58,148.72530481627604,133.28,100.0
2024-01-15 21:00:00,100.0,144.86072834540593,129.47,97.61
2024-01-15 22:00:00,97.21,130.75657481103983,115.42,93.12
2024-01-15 23:00:00,91.0,123.26214617992468,107.98,90.0
2024-01-16 00:00:00,86.59,88.50318178815998,98.92,77.7
2024-01-16 01:00:00,83.33,89.5284025980155,100.0,67.0
2024-01-16 02:00:00,80.94,87.90373514178819,98.43,64.99
2024-01-16 03:00:00,78.65,88.03899557872298,98.62,62.04
2024-01-16 04:00:00,78.35,86.5143260356979,97.15,62.1
2024-01-16 05:00:00,80.37,86.8395811014879,97.53,65.1
2024-01-16 06:00:00,89.0,92.04463509025716,102.79,69.13
2024-01-16 07:00:00,101.0,97.47968070103214,108.28,86.74
2024-01-16 08:00:00,127.07,111.69436077895048,122.55,99.52
2024-01-16 09:00:00,120.18,109.83970559772273,120.75,100.33
2024-01-16 10:00:00,99.28,99.35540638842336,110.32,94.92
2024-01-16 11:00:00,91.69,96.650783763152,107.67,90.3
2024-01-16 12:00:00,93.0,95.9360796463196,107.01,85.7
2024-01-16 13:00:00,89.42,95.35137163811832,106.48,65.4
2024-01-16 14:00:00,90.0,95.88661916266362,107.07,63.1
2024-01-16 15:00:00,88.0,103.51157441236806,114.75,62.3
2024-01-16 16:00:00,84.88,112.9964538371667,124.29,65.13
2024-01-16 17:00:00,88.0,126.00118635803568,137.35,72.84
2024-01-16 18:00:00,89.02,125.59647372460128,137.0,86.18
2024-01-16 19:00:00,99.49,127.49166294753024,138.95,92.01
2024-01-16 20:00:00,99.78,136.49655302761116,148.01,86.03
2024-01-16 21:00:00,88.75,118.432562911763,130.0,84.49
2024-01-16 22:00:00,75.99,100.23857549452195,111.86,82.97
2024-01-16 23:00:00,60.0,94.43407362143697,106.11,72.52
2024-01-17 00:00:00,19.13,77.66392388127201,92.33,86.59
2024-01-17 01:00:00,15.93,75.39927882095986,90.12,83.33
2024-01-17 02:00:00,6.0,72.23467353515514,87.01,80.94
2024-01-17 03:00:00,4.9,70.96999126433124,85.8,78.65
2024-01-17 04:00:00,4.95,70.11529400455782,85.0,78.35
2024-01-17 05:00:00,5.0,71.36051192138255,86.3,80.37
2024-01-17 06:00:00,16.7,80.00542471516259,95.0,89.0
2024-01-17 07:00:00,44.2,88.8903287227982,103.94,101.0
2024-01-17 08:00:00,45.5,106.29487704433258,121.4,127.07
2024-01-17 09:00:00,45.15,98.23047967244162,113.39,120.18
2024-01-17 10:00:00,44.8,90.1660793661308,105.38,99.28
2024-01-17 11:00:00,34.52,87.70144585895146,102.97,91.69
2024-01-17 12:00:00,17.29,84.6668363670209,99.99,93.0
2024-01-17 13:00:00,12.99,83.12216546814209,98.5,82.41
2024-01-17 14:00:00,5.1,79.3275889815366,94.76,84.99
2024-01-17 15:00:00,5.0,79.24285996566408,94.73,90.1
2024-01-17 16:00:00,18.38,83.8279387242096,99.37,95.82
2024-01-17 17:00:00,43.5,87.1030732655816,102.7,100.0
2024-01-17 18:00:00,45.4,95.63798973169254,111.29,112.85
2024-01-17 19:00:00,49.1,105.6928415261118,121.4,113.9
2024-01-17 20:00:00,54.88,104.23816782959187,120.0,107.58
2024-01-17 21:00:00,46.8,91.8939430928422,107.71,100.0
2024-01-17 22:00:00,43.37,85.44947175550783,101.32,97.21
2024-01-17 23:00:00,18.03,76.7550941780341,92.68,91.0
2024-01-18 00:00:00,3.2,8.393672289384048,91.75,19.13
2024-01-18 01:00:00,2.44,2.7691687337160142,86.18,15.93
2024-01-18 02:00:00,1.68,-1.3653958069108334,82.1,6.0
2024-01-18 03:00:00,0.43,-3.5200410773681896,80.0,4.9
2024-01-18 04:00:00,0.99,-3.974755046668416,79.6,4.95
2024-01-18 05:00:00,3.2,-2.529545686012275,81.1,5.0
2024-01-18 06:00:00,16.65,2.2255286515983617,85.91,16.7
2024-01-18 07:00:00,30.1,18.310133483415854,102.05,44.2
2024-01-18 08:00:00,47.19,30.04491696319039,113.84,45.5
2024-01-18 09:00:00,55.77,26.15034512821389,110.0,45.15
2024-01-18 10:00:00,45.27,13.726123796378712,97.63,44.8
2024-01-18 11:00:00,43.66,2.2218634770104844,86.18,34.52
2024-01-18 12:00:00,39.19,-0.1227757160732228,83.89,17.29
2024-01-18 13:00:00,35.0,-1.88743648756602,82.18,89.42
2024-01-18 14:00:00,35.3,-1.1221996481736916,83.0,90.0
2024-01-18 15:00:00,45.4,0.8229915044059579,85.0,88.0
2024-01-18 16:00:00,62.17,13.397744377906264,97.63,84.88
2024-01-18 17:00:00,96.02,34.21215596174205,118.5,88.0
2024-01-18 18:00:00,103.71,44.586998516763565,128.93,89.02
2024-01-18 19:00:00,99.6,47.91212842708615,132.31,99.49
2024-01-18 20:00:00,105.34,33.4779909882738,117.93,99.78
2024-01-18 21:00:00,98.84,23.823652245649683,108.33,88.75
2024-01-18 22:00:00,92.14,15.439260450645238,100.0,75.99
2024-01-18 23:00:00,73.61,8.644803390082078,93.26,60.0
2024-01-19 00:00:00,71.82,43.62310215742803,88.98,3.2
2024-01-19 01:00:00,67.44,41.03847296227796,86.45,2.44
2024-01-19 02:00:00,67.17,39.52380057652919,84.99,1.68
2024-01-19 03:00:00,60.0,37.47915147939703,83.0,0.43
2024-01-19 04:00:00,54.79,37.56441542762012,83.14,0.99
2024-01-19 05:00:00,50.0,39.36960976096596,85.0,3.2
2024-01-19 06:00:00,60.0,43.31471717611269,89.0,16.65
2024-01-19 07:00:00,74.4,57.02941960521007,102.77,30.1
2024-01-19 08:00:00,82.32,67.4842555662826,113.28,47.19
2024-01-19 09:00:00,87.33,59.14986861613612,105.0,55.77
2024-01-19 10:00:00,81.0,54.09534302394543,100.0,45.27
2024-01-19 11:00:00,78.0,48.62083453738176,94.58,43.66
2024-01-19 12:00:00,78.74,45.98620881550506,92.0,39.19
2024-01-19 13:00:00,70.83,45.711486295050896,91.78,12.99
2024-01-19 14:00:00,61.13,43.97682599686407,90.1,5.1
2024-01-19 15:00:00,60.14,45.832018662326576,92.01,5.0
2024-01-19 16:00:00,63.0,54.7469200041222,100.98,18.38
2024-01-19 17:00:00,69.18,60.81194075058495,107.1,43.5
2024-01-19 18:00:00,80.5,79.65642887560439,126.0,45.4
2024-01-19 19:00:00,84.2,73.07196936882696,119.47,49.1
2024-01-19 20:00:00,82.88,63.54762814341272,110.0,54.88
2024-01-19 21:00:00,80.5,55.75321373341886,102.26,46.8
2024-01-19 22:00:00,74.4,51.43865488611163,98.0,43.37
2024-01-19 23:00:00,61.0,48.87402366724145,95.49,18.03
2024-01-20 00:00:00,73.75,76.0833879279022,90.0,71.82
2024-01-20 01:00:00,63.92,73.50875750630553,87.48,67.44
2024-01-20 02:00:00,63.81,67.97425043737721,82.0,67.17
2024-01-20 03:00:00,63.74,64.38966312584837,78.47,60.0
2024-01-20 04:00:00,63.68,60.865074793269486,75.0,54.79
2024-01-20 05:00:00,66.1,62.46027558329548,76.65,50.0
2024-01-20 06:00:00,70.3,64.05547819824352,78.3,60.0
2024-01-20 07:00:00,75.93,71.29044762708895,85.59,74.4
2024-01-20 08:00:00,84.09,78.35542376082702,92.71,82.32
2024-01-20 09:00:00,88.31,80.42060555858731,94.83,87.33
2024-01-20 10:00:00,82.85,76.46603480452522,90.93,81.0
2024-01-20 11:00:00,76.64,68.87161345804377,83.39,78.0
2024-01-20 12:00:00,74.65,59.38727080076324,73.96,78.74
2024-01-20 13:00:00,69.84,56.82264286451385,71.45,35.0
2024-01-20 14:00:00,73.41,59.82778664097061,74.51,35.3
2024-01-20 15:00:00,79.21,65.66281560587376,80.4,45.4
2024-01-20 16:00:00,87.97,76.43764085288169,91.23,62.17
2024-01-20 17:00:00,95.07,84.45258055559513,99.3,96.02
2024-01-20 18:00:00,99.94,93.087492331377,107.99,103.71
2024-01-20 19:00:00,99.58,88.18296367105033,103.14,99.6
2024-01-20 20:00:00,99.94,84.98836172893527,100.0,105.34
2024-01-20 21:00:00,99.58,82.54372748454458,97.61,98.84
2024-01-20 22:00:00,94.46,77.9991797829672,93.12,92.14
2024-01-20 23:00:00,85.78,74.8245747730648,90.0,73.61
2024-01-21 00:00:00,69.07,86.13280415424332,86.1,73.75
2024-01-21 01:00:00,59.11,82.75820714906236,82.78,63.92
2024-01-21 02:00:00,58.2,78.58364329762848,78.66,63.81
2024-01-21 03:00:00,57.57,72.3991632928009,72.53,63.74
2024-01-21 04:00:00,57.5,69.15456223971404,69.34,63.68
2024-01-21 05:00:00,58.0,68.88983890284295,69.13,66.1
2024-01-21 06:00:00,58.5,69.41508415967527,69.71,70.3
2024-01-21 07:00:00,59.0,72.60021987950843,72.95,75.93
2024-01-21 08:00:00,60.1,77.49528455304227,77.9,84.09
2024-01-21 09:00:00,59.0,78.99048919644234,79.45,88.31
2024-01-21 10:00:00,58.64,74.17595429365524,74.69,82.85
2024-01-21 11:00:00,56.8,68.43145724705434,69.0,76.64
2024-01-21 12:00:00,56.36,67.17677391459314,67.8,74.65
2024-01-21 13:00:00,47.42,64.72214107589907,65.4,70.83
2024-01-21 14:00:00,52.67,62.367505037084086,63.1,61.13
2024-01-21 15:00:00,53.75,61.51280832746397,62.3,60.14
2024-01-21 16:00:00,56.89,64.28796302599307,65.13,63.0
2024-01-21 17:00:00,64.89,71.94291702988502,72.84,69.18
2024-01-21 18:00:00,83.98,85.22763747934921,86.18,80.5
2024-01-21 19:00:00,93.52,91.00266777568854,92.01,84.2
2024-01-21 20:00:00,95.62,84.96818572343678,86.03,82.88
2024-01-21 21:00:00,94.52,83.37351722283279,84.49,80.5
2024-01-21 22:00:00,76.83,81.79884661655774,82.97,74.4
2024-01-21 23:00:00,59.2,71.29454649001727,72.52,61.0
2024-01-22 00:00:00,47.0,65.6028833804392,77.7,69.07
2024-01-22 01:00:00,41.8,54.8485935905632,67.0,59.11
2024-01-22 02:00:00,35.0,52.78394332981197,64.99,58.2
2024-01-22 03:00:00,25.0,49.7793337824222,62.04,57.57
2024-01-22 04:00:00,28.1,49.78460127460067,62.1,57.5
2024-01-22 05:00:00,40.0,52.72974911663479,65.1,58.0
2024-01-22 06:00:00,49.01,56.7048569468789,69.13,58.5
2024-01-22 07:00:00,75.0,74.25940235029844,86.74,59.0
2024-01-22 08:00:00,92.69,86.98414728464525,99.52,60.1
2024-01-22 09:00:00,86.66,87.73938588399166,100.33,59.0
2024-01-22 10:00:00,71.08,82.27487949697104,94.92,58.64
2024-01-22 11:00:00,61.99,77.60033861826751,90.3,56.8
2024-01-22 12:00:00,57.67,72.94579688394194,85.7,56.36
2024-01-22 13:00:00,58.48,69.60120203078803,82.41,69.84
2024-01-22 14:00:00,59.87,72.12636539807977,84.99,73.41
2024-01-22 15:00:00,59.99,77.18142556217992,90.1,79.21
2024-01-22 16:00:00,66.07,82.84646146606495,95.82,87.97
2024-01-22 17:00:00,79.09,86.97156182566604,100.0,95.07
2024-01-22 18:00:00,98.18,99.76630112062956,112.85,99.94
2024-01-22 19:00:00,104.91,100.76152787798289,113.9,99.58
2024-01-22 20:00:00,119.0,94.38705747781412,107.58,99.94
2024-01-22 21:00:00,103.21,86.7526375631966,100.0,99.58
2024-01-22 22:00:00,94.27,83.90801807119867,97.21,94.46
2024-01-22 23:00:00,75.93,77.64354063534017,91.0,85.78
2024-01-23 00:00:00,61.1,57.90327821619434,86.59,47.0
2024-01-23 01:00:00,59.0,54.58867946837198,83.33,41.8
2024-01-23 02:00:00,58.5,52.14404564650319,80.94,35.0
2024-01-23 03:00:00,59.87,49.79940908133221,78.65,25.0
2024-01-23 04:00:00,58.5,49.44469181818627,78.35,28.1
2024-01-23 05:00:00,62.02,51.4098808147936,80.37,40.0
2024-01-23 06:00:00,65.55,59.984797961638,89.0,49.01
2024-01-23 07:00:00,90.1,71.92957688794999,101.0,75.0
2024-01-23 08:00:00,97.5,97.94376916061292,127.07,92.69
2024-01-23 09:00:00,91.86,90.99932464927303,120.18,86.66
2024-01-23 10:00:00,81.0,70.04545704924264,99.28,71.08
2024-01-23 11:00:00,66.65,62.40103606655277,91.69,61.99
2024-01-23 12:00:00,61.91,63.65624700938557,93.0,57.67
2024-01-23 13:00:00,61.03,60.02166234351867,89.42,47.42
2024-01-23 14:00:00,62.01,60.54690551449626,90.0,52.67
2024-01-23 15:00:00,64.0,58.49225635426296,88.0,53.75
2024-01-23 16:00:00,66.62,55.31765442760274,84.88,56.89
2024-01-23 17:00:00,84.0,58.38279425337753,88.0,64.89
2024-01-23 18:00:00,96.98,59.34802204999684,89.02,83.98
2024-01-23 19:00:00,115.0,69.76285629822513,99.49,93.52
2024-01-23 20:00:00,129.01,69.99810992552176,99.78,95.62
2024-01-23 21:00:00,106.76,58.91382872166469,88.75,94.52
2024-01-23 22:00:00,92.5,46.09961470245696,75.99,76.83
2024-01-23 23:00:00,84.51,30.0555309261374,60.0,59.2
2024-01-24 00:00:00,86.0,-12.613671798971994,19.13,61.1
2024-01-24 01:00:00,78.93,-15.86828363764305,15.93,59.0
2024-01-24 02:00:00,73.73,-25.85261056448341,6.0,58.5
2024-01-24 03:00:00,71.69,-27.007300027509054,4.9,59.87
2024-01-24 04:00:00,70.94,-27.01203326025345,4.95,58.5
2024-01-24 05:00:00,71.69,-27.016762455062697,5.0,62.02
2024-01-24 06:00:00,80.19,-15.371971530867157,16.7,65.55
2024-01-24 07:00:00,93.18,12.072164075839288,44.2,90.1
2024-01-24 08:00:00,101.5,13.317385073113382,45.5,97.5
2024-01-24 09:00:00,89.02,12.912670101316284,45.15,91.86
2024-01-24 10:00:00,70.69,12.50795121584152,44.8,81.0
2024-01-24 11:00:00,61.8,2.173641397147943,34.52,66.65
2024-01-24 12:00:00,59.87,-15.110380989266758,17.29,61.91
2024-01-24 13:00:00,58.2,-19.464939076975988,12.99,58.48
2024-01-24 14:00:00,59.35,-27.40934463371108,5.1,59.87
2024-01-24 15:00:00,60.5,-27.5640690687653,5.0,59.99
2024-01-24 16:00:00,64.0,-14.239348447375775,18.38,66.07
2024-01-24 17:00:00,88.61,10.824886221265889,43.5,79.09
2024-01-24 18:00:00,94.94,12.67008349284106,45.4,98.18
2024-01-24 19:00:00,150.41,16.31520265972502,49.1,104.91
2024-01-24 20:00:00,152.17,22.040231886499683,54.88,119.0
2024-01-24 21:00:00,103.0,13.905832787224035,46.8,103.21
2024-01-24 22:00:00,88.04,10.421236147930884,43.37,94.27
2024-01-24 23:00:00,74.86,-14.972452827485183,18.03,75.93
2024-01-25 00:00:00,64.97,45.12383782357312,3.2,86.0
2024-01-25 01:00:00,60.53,44.30913237700312,2.44,78.93
2024-01-25 02:00:00,60.0,43.49443019122683,1.68,73.73
2024-01-25 03:00:00,55.36,42.18975077103598,0.43,71.69
2024-01-25 04:00:00,57.26,42.69499868935483,0.99,70.94
2024-01-25 05:00:00,63.29,44.85018130484693,3.2,71.69
2024-01-25 06:00:00,72.45,58.244900166287856,16.65,80.19
2024-01-25 07:00:00,83.5,71.63962079848653,30.1,93.18
2024-01-25 08:00:00,95.53,88.67418923310498,47.19,101.5
2024-01-25 09:00:00,89.84,97.19910739774669,55.77,89.02
2024-01-25 10:00:00,74.71,86.6448140276512,45.27,70.69
2024-01-25 11:00:00,65.01,84.98014922276387,43.66,61.8
2024-01-25 12:00:00,64.97,80.4556033021378,39.19,59.87
2024-01-25 13:00:00,64.98,76.21104737718852,35.0,61.03
2024-01-25 14:00:00,65.0,76.45630856473853,35.3,62.01
2024-01-25 15:00:00,61.85,86.50116747486294,45.4,64.0
2024-01-25 16:00:00,67.67,103.21575370165272,62.17,66.62
2024-01-25 17:00:00,75.59,137.00963095267568,96.02,84.0
2024-01-25 18:00:00,94.72,144.6445908466616,103.71,96.98
2024-01-25 19:00:00,113.0,140.48003551587124,99.6,115.0
2024-01-25 20:00:00,135.36,146.16506682038835,105.34,129.01
2024-01-25 21:00:00,103.01,139.6106029700871,98.84,106.76
2024-01-25 22:00:00,80.95,132.856144060182,92.14,92.5
2024-01-25 23:00:00,73.58,114.27217547735422,73.61,84.51
2024-01-26 00:00:00,63.37,96.94195106969094,71.82,64.97
2024-01-26 01:00:00,65.0,92.50739724530386,67.44,60.53
2024-01-26 02:00:00,63.86,92.18267337306835,67.17,60.0
2024-01-26 03:00:00,63.17,84.95823664033516,60.0,55.36
2024-01-26 04:00:00,62.48,79.69371972662547,54.79,57.26
2024-01-26 05:00:00,63.86,74.84918842197985,50.0,63.29
2024-01-26 06:00:00,69.57,84.79404646418651,60.0,72.45
2024-01-26 07:00:00,80.02,99.13872381634336,74.4,83.5
2024-01-26 08:00:00,115.0,107.00366954810904,82.32,95.53
2024-01-26 09:00:00,77.3,111.9587333402324,87.33,89.84
2024-01-26 10:00:00,66.19,105.57426533182444,81.0,74.71
2024-01-26 11:00:00,62.39,102.51965724194385,78.0,65.01
2024-01-26 12:00:00,55.78,103.2048927099731,78.74,64.97
2024-01-26 13:00:00,50.7,95.2404865298738,70.83,58.2
2024-01-26 14:00:00,53.61,85.4861550555589,61.13,59.35
2024-01-26 15:00:00,55.52,84.44146399146756,60.14,60.5
2024-01-26 16:00:00,63.38,87.24661586853395,63.0,64.0
2024-01-26 17:00:00,73.74,93.37163203961852,69.18,88.61
2024-01-26 18:00:00,89.62,104.63643518898236,80.5,94.94
2024-01-26 19:00:00,96.8,108.28155336483634,84.2,150.41
2024-01-26 20:00:00,111.07,106.90687755420208,82.88,152.17
2024-01-26 21:00:00,93.0,104.4722434910815,80.5,103.0
2024-01-26 22:00:00,74.98,98.31776237241992,74.4,88.04
2024-01-26 23:00:00,70.45,84.86358494804927,61.0,74.86
2024-01-27 00:00:00,64.97,50.13351017713776,73.75,63.37
2024-01-27 01:00:00,61.06,40.24918609673597,63.92,65.0
2024-01-27 02:00:00,59.05,40.08445848729456,63.81,63.86
2024-01-27 03:00:00,55.9,39.95973036218668,63.74,63.17
2024-01-27 04:00:00,56.56,39.845002958187294,63.68,62.48
2024-01-27 05:00:00,57.22,42.21017381595933,66.1,63.86
2024-01-27 06:00:00,59.36,46.35527193183253,70.3,69.57
2024-01-27 07:00:00,66.19,51.93031134258531,75.93,80.02
2024-01-27 08:00:00,78.09,60.03524521711682,84.09,115.0
2024-01-27 09:00:00,73.4,64.20034077995481,88.31,77.3
2024-01-27 10:00:00,62.01,58.685835954012944,82.85,66.19
2024-01-27 11:00:00,54.4,52.42136097885175,76.64,62.39
2024-01-27 12:00:00,47.0,50.37671096197616,74.65,55.78
2024-01-27 13:00:00,47.7,45.5121796055949,69.84,64.98
2024-01-27 14:00:00,47.5,49.02730239802102,73.41,65.0
2024-01-27 15:00:00,47.0,54.772334799219,79.21,61.85
2024-01-27 16:00:00,55.2,63.47724533843101,87.97,67.67
2024-01-27 17:00:00,74.43,70.52222454449466,95.07,75.59
2024-01-27 18:00:00,95.97,75.3372948396131,99.94,94.72
2024-01-27 19:00:00,92.51,74.92258038996182,99.58,113.0
2024-01-27 20:00:00,92.53,75.22783404741004,99.94,135.36
2024-01-27 21:00:00,89.5,74.81311543947332,99.58,103.01
2024-01-27 22:00:00,75.97,69.6385919452755,94.46,80.95
2024-01-27 23:00:00,72.7,60.9042137597716,85.78,73.58
2024-01-28 00:00:00,62.03,40.76353672779176,69.07,64.97
2024-01-28 01:00:00,58.2,30.749212044127447,59.11,61.06
2024-01-28 02:00:00,52.9,29.78451412186115,58.2,59.05
2024-01-28 03:00:00,47.21,29.099806804621604,57.57,55.9
2024-01-28 04:00:00,44.0,28.975077554839235,57.5,56.56
2024-01-28 05:00:00,43.2,29.42032541816463,58.0,57.22
2024-01-28 06:00:00,47.05,29.86557369062864,58.5,59.36
2024-01-28 07:00:00,51.4,30.310822096577045,59.0,66.19
2024-01-28 08:00:00,55.29,31.356045409696574,60.1,78.09
2024-01-28 09:00:00,55.1,30.201359751792804,59.0,73.4
2024-01-28 10:00:00,42.0,29.786642934214257,58.64,62.01
2024-01-28 11:00:00,37.0,27.89198729743245,56.8,54.4
2024-01-28 12:00:00,42.0,27.39727320500335,56.36,47.0
2024-01-28 13:00:00,39.93,18.40291292452954,47.42,50.7
2024-01-28 14:00:00,40.09,23.597964874729566,52.67,53.61
2024-01-28 15:00:00,38.03,24.623192159940725,53.75,55.52
2024-01-28 16:00:00,43.12,27.70833593214512,56.89,63.38
2024-01-28 17:00:00,60.8,35.653280219028936,64.89,73.74
2024-01-28 18:00:00,71.14,54.68776464404634,83.98,89.62
2024-01-28 19:00:00,71.55,64.1726435915121,93.52,96.8
2024-01-28 20:00:00,69.87,66.21782700057197,95.62,111.07
2024-01-28 21:00:00,63.11,65.063137750252,94.52,93.0
2024-01-28 22:00:00,60.34,47.3191327445652,76.83,74.98
2024-01-28 23:00:00,56.0,29.63512293745094,59.2,70.45
2024-01-29 00:00:00,49.97,31.98366155768312,47.0,62.03
2024-01-29 01:00:00,47.26,26.729138401882764,41.8,58.2
2024-01-29 02:00:00,48.12,19.874683985596377,35.0,52.9
2024-01-29 03:00:00,47.97,9.82036577499355,25.0,47.21
2024-01-29 04:00:00,51.58,12.865508213571491,28.1,44.0
2024-01-29 05:00:00,60.06,24.710289940239303,40.0,43.2
2024-01-29 06:00:00,80.66,33.665195338234334,49.01,47.05
2024-01-29 07:00:00,88.7,59.59939630819514,75.0,51.4
2024-01-29 08:00:00,99.26,77.23393854925426,92.69,55.29
2024-01-29 09:00:00,88.39,71.14945940523643,86.66,55.1
2024-01-29 10:00:00,78.9,55.51537190046657,71.08,42.0
2024-01-29 11:00:00,71.27,46.37101371737896,61.99,37.0
2024-01-29 12:00:00,70.24,41.99645903261774,57.67,42.0
2024-01-29 13:00:00,73.81,42.75169359280358,58.48,47.7
2024-01-29 14:00:00,78.03,44.08690625256644,59.87,47.5
2024-01-29 15:00:00,78.78,44.15217402770077,59.99,47.0
2024-01-29 16:00:00,82.87,50.17719716688981,66.07,55.2
2024-01-29 17:00:00,89.86,63.14193473454059,79.09,74.43
2024-01-29 18:00:00,110.0,82.17642056773013,98.18,95.97
2024-01-29 19:00:00,107.52,88.8514175758675,104.91,92.51
2024-01-29 20:00:00,108.5,102.88610365657868,119.0,92.53
2024-01-29 21:00:00,92.18,87.04202500530442,103.21,89.5
2024-01-29 22:00:00,87.0,78.04765694956139,94.27,75.97
2024-01-29 23:00:00,80.29,59.6536776191959,75.93,72.7
2024-01-30 00:00:00,71.94,72.76721662960279,61.1,49.97
2024-01-30 01:00:00,68.64,70.80114458307894,59.0,47.26
2024-01-30 02:00:00,69.37,69.46248481997519,58.5,48.12
2024-01-30 03:00:00,65.1,69.20146366128078,59.87,47.97
2024-01-30 04:00:00,64.0,68.43860700208995,58.5,51.58
2024-01-30 05:00:00,69.37,70.97286825343481,62.02,60.06
2024-01-30 06:00:00,79.02,77.15666432548522,65.55,80.66
2024-01-30 07:00:00,91.04,93.43454593488572,90.1,88.7
2024-01-30 08:00:00,95.95,110.222991499896,97.5,99.26
2024-01-30 09:00:00,88.7,104.77886500200226,91.86,88.39
2024-01-30 10:00:00,77.15,89.73999484395716,81.0,78.9
2024-01-30 11:00:00,70.1,80.30240905445051,66.65,71.27
2024-01-30 12:00:00,68.1,78.99337784416859,61.91,70.24
2024-01-30 13:00:00,68.23,77.13794419534884,61.03,39.93
2024-01-30 14:00:00,71.93,78.03651139233088,62.01,40.09
2024-01-30 15:00:00,71.95,79.30607032651719,64.0,38.03
2024-01-30 16:00:00,78.89,80.62783947632938,66.62,43.12
2024-01-30 17:00:00,88.83,91.25048579940228,84.0,60.8
2024-01-30 18:00:00,99.76,97.0969615965451,96.98,71.14
2024-01-30 19:00:00,107.0,109.49467210294084,115.0,71.55
2024-01-30 20:00:00,123.22,116.887150476895,129.01,69.87
2024-01-30 21:00:00,95.06,100.3577986102201,106.76,63.11
2024-01-30 22:00:00,88.7,86.31280692445146,92.5,60.34
2024-01-30 23:00:00,78.78,75.31568391082716,84.51,56.0
2024-01-31 00:00:00,74.09,93.24525246195996,86.0,71.94
2024-01-31 01:00:00,71.48,86.26365550358337,78.93,68.64
2024-01-31 02:00:00,70.89,81.15201795446498,73.73,69.37
2024-01-31 03:00:00,69.82,79.20020307523255,71.69,65.1
2024-01-31 04:00:00,69.25,78.53832644067357,70.94,64.0
2024-01-31 05:00:00,74.01,79.37634661999806,71.69,69.37
2024-01-31 06:00:00,84.44,87.96399139529171,80.19,79.02
2024-01-31 07:00:00,93.29,101.04139179577194,93.18,91.04
2024-01-31 08:00:00,120.23,109.44908111823594,101.5,95.95
2024-01-31 09:00:00,93.23,97.05777441663692,89.02,88.7
2024-01-31 10:00:00,82.98,78.81678971776309,70.69,77.15
2024-01-31 11:00:00,72.19,70.01534307847702,61.8,70.1
2024-01-31 12:00:00,70.01,68.17353882745161,59.87,68.1
2024-01-31 13:00:00,66.5,66.59169430272229,58.2,73.81
2024-01-31 14:00:00,65.8,67.82971406658926,59.35,78.03
2024-01-31 15:00:00,64.95,69.06776000466222,60.5,78.78
2024-01-31 16:00:00,66.26,72.65554188231904,64.0,82.87
2024-01-31 17:00:00,77.0,97.35254332924248,88.61,89.86
2024-01-31 18:00:00,91.0,103.76997705706432,94.94,110.0
2024-01-31 19:00:00,119.47,159.32548017055143,150.41,107.52
2024-01-31 20:00:00,168.35,161.17342828388155,152.17,108.5
2024-01-31 21:00:00,94.54,112.09386079483532,103.0,92.18
2024-01-31 22:00:00,85.0,97.22287920660706,88.04,87.0
2024-01-31 23:00:00,77.52,84.1315963765099,74.86,80.29
2024-02-01 00:00:00,69.0,76.1662383560703,64.97,74.09
2024-02-01 01:00:00,60.44,71.81453985981368,60.53,71.48
2024-02-01 02:00:00,55.1,71.37267882268189,60.0,70.89
2024-02-01 03:00:00,54.6,66.82096194591554,55.36,69.82
2024-02-01 04:00:00,53.47,68.8089596187198,57.26,69.25
2024-02-01 05:00:00,59.82,74.92671589075843,63.29,74.01
2024-02-01 06:00:00,72.42,84.17432361706908,72.45,84.44
2024-02-01 07:00:00,88.76,95.3118054957473,83.5,93.29
2024-02-01 08:00:00,95.76,107.4293085488568,95.53,120.23
2024-02-01 09:00:00,88.77,101.82765712706184,89.84,93.23
2024-02-01 10:00:00,62.8,86.7865080781174,74.71,82.98
2024-02-01 11:00:00,55.98,77.17508364109368,65.01,72.19
2024-02-01 12:00:00,54.44,77.22319440199661,64.97,70.01
2024-02-01 13:00:00,54.0,77.32125611198097,64.98,68.23
2024-02-01 14:00:00,54.44,77.42936001324335,65.0,71.93
2024-02-01 15:00:00,54.6,74.36755540091015,61.85,71.95
2024-02-01 16:00:00,60.44,80.27537476561145,67.67,78.89
2024-02-01 17:00:00,76.0,88.2829825661879,75.59,88.83
2024-02-01 18:00:00,101.89,107.50013029487634,94.72,99.76
2024-02-01 19:00:00,99.05,125.86715050686531,113.0,107.0
2024-02-01 20:00:00,94.0,148.31428399200894,135.36,123.22
2024-02-01 21:00:00,83.66,116.0538339860665,103.01,95.06
2024-02-01 22:00:00,82.13,94.08311311915716,80.95,88.7
2024-02-01 23:00:00,71.19,86.80162400620527,73.58,78.78
2024-02-02 00:00:00,62.95,53.89650027537594,63.37,69.0
2024-02-02 01:00:00,60.05,55.61455323388138,65.0,60.44
2024-02-02 02:00:00,58.0,54.56266411664068,63.86,55.1
2024-02-02 03:00:00,54.69,53.96078847524005,63.17,54.6
2024-02-02 04:00:00,52.41,53.35890218773093,62.48,53.47
2024-02-02 05:00:00,55.0,54.82688715191962,63.86,59.82
2024-02-02 06:00:00,61.0,60.62472267123425,69.57,72.42
2024-02-02 07:00:00,80.34,71.16207953127426,80.02,88.76
2024-02-02 08:00:00,90.75,106.22870566078808,115.0,95.76
2024-02-02 09:00:00,83.98,68.61837811027797,77.3,88.77
2024-02-02 10:00:00,61.42,57.59720403851881,66.19,62.8
2024-02-02 11:00:00,54.0,53.88545457672977,62.39,55.98
2024-02-02 12:00:00,54.75,47.36388656549475,55.78,54.44
2024-02-02 13:00:00,55.5,42.37220387973265,50.7,66.5
2024-02-02 14:00:00,53.3,45.37016877951362,53.61,65.8
2024-02-02 15:00:00,55.91,47.36811166561887,55.52,64.95
2024-02-02 16:00:00,55.5,55.31580701123982,63.38,66.26
2024-02-02 17:00:00,70.95,65.76330548737431,73.74,77.0
2024-02-02 18:00:00,80.16,81.73062374693313,89.62,91.0
2024-02-02 19:00:00,83.83,88.99822403124975,96.8,119.47
2024-02-02 20:00:00,83.98,103.35570655710218,111.07,168.35
2024-02-02 21:00:00,76.46,85.37461794532565,93.0,94.54
2024-02-02 22:00:00,68.44,67.44363390838164,74.98,85.0
2024-02-02 23:00:00,55.0,63.001990298976736,70.45,77.52
2024-02-03 00:00:00,56.44,64.996042418098,64.97,62.95
2024-02-03 01:00:00,52.71,61.17432703861167,61.06,60.05
2024-02-03 02:00:00,51.18,59.25252358205805,59.05,58.0
2024-02-03 03:00:00,50.83,56.19074776227655,55.9,54.69
2024-02-03 04:00:00,51.16,56.938808759176325,56.56,52.41
2024-02-03 05:00:00,52.57,57.68684411512344,57.22,55.0
2024-02-03 06:00:00,53.5,59.91481187032012,59.36,61.0
2024-02-03 07:00:00,56.8,66.83251183404917,66.19,80.34
2024-02-03 08:00:00,63.0,78.82003134558524,78.09,90.75
2024-02-03 09:00:00,59.1,74.21832062662781,73.4,83.98
2024-02-03 10:00:00,53.28,62.91697666010298,62.01,61.42
2024-02-03 11:00:00,45.27,55.39547858608432,54.4,54.0
2024-02-03 12:00:00,41.58,48.083911370145216,47.0,54.75
2024-02-03 13:00:00,39.81,48.8719850328858,47.7,54.0
2024-02-03 14:00:00,41.76,48.76006934777081,47.5,54.44
2024-02-03 15:00:00,46.44,48.34815450654911,47.0,54.6
2024-02-03 16:00:00,53.0,56.63580622411263,55.2,60.44
2024-02-03 17:00:00,64.87,75.95286702506866,74.43,76.0
2024-02-03 18:00:00,81.43,97.5799098260052,95.97,101.89
2024-02-03 19:00:00,87.76,94.20806769851605,92.51,99.05
2024-02-03 20:00:00,95.68,94.31618138294586,92.53,94.0
2024-02-03 21:00:00,92.71,91.37444870569534,89.5,83.66
2024-02-03 22:00:00,86.11,77.93315720775921,75.97,82.13
2024-02-03 23:00:00,70.79,74.75149106648946,72.7,71.19
2024-02-04 00:00:00,66.62,57.66576453797016,62.03,56.44
2024-02-04 01:00:00,64.78,53.92408737239321,58.2,52.71
2024-02-04 02:00:00,64.91,48.71243000310214,52.9,51.18
2024-02-04 03:00:00,63.92,43.1108036865301,47.21,50.83
2024-02-04 04:00:00,61.75,39.98905487894707,44.0,51.16
2024-02-04 05:00:00,60.88,39.27716562706324,43.2,52.57
2024-02-04 06:00:00,60.0,43.21505478540911,47.05,53.5
2024-02-04 07:00:00,59.8,47.65290454513916,51.4,56.8
2024-02-04 08:00:00,63.92,51.63077646018802,55.29,63.0
2024-02-04 09:00:00,53.0,51.52890265429188,55.1,59.1
2024-02-04 10:00:00,44.7,38.5176111444702,42.0,53.28
2024-02-04 11:00:00,40.0,33.60594931426012,37.0,45.27
2024-02-04 12:00:00,34.28,38.693818223854194,42.0,41.58
2024-02-04 13:00:00,35.65,36.711960204069655,39.93,55.5
2024-02-04 14:00:00,35.0,36.96006089282386,40.09,53.3
2024-02-04 15:00:00,32.0,34.98822360751665,38.03,55.91
2024-02-04 16:00:00,43.35,40.1660149672376,43.12,55.5
2024-02-04 17:00:00,54.93,57.933217557826296,60.8,70.95
2024-02-04 18:00:00,77.5,68.36075153323424,71.14,80.16
2024-02-04 19:00:00,89.0,68.85878470952272,71.55,83.83
2024-02-04 20:00:00,129.81,67.2669754353935,69.87,83.98
2024-02-04 21:00:00,119.77,60.59537433944829,63.11,76.46
2024-02-04 22:00:00,82.94,57.91362215519261,60.34,68.44
2024-02-04 23:00:00,75.0,53.661924500973335,56.0,55.0
2024-02-05 00:00:00,71.66,43.30615511042862,49.97,66.62
2024-02-05 01:00:00,73.0,40.68437297733222,47.26,64.78
2024-02-05 02:00:00,69.1,41.6324240033892,48.12,64.91
2024-02-05 03:00:00,67.87,41.57048919782388,47.97,63.92
2024-02-05 04:00:00,68.82,45.2683971917946,51.58,61.75
2024-02-05 05:00:00,69.78,53.83598027741234,60.06,60.88
2024-02-05 06:00:00,73.22,74.52307656160706,80.66,60.0
2024-02-05 07:00:00,83.15,82.65063851641507,88.7,59.8
2024-02-05 08:00:00,98.59,93.29827237580788,99.26,63.92
2024-02-05 09:00:00,87.36,82.51682812693893,88.39,53.0
2024-02-05 10:00:00,76.68,73.11543801435583,78.9,44.7
2024-02-05 11:00:00,69.74,65.57389316355645,71.27,40.0
2024-02-05 12:00:00,60.0,64.63203732005636,70.24,34.28
2024-02-05 13:00:00,50.0,68.28992894259378,73.81,39.81
2024-02-05 14:00:00,51.0,72.59780422406521,78.03,41.76
2024-02-05 15:00:00,59.71,73.43581366425776,78.78,46.44
2024-02-05 16:00:00,68.8,77.61370938147843,82.87,53.0
2024-02-05 17:00:00,76.44,84.69134714148208,89.86,64.87
2024-02-05 18:00:00,89.13,104.91851160842378,110.0,81.43
2024-02-05 19:00:00,129.47,102.52658397077847,107.52,87.76
2024-02-05 20:00:00,181.26,103.59473337360856,108.5,95.68
2024-02-05 21:00:00,111.36,87.36354810394555,92.18,92.71
2024-02-05 22:00:00,81.06,82.27196749037888,87.0,86.11
2024-02-05 23:00:00,75.75,75.65038076762137,80.29,70.79
2024-02-06 00:00:00,74.5,62.75625671866032,71.94,71.66
2024-02-06 01:00:00,75.0,59.54450483473016,68.64,73.0
2024-02-06 02:00:00,70.75,60.36257441286101,69.37,69.1
2024-02-06 03:00:00,68.88,56.180850589182185,65.1,67.87
2024-02-06 04:00:00,65.1,55.16898550997821,64.0,68.82
2024-02-06 05:00:00,68.88,60.62678876600926,69.37,69.78
2024-02-06 06:00:00,74.5,70.36435799810317,79.02,73.22
2024-02-06 07:00:00,82.06,82.47182523776137,91.04,83.15
2024-02-06 08:00:00,121.06,87.46965687473848,95.95,98.59
2024-02-06 09:00:00,96.06,80.30809951959966,88.7,87.36
2024-02-06 10:00:00,79.61,68.84676924324063,77.15,76.68
2024-02-06 11:00:00,72.48,61.885217566948725,70.1,69.74
2024-02-06 12:00:00,71.0,59.97341262565018,68.1,60.0
2024-02-06 13:00:00,56.47,60.19146810526785,68.23,35.65
2024-02-06 14:00:00,51.5,63.97938593458221,71.93,35.0
2024-02-06 15:00:00,56.44,64.0874223029823,71.95,32.0
2024-02-06 16:00:00,61.33,71.11516291609985,78.89,43.35
2024-02-06 17:00:00,71.0,81.1427028871996,88.83,54.93
2024-02-06 18:00:00,78.77,92.16025611974266,99.76,77.5
2024-02-06 19:00:00,89.01,99.48784489560242,107.0,89.0
2024-02-06 20:00:00,88.87,115.79530212489536,123.22,129.81
2024-02-06 21:00:00,78.28,87.7245958776966,95.06,119.77
2024-02-06 22:00:00,69.03,81.45316456203655,88.7,82.94
2024-02-06 23:00:00,56.09,71.62168823165695,78.78,75.0
2024-02-07 00:00:00,41.7,78.04613786276192,74.09,74.5
2024-02-07 01:00:00,39.0,75.52434080218092,71.48,75.0
2024-02-07 02:00:00,37.45,75.0224609926928,70.89,70.75
2024-02-07 03:00:00,33.21,74.04059171357726,69.82,68.88
2024-02-07 04:00:00,21.01,73.5586961910865,69.25,65.1
2024-02-07 05:00:00,38.0,78.4065062964195,74.01,68.88
2024-02-07 06:00:00,47.28,88.92410343354366,84.44,74.5
2024-02-07 07:00:00,69.99,97.86156891906856,93.29,82.06
2024-02-07 08:00:00,74.49,124.88852457928982,120.23,121.06
2024-02-07 09:00:00,68.61,97.97773221276488,93.23,96.06
2024-02-07 10:00:00,66.04,87.81649556844235,82.98,79.61
2024-02-07 11:00:00,59.2,77.11506042603212,72.19,72.48
2024-02-07 12:00:00,45.0,75.02330827593175,70.01,71.0
2024-02-07 13:00:00,40.4,71.60154066740051,66.5,50.0
2024-02-07 14:00:00,35.0,70.98967312121715,65.8,51.0
2024-02-07 15:00:00,28.33,70.22779150411385,64.95,59.71
2024-02-07 16:00:00,37.45,71.62578339720031,66.26,68.8
2024-02-07 17:00:00,41.0,82.45330936960742,77.0,76.44
2024-02-07 18:00:00,57.84,96.54068231828532,91.0,89.13
2024-02-07 19:00:00,72.76,125.09707320984728,119.47,129.47
2024-02-07 20:00:00,76.89,174.06317370604188,168.35,181.26
2024-02-07 21:00:00,67.72,100.34441973909551,94.54,111.36
2024-02-07 22:00:00,58.42,90.89338019317948,85.0,81.06
2024-02-07 23:00:00,45.8,83.5017353492976,77.52,75.75
2024-02-08 00:00:00,46.73,45.04635412465046,69.0,41.7
2024-02-08 01:00:00,39.0,36.57486533505707,60.44,39.0
2024-02-08 02:00:00,33.8,31.32321881133052,55.1,37.45
2024-02-08 03:00:00,32.45,30.91134611182368,54.6,33.21
2024-02-08 04:00:00,31.7,29.86945514285375,53.47,21.01
2024-02-08 05:00:00,32.45,36.30721468899517,59.82,38.0
2024-02-08 06:00:00,41.5,48.99462308369601,72.42,47.28
2024-02-08 07:00:00,50.0,65.42188122168042,88.76,69.99
2024-02-08 08:00:00,57.0,72.50957717976974,95.76,74.49
2024-02-08 09:00:00,42.13,65.60807411375288,88.77,68.61
2024-02-08 10:00:00,37.0,39.727393641057255,62.8,66.04
2024-02-08 11:00:00,35.22,32.99590055008975,55.98,59.2
2024-02-08 12:00:00,38.0,31.54404819168838,54.44,45.0
2024-02-08 13:00:00,31.7,31.192151738076152,54.0,56.47
2024-02-08 14:00:00,33.8,31.72021480810055,54.44,51.5
2024-02-08 15:00:00,33.08,31.968266790611416,54.6,56.44
2024-02-08 16:00:00,39.4,37.89604830721761,60.44,61.33
2024-02-08 17:00:00,41.5,53.5432667596664,76.0,71.0
2024-02-08 18:00:00,44.23,79.52012264901101,101.89,78.77
2024-02-08 19:00:00,40.0,76.76823228530702,99.05,89.01
2024-02-08 20:00:00,40.5,71.80663906297501,94.0,88.87
2024-02-08 21:00:00,37.94,61.55518703116148,83.66,78.28
2024-02-08 22:00:00,40.19,60.1134238546787,82.13,69.03
2024-02-08 23:00:00,28.7,49.26202417321787,71.19,56.09
2024-02-09 00:00:00,22.04,47.56612936785079,62.95,46.73
2024-02-09 01:00:00,11.17,44.75436716322526,60.05,39.0
2024-02-09 02:00:00,5.0,42.7925566310408,58.0,33.8
2024-02-09 03:00:00,3.2,39.570807129052966,54.69,32.45
2024-02-09 04:00:00,7.17,37.37899092909264,52.41,31.7
2024-02-09 05:00:00,11.14,40.05695551346116,55.0,32.45
2024-02-09 06:00:00,29.62,46.14467102856225,61.0,41.5
2024-02-09 07:00:00,48.92,65.5718019459107,80.34,50.0
2024-02-09 08:00:00,57.84,76.06932582794998,90.75,57.0
2024-02-09 09:00:00,65.0,69.38778538597018,83.98,42.13
2024-02-09 10:00:00,66.35,46.91695825988762,61.42,37.0
2024-02-09 11:00:00,57.84,39.58546789006598,54.0,35.22
2024-02-09 12:00:00,50.56,40.42350817426273,54.75,38.0
2024-02-09 13:00:00,46.73,41.26156509194654,55.5,40.4
2024-02-09 14:00:00,47.99,39.14972102217355,53.3,35.0
2024-02-09 15:00:00,46.73,41.8477156656528,55.91,28.33
2024-02-09 16:00:00,44.99,41.52573406182065,55.5,37.45
2024-02-09 17:00:00,42.0,57.0630831028201,70.95,41.0
2024-02-09 18:00:00,44.46,66.36065428420198,80.16,57.84
2024-02-09 19:00:00,59.95,70.11853688909284,83.83,72.76
2024-02-09 20:00:00,66.35,70.35662862597123,83.98,76.89
2024-02-09 21:00:00,55.02,62.92506595793528,76.46,67.72
2024-02-09 22:00:00,43.13,54.99361162224314,68.44,58.42
2024-02-09 23:00:00,35.0,41.64231168436686,55.0,45.8
2024-02-10 00:00:00,26.78,53.3064408845216,56.44,22.04
2024-02-10 01:00:00,14.0,49.66466925844468,52.71,11.17
2024-02-10 02:00:00,5.0,48.22284503217086,51.18,5.0
2024-02-10 03:00:00,3.2,47.96093867008352,50.83,3.2
2024-02-10 04:00:00,2.8,48.37899863353803,51.16,7.17
2024-02-10 05:00:00,2.41,49.87700848421572,52.57,11.14
2024-02-10 06:00:00,2.01,50.89503424185794,53.5,29.62
2024-02-10 07:00:00,1.62,54.28292693495759,56.8,48.92
2024-02-10 08:00:00,1.22,60.57072418377184,63.0,57.84
2024-02-10 09:00:00,0.83,56.758970690677046,59.1,65.0
2024-02-10 10:00:00,0.43,51.027373401435135,53.28,66.35
2024-02-10 11:00:00,0.0,43.10584758382122,45.27,57.84
2024-02-10 12:00:00,0.07,39.50413546438246,41.58,50.56
2024-02-10 13:00:00,0.14,37.82229700464872,39.81,31.7
2024-02-10 14:00:00,0.22,39.86027802824574,41.76,33.8
2024-02-10 15:00:00,0.29,44.62811297851304,46.44,33.08
2024-02-10 16:00:00,0.36,51.27584327887226,53.0,39.4
2024-02-10 17:00:00,0.43,63.23328559882837,64.87,41.5
2024-02-10 18:00:00,3.2,79.88055083994682,81.43,44.23
2024-02-10 19:00:00,25.01,86.29823698710139,87.76,40.0
2024-02-10 20:00:00,36.46,94.30596001091794,95.68,40.5
2024-02-10 21:00:00,37.9,91.42414689117456,92.71,37.94
2024-02-10 22:00:00,32.68,84.91261839746684,86.11,40.19
2024-02-10 23:00:00,23.0,69.68142898445498,70.79,28.7
2024-02-11 00:00:00,35.0,26.165332633007488,66.62,26.78
2024-02-11 01:00:00,23.26,24.41349161163732,64.78,14.0
2024-02-11 02:00:00,22.01,24.631575712329767,64.91,5.0
2024-02-11 03:00:00,20.5,23.72970458867,63.92,3.2
2024-02-11 04:00:00,25.0,21.64789127591394,61.75,2.8
2024-02-11 05:00:00,24.98,20.866018246384257,60.88,2.41
2024-02-11 06:00:00,37.9,20.074149965383736,60.0,2.01
2024-02-11 07:00:00,40.19,19.96220786828666,59.8,1.62
2024-02-11 08:00:00,41.0,24.170142054436443,63.92,1.22
2024-02-11 09:00:00,42.1,13.33872930238336,53.0,0.83
2024-02-11 10:00:00,43.46,5.127255484932254,44.7,0.43
2024-02-11 11:00:00,40.19,0.5155965672475425,40.0,0.0
2024-02-11 12:00:00,39.9,-5.116055205756365,34.28,0.07
2024-02-11 13:00:00,40.19,-3.6580223712125535,35.65,46.73
2024-02-11 14:00:00,39.98,-4.219897877501568,35.0,47.99
2024-02-11 15:00:00,39.99,-7.13172512244659,32.0,46.73
2024-02-11 16:00:00,46.73,4.305834016332167,43.35,44.99
2024-02-11 17:00:00,61.94,15.97321835738211,54.93,42.0
2024-02-11 18:00:00,83.13,38.63025004304083,77.5,44.46
2024-02-11 19:00:00,83.98,50.21751477322703,89.0,59.95
2024-02-11 20:00:00,76.82,91.11372288746188,129.81,66.35
2024-02-11 21:00:00,70.01,81.16223229535807,119.77,55.02
2024-02-11 22:00:00,56.94,44.4221152230418,82.94,43.13
2024-02-11 23:00:00,40.7,36.57071579453387,75.0,35.0
2024-02-12 00:00:00,39.23,78.33472110697672,71.66,35.0
2024-02-12 01:00:00,38.12,79.76277489892774,73.0,23.26
2024-02-12 02:00:00,35.0,75.95102413892516,69.1,22.01
2024-02-12 03:00:00,33.76,74.80917724197806,67.87,20.5
2024-02-12 04:00:00,34.43,75.84721025088209,68.82,25.0
2024-02-12 05:00:00,35.1,76.89523111499437,69.78,24.98
2024-02-12 06:00:00,37.4,80.423131632329,73.22,37.9
2024-02-12 07:00:00,39.88,90.44065832192511,83.15,40.19
2024-02-12 08:00:00,50.5,105.96803773564564,98.59,41.0
2024-02-12 09:00:00,46.78,94.82660607345306,87.36,42.1
2024-02-12 10:00:00,40.0,84.23526452081717,76.68,43.46
2024-02-12 11:00:00,35.6,77.3837162154055,69.74,40.19
2024-02-12 12:00:00,33.76,67.73230609591873,60.0,39.9
2024-02-12 13:00:00,35.6,57.82088034324544,50.0,0.14
2024-02-12 14:00:00,35.0,58.90891907893048,51.0,0.22
2024-02-12 15:00:00,32.5,67.70655248044852,59.71,0.29
2024-02-12 16:00:00,30.0,76.88415814768703,68.8,0.36
2024-02-12 17:00:00,40.0,84.61182519624487,76.44,0.43
2024-02-12 18:00:00,59.34,97.38922136243671,89.13,3.2
2024-02-12 19:00:00,88.21,137.81507873968883,129.47,25.01
2024-02-12 20:00:00,79.15,189.6909379933338,181.26,36.46
2024-02-12 21:00:00,71.54,119.8821147318014,111.36,37.9
2024-02-12 22:00:00,65.87,89.67198726376546,81.06,32.68
2024-02-12 23:00:00,61.9,84.45033080703453,75.75,23.0
2024-02-13 00:00:00,53.87,49.31569648564582,74.5,39.23
2024-02-13 01:00:00,41.1,49.9037719615651,75.0,38.12
2024-02-13 02:00:00,40.0,45.74204256429583,70.75,35.0
2024-02-13 03:00:00,40.87,43.96024738771786,68.88,33.76
2024-02-13 04:00:00,41.74,40.26849289984406,65.1,34.43
2024-02-13 05:00:00,42.61,44.13637987863744,68.88,35.1
2024-02-13 06:00:00,52.0,49.84421649046135,74.5,37.4
2024-02-13 07:00:00,65.91,57.491711754055785,82.06,39.88
2024-02-13 08:00:00,87.92,96.57810129566889,121.06,50.5
2024-02-13 09:00:00,66.8,71.66719450565303,96.06,46.78
2024-02-13 10:00:00,65.0,55.30623462698539,79.61,40.0
2024-02-13 11:00:00,63.87,48.26464380422471,72.48,35.6
2024-02-13 12:00:00,60.53,46.8728779124976,71.0,33.76
2024-02-13 13:00:00,60.26,32.43164094142041,56.47,40.19
2024-02-13 14:00:00,60.52,27.549994717583026,51.5,39.98
2024-02-13 15:00:00,63.51,32.5778406874224,56.44,39.99
2024-02-13 16:00:00,66.5,37.55563469243143,61.33,46.73
2024-02-13 17:00:00,68.61,47.313238364466685,71.0,61.94
2024-02-13 18:00:00,87.92,55.17087879433312,78.77,83.13
2024-02-13 19:00:00,91.81,65.49845867446035,89.01,83.98
2024-02-13 20:00:00,82.14,65.44654296285162,88.87,76.82
2024-02-13 21:00:00,73.17,54.94514526788774,78.28,70.01
2024-02-13 22:00:00,69.18,45.78372948876464,69.03,56.94
2024-02-13 23:00:00,65.0,32.932488568137614,56.09,40.7
2024-02-14 00:00:00,60.63,32.28786397716338,41.7,53.87
2024-02-14 01:00:00,59.34,29.67612713374351,39.0,41.1
2024-02-14 02:00:00,55.76,28.21426469505919,37.45,40.0
2024-02-14 03:00:00,54.79,24.06262866869953,33.21,40.87
2024-02-14 04:00:00,55.06,11.951196413956744,21.01,41.74
2024-02-14 05:00:00,59.21,29.028550259157164,38.0,42.61
2024-02-14 06:00:00,64.95,38.39600904713404,47.28,52.0
2024-02-14 07:00:00,74.28,61.19302058347022,69.99,65.91
2024-02-14 08:00:00,80.56,65.78081556642418,74.49,87.92
2024-02-14 09:00:00,69.65,59.98918051632065,68.61,66.8
2024-02-14 10:00:00,59.87,57.50741250576156,66.04,65.0
2024-02-14 11:00:00,47.0,50.75586737928774,59.2,63.87
2024-02-14 12:00:00,46.1,36.64463719797971,45.0,60.53
2024-02-14 13:00:00,41.1,32.13299323899442,40.4,35.6
2024-02-14 14:00:00,39.88,26.82136606042358,35.0,35.0
2024-02-14 15:00:00,40.0,20.239725373751966,28.33,32.5
2024-02-14 16:00:00,43.0,29.44741995262876,37.45,30.0
2024-02-14 17:00:00,59.93,33.085224172905846,41.0,40.0
2024-02-14 18:00:00,65.0,50.01248082419154,57.84,59.34
2024-02-14 19:00:00,85.16,65.01977238137673,72.76,88.21
2024-02-14 20:00:00,77.1,69.23765570346431,76.89,79.15
2024-02-14 21:00:00,69.59,60.15616658995541,67.72,71.54
2024-02-14 22:00:00,61.77,50.94477737655604,58.42,65.87
2024-02-14 23:00:00,59.93,38.41344110136203,45.8,61.9
2024-02-15 00:00:00,50.5,48.88656949048311,46.73,60.63
2024-02-15 01:00:00,39.88,41.2449987253498,39.0,59.34
2024-02-15 02:00:00,36.37,36.133362858817925,33.8,55.76
2024-02-15 03:00:00,36.48,34.87151426131918,32.45,54.79
2024-02-15 04:00:00,36.6,34.20963806032403,31.7,55.06
2024-02-15 05:00:00,36.87,35.04764900818507,32.45,59.21
2024-02-15 06:00:00,47.0,44.18529168203861,41.5,64.95
2024-02-15 07:00:00,62.53,52.77288864069215,50.0,74.28
2024-02-15 08:00:00,61.23,59.86069029795893,57.0,80.56
2024-02-15 09:00:00,59.93,45.07943389132733,42.13,69.65
2024-02-15 10:00:00,54.79,40.03784155857386,37.0,59.87
2024-02-15 11:00:00,55.99,38.34597417233864,35.22,47.0
2024-02-15 12:00:00,52.65,41.21397207343951,38.0,46.1
2024-02-15 13:00:00,48.01,35.00230377730386,31.7,60.26
2024-02-15 14:00:00,45.56,37.1903370873687,33.8,60.52
2024-02-15 15:00:00,46.89,36.55839648878528,33.08,63.51
2024-02-15 16:00:00,45.39,42.96619743882121,39.4,66.5
2024-02-15 17:00:00,49.0,45.154126061840486,41.5,68.61
2024-02-15 18:00:00,59.5,47.972106256980055,44.23,87.92
2024-02-15 19:00:00,64.44,43.830352667406935,40.0,91.81
2024-02-15 20:00:00,63.29,44.41845527450638,40.5,82.14
2024-02-15 21:00:00,60.0,41.94661146910194,37.94,73.17
2024-02-15 22:00:00,59.5,44.28465490994025,40.19,69.18
2024-02-15 23:00:00,55.68,32.88325347182533,28.7,65.0
2024-02-16 00:00:00,51.76,37.7474623199485,22.04,50.5
2024-02-16 01:00:00,51.08,26.966068915446225,11.17,39.88
2024-02-16 02:00:00,49.92,20.884490028002464,5.0,36.37
2024-02-16 03:00:00,47.06,19.17264431634409,3.2,36.48
2024-02-16 04:00:00,42.0,23.230549312100496,7.17,36.6
2024-02-16 05:00:00,46.0,27.28836505313334,11.14,36.87
2024-02-16 06:00:00,51.57,45.85551458816879,29.62,47.0
2024-02-16 07:00:00,60.5,65.24260285782205,48.92,62.53
2024-02-16 08:00:00,66.06,74.25018367015504,57.84,61.23
2024-02-16 09:00:00,59.0,81.49790039551067,65.0,59.93
2024-02-16 10:00:00,48.73,82.93592263679993,66.35,54.79
2024-02-16 11:00:00,47.06,74.51441616906067,57.84,55.99
2024-02-16 12:00:00,42.1,67.32288508190406,50.56,52.65
2024-02-16 13:00:00,44.2,63.58115110012114,46.73,41.1
2024-02-16 14:00:00,42.1,64.9291890787973,47.99,39.88
2024-02-16 15:00:00,44.58,63.75731929047663,46.73,40.0
2024-02-16 16:00:00,47.06,62.1054978277936,44.99,43.0
2024-02-16 17:00:00,52.08,59.20372470158284,42.0,59.93
2024-02-16 18:00:00,63.22,61.75164402144602,44.46,65.0
2024-02-16 19:00:00,77.93,77.32896383284188,59.95,85.16
2024-02-16 20:00:00,73.09,83.81672335681614,66.35,77.1
2024-02-16 21:00:00,69.66,72.57535228955226,55.02,69.59
2024-02-16 22:00:00,65.94,60.77405700008115,43.13,61.77
2024-02-16 23:00:00,61.6,52.732565681289046,35.0,59.93
2024-02-17 00:00:00,46.8,19.377769639939235,26.78,51.76
2024-02-17 01:00:00,46.0,6.686497231584871,14.0,51.08
2024-02-17 02:00:00,45.5,-2.224957739728796,5.0,49.92
2024-02-17 03:00:00,45.0,-3.936769426119007,3.2,47.06
2024-02-17 04:00:00,44.61,-4.248671265214682,2.8,42.0
2024-02-17 05:00:00,44.23,-4.550571558801626,2.41,46.0
2024-02-17 06:00:00,44.75,-4.8624721382017935,2.01,51.57
2024-02-17 07:00:00,45.27,-5.164372862281121,1.62,60.5
2024-02-17 08:00:00,46.34,-5.476273237459103,1.22,66.06
2024-02-17 09:00:00,44.5,-5.778174225517034,0.83,59.0
2024-02-17 10:00:00,40.0,-6.090073907240583,0.43,48.73
2024-02-17 11:00:00,35.0,-6.431974585088233,0.0,47.06
2024-02-17 12:00:00,33.2,-6.273897742144097,0.07,42.1
2024-02-17 13:00:00,33.5,-6.115823212144158,0.14,48.01
2024-02-17 14:00:00,32.4,-5.947748993323332,0.22,45.56
2024-02-17 15:00:00,30.7,-5.789672433368419,0.29,46.89
2024-02-17 16:00:00,33.5,-5.631602493419804,0.36,45.39
2024-02-17 17:00:00,45.27,-5.473511781745778,0.43,49.0
2024-02-17 18:00:00,65.68,-2.615647380600997,3.2,59.5
2024-02-17 19:00:00,82.93,19.28138095935684,25.01,64.44
2024-02-17 20:00:00,75.03,30.81883353713144,36.46,63.29
2024-02-17 21:00:00,70.75,32.34682654773747,37.9,60.0
2024-02-17 22:00:00,68.2,27.21521332070581,32.68,59.5
2024-02-17 23:00:00,69.11,17.62367673078019,23.0,55.68
2024-02-18 00:00:00,59.98,69.18519651291184,35.0,46.8
2024-02-18 01:00:00,54.81,57.533734031972166,23.26,46.0
2024-02-18 02:00:00,51.05,56.37196616276815,22.01,45.5
2024-02-18 03:00:00,49.16,54.95006454079076,20.5,45.0
2024-02-18 04:00:00,47.72,59.53797374819866,25.0,44.61
2024-02-18 05:00:00,48.47,59.60596703406148,24.98,44.23
2024-02-18 06:00:00,46.02,72.61346175787294,37.9,44.75
2024-02-18 07:00:00,48.97,74.99136782395149,40.19,45.27
2024-02-18 08:00:00,47.28,75.88941864982843,41.0,46.34
2024-02-18 09:00:00,43.03,77.07742879857523,42.1,44.5
2024-02-18 10:00:00,40.0,78.52545854450472,43.46,40.0
2024-02-18 11:00:00,35.6,75.34368079183075,40.19,35.0
2024-02-18 12:00:00,34.8,75.14178926789285,39.9,33.2
2024-02-18 13:00:00,33.5,75.51984950754482,40.19,44.2
2024-02-18 14:00:00,33.2,75.3979438755911,39.98,42.1
2024-02-18 15:00:00,30.18,75.49600389118594,39.99,44.58
2024-02-18 16:00:00,32.2,82.32373623174416,46.73,47.06
2024-02-18 17:00:00,41.2,97.62099713424098,61.94,52.08
2024-02-18 18:00:00,51.96,118.89804334857824,83.13,63.22
2024-02-18 19:00:00,63.91,119.83602916843913,83.98,77.93
2024-02-18 20:00:00,64.71,112.76447413962742,76.82,73.09
2024-02-18 21:00:00,59.83,106.04292621549388,70.01,69.66
2024-02-18 22:00:00,57.33,93.06169565073148,56.94,65.94
2024-02-18 23:00:00,53.94,76.91056934862414,40.7,61.6
2024-02-19 00:00:00,44.0,35.18670297552122,39.23,59.98
2024-02-19 01:00:00,44.33,34.16483190494903,38.12,54.81
2024-02-19 02:00:00,44.63,31.1330680506302,35.0,51.05
2024-02-19 03:00:00,43.91,29.9812111881708,33.76,49.16
2024-02-19 04:00:00,43.67,30.73926275624506,34.43,47.72
2024-02-19 05:00:00,41.5,31.49729417740652,35.1,48.47
2024-02-19 06:00:00,44.0,33.88527289227014,37.4,46.02
2024-02-19 07:00:00,55.0,36.45317429836668,39.88,48.97
2024-02-19 08:00:00,59.04,47.16077467758025,50.5,47.28
2024-02-19 09:00:00,44.0,43.52899946877891,46.78,43.03
2024-02-19 10:00:00,39.5,36.83743555732403,40.0,40.0
2024-02-19 11:00:00,31.23,32.52574672247527,35.6,35.6
2024-02-19 12:00:00,30.6,30.77391325630573,33.76,34.8
2024-02-19 13:00:00,30.3,32.70191472154815,35.6,33.5
2024-02-19 14:00:00,30.0,32.19001469142267,35.0,32.4
2024-02-19 15:00:00,27.79,29.77823574931088,32.5,30.7
2024-02-19 16:00:00,31.23,27.366403107937145,30.0,33.5
2024-02-19 17:00:00,43.22,37.4539948286072,40.0,45.27
2024-02-19 18:00:00,53.52,56.88099746380125,59.34,65.68
2024-02-19 19:00:00,66.28,85.83773131891947,88.21,82.93
2024-02-19 20:00:00,72.26,76.8661323603472,79.15,75.03
2024-02-19 21:00:00,65.22,69.34465952042582,71.54,70.75
2024-02-19 22:00:00,54.1,63.763017442859066,65.87,68.2
2024-02-19 23:00:00,53.52,59.88131897536181,61.9,69.11
2024-02-20 00:00:00,43.74,51.76568422320092,53.87,44.0
2024-02-20 01:00:00,41.43,39.08438023845621,41.1,44.33
2024-02-20 02:00:00,37.88,38.07255735277095,40.0,44.63
2024-02-20 03:00:00,37.0,39.030578707995154,40.87,43.91
2024-02-20 04:00:00,38.0,39.98862583428149,41.74,43.67
2024-02-20 05:00:00,41.0,40.94662266828571,42.61,41.5
2024-02-20 06:00:00,47.96,50.42425262282052,52.0,44.0
2024-02-20 07:00:00,61.0,64.42151908720689,65.91,55.0
2024-02-20 08:00:00,56.28,86.51865223634296,87.92,59.04
2024-02-20 09:00:00,47.67,65.48760185937485,66.8,44.0
2024-02-20 10:00:00,32.2,63.77589444373112,65.0,39.5
2024-02-20 11:00:00,28.6,62.73400583433326,63.87,31.23
2024-02-20 12:00:00,28.76,59.48225267314819,60.53,30.6
2024-02-20 13:00:00,28.68,59.300355766966405,60.26,33.5
2024-02-20 14:00:00,28.6,59.64841246655205,60.52,33.2
2024-02-20 15:00:00,29.68,62.72633559661861,63.51,30.18
2024-02-20 16:00:00,30.62,65.80428218809567,66.5,32.2
2024-02-20 17:00:00,43.06,68.00217136494895,68.61,41.2
2024-02-20 18:00:00,72.64,87.39934197957184,87.92,51.96
2024-02-20 19:00:00,75.44,91.3771878369908,91.81,63.91
2024-02-20 20:00:00,181.0,81.79575238831785,82.14,64.71
2024-02-20 21:00:00,119.47,72.91429429332162,73.17,59.83
2024-02-20 22:00:00,63.16,69.01259607578604,69.18,57.33
2024-02-20 23:00:00,54.76,64.92089411981988,65.0,53.94
2024-02-21 00:00:00,52.84,29.91649084486605,60.63,43.74
2024-02-21 01:00:00,49.5,28.71465973715233,59.34,41.43
2024-02-21 02:00:00,46.99,25.222904677049847,55.76,37.88
2024-02-21 03:00:00,44.95,24.341047566612485,54.79,37.0
2024-02-21 04:00:00,45.68,24.69909883831081,55.06,38.0
2024-02-21 05:00:00,50.35,28.93697134918876,59.21,41.0
2024-02-21 06:00:00,50.98,34.76474039482262,64.95,47.96
2024-02-21 07:00:00,69.6,44.18233168281216,74.28,61.0
2024-02-21 08:00:00,76.7,50.550133111695736,80.56,56.28
2024-02-21 09:00:00,48.77,39.72871266745405,69.65,47.67
2024-02-21 10:00:00,35.0,30.0373552597003,59.87,32.2
2024-02-21 11:00:00,32.72,17.25604006760883,47.0,28.6
2024-02-21 12:00:00,33.2,16.44423485702466,46.1,28.76
2024-02-21 13:00:00,30.0,11.532533544593525,41.1,30.3
2024-02-21 14:00:00,28.6,10.40069096365791,39.88,30.0
2024-02-21 15:00:00,30.3,10.608774227832056,40.0,27.79
2024-02-21 16:00:00,32.0,13.6966320359192,43.0,31.23
2024-02-21 17:00:00,36.0,30.71394305606379,59.93,43.22
2024-02-21 18:00:00,47.67,35.871606596740214,65.0,53.52
2024-02-21 19:00:00,63.47,56.11880825600012,85.16,66.28
2024-02-21 20:00:00,54.76,48.14717591979141,77.1,72.26
2024-02-21 21:00:00,47.91,40.72570321028724,69.59,65.22
2024-02-21 22:00:00,43.76,32.99414688160244,61.77,54.1
2024-02-21 23:00:00,37.14,31.242373329193,59.93,53.52
2024-02-22 00:00:00,22.73,38.65637099371008,50.5,52.84
2024-02-22 01:00:00,16.29,28.124992293670665,39.88,49.5
2024-02-22 02:00:00,14.0,24.703266265719225,36.37,46.99
2024-02-22 03:00:00,12.64,24.901342505386385,36.48,44.95
2024-02-22 04:00:00,11.27,25.10942004358452,36.6,45.68
2024-02-22 05:00:00,13.72,25.46746265554664,36.87,50.35
2024-02-22 06:00:00,16.17,35.68500499354948,47.0,50.98
2024-02-22 07:00:00,14.69,51.3023416138788,62.53,69.6
2024-02-22 08:00:00,16.2,50.09041623875567,61.23,76.7
2024-02-22 09:00:00,13.75,48.87860747860509,59.93,48.77
2024-02-22 10:00:00,10.07,43.82690661476071,54.79,35.0
2024-02-22 11:00:00,8.87,45.114967472526246,55.99,32.72
2024-02-22 12:00:00,3.5,41.863200321225385,52.65,33.2
2024-02-22 13:00:00,3.2,37.3115241450152,48.01,28.68
2024-02-22 14:00:00,3.8,34.94971990914116,45.56,28.6
2024-02-22 15:00:00,4.4,36.3677538944564,46.89,29.68
2024-02-22 16:00:00,5.0,34.955887997781346,45.39,30.62
2024-02-22 17:00:00,9.0,38.65377064874466,49.0,43.06
2024-02-22 18:00:00,10.07,49.24133073285436,59.5,72.64
2024-02-22 19:00:00,9.99,54.26914240904596,64.44,75.44
2024-02-22 20:00:00,11.8,53.20727989389377,63.29,181.0
2024-02-22 21:00:00,13.0,50.005514026189296,60.0,119.47
2024-02-22 22:00:00,10.07,49.5936411069873,59.5,63.16
2024-02-22 23:00:00,5.67,45.86190869898909,55.68,54.76
2024-02-23 00:00:00,9.57,3.66653310169651,51.76,22.73
2024-02-23 01:00:00,4.09,3.0746595494827296,51.08,16.29
2024-02-23 02:00:00,3.2,2.002794108536601,49.92,14.0
2024-02-23 03:00:00,1.83,-0.7689629834262974,47.06,12.64
2024-02-23 04:00:00,2.58,-5.740658256909239,42.0,11.27
2024-02-23 05:00:00,3.2,-1.652755661865913,46.0,13.72
2024-02-23 06:00:00,6.8,4.005012692830672,51.57,16.17
2024-02-23 07:00:00,11.0,13.02263703479463,60.5,14.69
2024-02-23 08:00:00,11.22,18.67044549311056,66.06,16.2
2024-02-23 09:00:00,6.8,11.698878152306484,59.0,13.75
2024-02-23 10:00:00,3.2,1.5174580100489048,48.73,10.07
2024-02-23 11:00:00,3.1,-0.0643216732678724,47.06,8.87
2024-02-23 12:00:00,3.0,-4.93603793731467,42.1,3.5
2024-02-23 13:00:00,0.43,-2.7480150044457963,44.2,30.0
2024-02-23 14:00:00,0.01,-4.759869942410895,42.1,28.6
2024-02-23 15:00:00,0.22,-2.1918940002467435,44.58,30.3
2024-02-23 16:00:00,0.43,0.3760403367111515,47.06,32.0
2024-02-23 17:00:00,3.2,5.483857297078529,52.08,36.0
2024-02-23 18:00:00,11.17,16.711332844786977,63.22,47.67
2024-02-23 19:00:00,15.1,31.508721272405136,77.93,63.47
2024-02-23 20:00:00,17.15,26.756972338998217,73.09,54.76
2024-02-23 21:00:00,18.36,23.41526649706764,69.66,47.91
2024-02-23 22:00:00,13.94,19.78351406451509,65.94,43.76
2024-02-23 23:00:00,11.69,15.531876790209182,61.6,37.14
2024-02-24 00:00:00,7.41,8.756354183282957,46.8,9.57
2024-02-24 01:00:00,5.0,8.044537884787463,46.0,4.09
2024-02-24 02:00:00,3.2,7.632623277252193,45.5,3.2
2024-02-24 03:00:00,4.2,7.220733829351418,45.0,1.83
2024-02-24 04:00:00,5.0,6.91883248871354,44.61,2.58
2024-02-24 05:00:00,5.6,6.6269278874223465,44.23,3.2
2024-02-24 06:00:00,6.2,7.234983925526667,44.75,6.8
2024-02-24 07:00:00,8.18,7.843029673648248,45.27,11.0
2024-02-24 08:00:00,7.41,9.001062615757288,46.34,11.22
2024-02-24 09:00:00,3.7,7.249234603581757,44.5,6.8
2024-02-24 10:00:00,3.2,2.837548040229137,40.0,3.2
2024-02-24 11:00:00,0.0,-2.0741197331434207,35.0,3.1
2024-02-24 12:00:00,0.53,-3.7859437565137215,33.2,3.0
2024-02-24 13:00:00,1.07,-3.3978733542096147,33.5,3.2
2024-02-24 14:00:00,1.6,-4.409738414438607,32.4,3.8
2024-02-24 15:00:00,2.13,-6.021579175845908,30.7,4.4
2024-02-24 16:00:00,2.67,-3.133655577822986,33.5,5.0
2024-02-24 17:00:00,3.2,8.723807929056576,45.27,9.0
2024-02-24 18:00:00,8.22,29.220818726027368,65.68,10.07
2024-02-24 19:00:00,15.83,46.558070589816616,82.93,9.99
2024-02-24 20:00:00,32.37,38.74646322691888,75.03,11.8
2024-02-24 21:00:00,25.0,34.55481005714522,70.75,13.0
2024-02-24 22:00:00,14.0,32.09298918782078,68.2,10.07
2024-02-24 23:00:00,9.48,33.09107664727076,69.11,5.67
2024-02-25 00:00:00,4.3,28.365294057648573,59.98,7.41
2024-02-25 01:00:00,3.2,23.28366955060539,54.81,5.0
2024-02-25 02:00:00,3.15,19.61193363641513,51.05,3.2
2024-02-25 03:00:00,3.1,17.810122702241273,49.16,4.2
2024-02-25 04:00:00,3.05,16.458261469089994,47.72,5.0
2024-02-25 05:00:00,3.0,17.29632885850495,48.47,5.6
2024-02-25 06:00:00,3.2,14.93449736278543,46.02,6.2
2024-02-25 07:00:00,2.74,17.972459115685684,48.97,8.18
2024-02-25 08:00:00,2.28,16.370613294524844,47.28,7.41
2024-02-25 09:00:00,1.82,12.208905982040363,43.03,3.7
2024-02-25 10:00:00,1.35,9.26715836769211,40.0,3.2
2024-02-25 11:00:00,0.89,4.955446530405901,35.6,0.0
2024-02-25 12:00:00,0.43,4.243587065229968,34.8,0.53
2024-02-25 13:00:00,0.29,3.03171905412403,33.5,0.43
2024-02-25 14:00:00,0.14,2.819832783828642,33.2,0.01
2024-02-25 15:00:00,0.0,-0.1119524059914955,30.18,0.22
2024-02-25 16:00:00,0.01,1.996017528616159,32.2,0.43
2024-02-25 17:00:00,2.33,11.083640964865792,41.2,3.2
2024-02-25 18:00:00,3.3,21.93114032537329,51.96,11.17
2024-02-25 19:00:00,4.82,33.96862994818319,63.91,15.1
2024-02-25 20:00:00,7.0,34.856647086662285,64.71,17.15
2024-02-25 21:00:00,7.2,30.064968664019844,59.83,18.36
2024-02-25 22:00:00,5.0,27.65318107686248,57.33,13.94
2024-02-25 23:00:00,3.2,24.35146699076157,53.94,11.69
2024-02-26 00:00:00,3.2,10.68616701016123,44.0,4.3
2024-02-26 01:00:00,1.65,11.104271716108594,44.33,3.2
2024-02-26 02:00:00,0.1,11.492325266705237,44.63,3.15
2024-02-26 03:00:00,1.07,10.860437908336666,43.91,3.1
2024-02-26 04:00:00,2.03,10.708540084132244,43.67,3.05
2024-02-26 05:00:00,3.0,8.62671778868214,41.5,3.0
2024-02-26 06:00:00,3.2,11.214654355919835,44.0,3.2
2024-02-26 07:00:00,11.24,22.30217876223992,55.0,2.74
2024-02-26 08:00:00,10.5,26.43009711200541,59.04,2.28
2024-02-26 09:00:00,3.35,11.478859184567147,44.0,1.82
2024-02-26 10:00:00,3.2,7.067255102589598,39.5,1.35
2024-02-26 11:00:00,1.82,-1.114293239879192,31.23,0.89
2024-02-26 12:00:00,0.43,-1.656142839475841,30.6,0.43
2024-02-26 13:00:00,0.22,-1.8680631089530075,30.3,1.07
2024-02-26 14:00:00,0.01,-2.079954864109862,30.0,1.6
2024-02-26 15:00:00,0.0,-4.201777941629143,27.79,2.13
2024-02-26 16:00:00,0.2,-0.6738911557322408,31.23,2.67
2024-02-26 17:00:00,3.2,11.403592891396553,43.22,3.2
2024-02-26 18:00:00,3.21,21.791104002489853,53.52,8.22
2024-02-26 19:00:00,10.0,34.638539670735994,66.28,15.83
2024-02-26 20:00:00,11.75,40.70631270103516,72.26,32.37
2024-02-26 21:00:00,10.0,33.75475458305108,65.22,25.0
2024-02-26 22:00:00,4.7,22.72336109079691,54.1,14.0
2024-02-26 23:00:00,3.3,22.23155348075923,53.52,9.48
2024-02-27 00:00:00,2.58,14.625987777635403,43.74,3.2
2024-02-27 01:00:00,1.0,12.404237671397382,41.43,1.65
2024-02-27 02:00:00,0.0,8.942475783686303,37.88,0.1
2024-02-27 03:00:00,0.8,8.150611897825547,37.0,1.07
2024-02-27 04:00:00,1.6,9.238632674605364,38.0,2.03
2024-02-27 05:00:00,2.4,12.32656030728253,41.0,3.0
2024-02-27 06:00:00,3.2,19.37424276458988,47.96,3.2
2024-02-27 07:00:00,4.38,32.501720507791894,61.0,11.24
2024-02-27 08:00:00,4.8,27.86997737633362,56.28,10.5
2024-02-27 09:00:00,3.2,19.348554664073948,47.67,3.35
2024-02-27 10:00:00,0.43,3.967377602110032,32.2,3.2
2024-02-27 11:00:00,0.0,0.4556840252957972,28.6,1.82
2024-02-27 12:00:00,0.09,0.7037514787410215,28.76,0.43
2024-02-27 13:00:00,0.17,0.7118357201669389,28.68,0.29
2024-02-27 14:00:00,0.26,0.7199149781010321,28.6,0.14
2024-02-27 15:00:00,0.34,1.887939094256607,29.68,0.0
2024-02-27 16:00:00,0.43,2.915974916299635,30.62,0.01
2024-02-27 17:00:00,1.8,15.44328792587687,43.06,2.33
2024-02-27 18:00:00,4.51,45.11014959349493,72.64,3.3
2024-02-27 19:00:00,10.0,47.997391676739454,75.44,4.82
2024-02-27 20:00:00,25.0,153.6409524293041,181.0,7.0
2024-02-27 21:00:00,14.0,92.20154369498088,119.47,7.2
2024-02-27 22:00:00,6.56,35.98267181442484,63.16,5.0
2024-02-27 23:00:00,5.83,27.671256204335684,54.76,3.2
2024-02-28 00:00:00,3.2,25.22547651576725,52.84,2.58
2024-02-28 01:00:00,3.55,21.97372436579249,49.5,1.0
2024-02-28 02:00:00,3.91,19.55193770336679,46.99,0.0
2024-02-28 03:00:00,4.26,17.60012211540554,44.95,0.8
2024-02-28 04:00:00,4.62,18.418146348751755,45.68,1.6
2024-02-28 05:00:00,4.97,23.17602731290264,50.35,2.4
2024-02-28 06:00:00,5.33,23.89398934234077,50.98,3.2
2024-02-28 07:00:00,5.68,42.60115973708588,69.6,4.38
2024-02-28 08:00:00,5.9,49.78894204569825,76.7,4.8
2024-02-28 09:00:00,3.2,21.94833840960428,48.77,3.2
2024-02-28 10:00:00,0.43,8.26718916933701,35.0,0.43
2024-02-28 11:00:00,0.0,6.075386588085409,32.72,0.0
2024-02-28 12:00:00,0.53,6.643460172414967,33.2,0.09
2024-02-28 13:00:00,1.07,3.531688571614652,30.0,0.22
2024-02-28 14:00:00,1.6,2.21984048917714,28.6,0.01
2024-02-28 15:00:00,2.13,4.007838940322984,30.3,0.0
2024-02-28 16:00:00,2.67,5.795821912038606,32.0,0.2
2024-02-28 17:00:00,3.2,9.88368639916064,36.0,3.2
2024-02-28 18:00:00,10.54,21.64113309248036,47.67,3.21
2024-02-28 19:00:00,25.0,37.52848145931143,63.47,10.0
2024-02-28 20:00:00,66.96,28.906920585926745,54.76,11.75
2024-02-28 21:00:00,50.0,22.145386579642064,47.91,10.0
2024-02-28 22:00:00,19.71,18.08367805023004,43.76,4.7
2024-02-28 23:00:00,11.29,11.552132404119206,37.14,3.3
2024-02-29 00:00:00,14.67,-14.35258819636379,22.73,3.2
2024-02-29 01:00:00,10.0,-24.26024095502592,16.29,3.55
2024-02-29 02:00:00,6.48,-27.125471752738296,14.0,3.91
2024-02-29 03:00:00,6.0,-27.570874230948466,12.64,4.26
2024-02-29 04:00:00,5.68,-28.153910286862345,11.27,4.62
2024-02-29 05:00:00,5.83,-27.34558812621104,13.72,4.97
2024-02-29 06:00:00,5.6,-20.51019621257919,16.17,5.33
2024-02-29 07:00:00,10.67,-10.745980031845557,14.69,5.68
2024-02-29 08:00:00,10.0,-13.239073938717764,16.2,5.9
2024-02-29 09:00:00,5.9,-11.77672935916189,13.75,3.2
2024-02-29 10:00:00,3.2,-16.539870772218826,10.07,0.43
2024-02-29 11:00:00,0.1,-15.849014689462171,8.87,0.0
2024-02-29 12:00:00,0.0,-21.890483817672376,3.5,0.53
2024-02-29 13:00:00,0.0,-24.47610671266443,3.2,0.17
2024-02-29 14:00:00,0.0,-27.032001535717683,3.8,0.26
2024-02-29 15:00:00,0.01,-25.727310508695624,4.4,0.34
2024-02-29 16:00:00,0.01,-28.586277034799394,5.0,0.43
2024-02-29 17:00:00,0.01,-24.65784467268835,9.0,1.8
2024-02-29 18:00:00,3.28,-16.44741238855986,10.07,4.51
2024-02-29 19:00:00,5.0,-11.536070417540772,9.99,10.0
2024-02-29 20:00:00,7.97,-12.077488207941196,11.8,25.0
2024-02-29 21:00:00,6.33,-13.862100663031876,13.0,14.0
2024-02-29 22:00:00,5.0,-16.35799148717266,10.07,6.56
2024-02-29 23:00:00,3.4,-18.68241677224746,5.67,5.83
2024-03-01 00:00:00,2.17,3.89130913255361,9.57,14.67
2024-03-01 01:00:00,0.5,-1.769654346686733,4.09,10.0
2024-03-01 02:00:00,0.2,-2.8411387007280613,3.2,6.48
2024-03-01 03:00:00,0.1,-4.392553286768255,1.83,6.0
2024-03-01 04:00:00,0.01,-3.8241929476318206,2.58,5.68
2024-03-01 05:00:00,0.5,-3.3858013027919647,3.2,5.83
2024-03-01 06:00:00,3.0,0.0322584269968992,6.8,5.6
2024-03-01 07:00:00,3.25,4.050243027991885,11.0,10.67
2024-03-01 08:00:00,3.22,4.088660506627611,11.22,10.0
2024-03-01 09:00:00,3.2,-0.5124142698918548,6.8,5.9
2024-03-01 10:00:00,0.0,-4.293590885979973,3.2,3.2
2024-03-01 11:00:00,0.12,-4.575161816513607,3.1,0.1
2024-03-01 12:00:00,0.24,-4.856722678312859,3.0,0.0
2024-03-01 13:00:00,0.36,-7.607987875038813,0.43,1.07
2024-03-01 14:00:00,0.48,-8.20947884897095,0.01,1.6
2024-03-01 15:00:00,0.6,-8.18101628457824,0.22,2.13
2024-03-01 16:00:00,0.72,-8.152526062158906,0.43,2.67
2024-03-01 17:00:00,0.84,-5.5643021697296255,3.2,3.2
2024-03-01 18:00:00,3.25,2.2233391835476204,11.17,10.54
2024-03-01 19:00:00,5.68,5.971430111176001,15.1,25.0
2024-03-01 20:00:00,10.1,7.839703432314426,17.15,66.96
2024-03-01 21:00:00,6.48,8.86803050412604,18.36,50.0
2024-03-01 22:00:00,5.0,4.266960709391848,13.94,19.71
2024-03-01 23:00:00,3.8,1.835613509906987,11.69,11.29
2024-03-02 00:00:00,3.2,2.47145248199245,7.41,2.17
2024-03-02 01:00:00,2.0,-0.1198855966832597,5.0,0.5
2024-03-02 02:00:00,0.5,-2.1012813654069094,3.2,0.2
2024-03-02 03:00:00,0.01,-1.2829815410895438,4.2,0.1
2024-03-02 04:00:00,0.0,-0.6646461655334954,5.0,0.01
2024-03-02 05:00:00,0.0,-0.2462811372479452,5.6,0.5
2024-03-02 06:00:00,0.1,0.1720860105690444,6.2,3.0
2024-03-02 07:00:00,2.1,1.970291086014576,8.18,3.25
2024-03-02 08:00:00,2.17,1.0188005207813982,7.41,3.22
2024-03-02 09:00:00,2.05,-2.8723609656959543,3.7,3.2
2024-03-02 10:00:00,1.68,-3.553887316160304,3.2,0.0
2024-03-02 11:00:00,0.01,-6.935092572572066,0.0,0.12
2024-03-02 12:00:00,0.0,-6.58670515007611,0.53,0.24
2024-03-02 13:00:00,0.01,-6.228296895283937,1.07,0.0
2024-03-02 14:00:00,0.35,-5.879867285150399,1.6,0.0
2024-03-02 15:00:00,0.68,-5.5314179878101175,2.13,0.01
2024-03-02 16:00:00,1.02,-5.172949473693405,2.67,0.01
2024-03-02 17:00:00,2.1,-4.824457553777837,3.2,0.01
2024-03-02 18:00:00,3.2,0.0135394059233012,8.22,3.28
2024-03-02 19:00:00,8.12,7.441240536138511,15.83,5.0
2024-03-02 20:00:00,31.25,23.797875068573063,32.37,7.97
2024-03-02 21:00:00,30.6,16.247160515462845,25.0,6.33
2024-03-02 22:00:00,5.6,5.06678749590716,14.0,5.0
2024-03-02 23:00:00,4.2,0.3656417150288839,9.48,3.4
2024-03-03 00:00:00,1.8,1.5914395534913146,4.3,3.2
2024-03-03 01:00:00,0.1,0.309916477835588,3.2,2.0
2024-03-03 02:00:00,0.0,0.0782912955921789,3.15,0.5
2024-03-03 03:00:00,0.0,-0.1533188552304575,3.1,0.01
2024-03-03 04:00:00,0.0,-0.3849176399861141,3.05,0.0
2024-03-03 05:00:00,0.01,-0.616508032554929,3.0,0.0
2024-03-03 06:00:00,0.01,-0.5981214766985999,3.2,0.1
2024-03-03 07:00:00,0.19,-1.23965603145213,2.74,2.1
2024-03-03 08:00:00,0.0,-1.8811877928470209,2.28,2.17
2024-03-03 09:00:00,0.21,-2.5227161786297567,1.82,2.05
2024-03-03 10:00:00,0.41,-3.1742392419684524,1.35,1.68
2024-03-03 11:00:00,0.62,-3.81575820259926,0.89,0.01
2024-03-03 12:00:00,0.82,-4.457270540295378,0.43,0.0
2024-03-03 13:00:00,1.03,-4.77881158608585,0.29,0.36
2024-03-03 14:00:00,1.24,-5.110342661472576,0.14,0.48
2024-03-03 15:00:00,1.44,-5.431865066714844,0.0,0.6
2024-03-03 16:00:00,1.65,-5.60339347250183,0.01,0.72
2024-03-03 17:00:00,1.85,-3.465176885748692,2.33,0.84
2024-03-03 18:00:00,2.06,-2.6768022253357264,3.3,3.25
2024-03-03 19:00:00,7.98,-1.3384930349472564,4.82,5.68
2024-03-03 20:00:00,29.6,0.6597313580276092,7.0,10.1
2024-03-03 21:00:00,30.6,0.6781660914212571,7.2,6.48
2024-03-03 22:00:00,14.0,-1.7031407644912089,5.0,5.0
2024-03-03 23:00:00,4.6,-3.684501738353516,3.2,3.8
2024-03-04 00:00:00,6.0,1.4112255914433218,3.2,1.8
2024-03-04 01:00:00,3.2,-0.3201620694901441,1.65,0.1
2024-03-04 02:00:00,3.2,-2.0515413762076347,0.1,0.0
2024-03-04 03:00:00,3.19,-1.2631959804121768,1.07,0.0
2024-03-04 04:00:00,3.19,-0.4848376728567071,2.03,0.0
2024-03-04 05:00:00,3.2,0.3035269280697244,3.0,0.01
2024-03-04 06:00:00,11.6,0.3219843369513852,3.2,0.01
2024-03-04 07:00:00,20.0,8.179537230279426,11.24,0.19
2024-03-04 08:00:00,25.0,7.258067931375435,10.5,0.0
2024-03-04 09:00:00,15.0,-0.0726942680539312,3.35,0.21
2024-03-04 10:00:00,7.6,-0.4042649854745943,3.2,0.41
2024-03-04 11:00:00,3.2,-1.965691578505916,1.82,0.62
2024-03-04 12:00:00,3.06,-3.537109661166644,0.43,0.82
2024-03-04 13:00:00,2.91,-3.928650864796393,0.22,0.01
2024-03-04 14:00:00,1.68,-4.320178076033322,0.01,0.35
2024-03-04 15:00:00,1.0,-4.511713302261829,0.0,0.68
2024-03-04 16:00:00,2.33,-4.493256759027164,0.2,1.02
2024-03-04 17:00:00,3.2,-1.675107973644181,3.2,2.1
2024-03-04 18:00:00,5.0,-1.846610211834296,3.21,3.2
2024-03-04 19:00:00,14.0,4.761106947018702,10.0,8.12
2024-03-04 20:00:00,25.0,6.329377805802722,11.75,31.25
2024-03-04 21:00:00,17.98,4.398015229538874,10.0,30.6
2024-03-04 22:00:00,12.5,-1.082965751099712,4.7,5.6
2024-03-04 23:00:00,6.1,-2.664400817539338,3.3,4.2
2024-03-05 00:00:00,7.36,3.0316557124083308,2.58,6.0
2024-03-05 01:00:00,4.66,1.2702551039566277,1.0,3.2
2024-03-05 02:00:00,4.83,0.0887976812920597,0.0,3.2
2024-03-05 03:00:00,5.0,0.7071464380308449,0.8,3.19
2024-03-05 04:00:00,6.0,1.3255049488619886,1.6,3.19
2024-03-05 05:00:00,8.23,1.943868722752916,2.4,3.2
2024-03-05 06:00:00,24.1,2.562233588856861,3.2,11.6
2024-03-05 07:00:00,50.01,3.560551392512614,4.38,20.0
2024-03-05 08:00:00,61.45,3.798947800172881,4.8,25.0
2024-03-05 09:00:00,17.63,2.017566204509599,3.2,15.0
2024-03-05 10:00:00,8.0,-0.933683659706857,0.43,7.6
2024-03-05 11:00:00,4.6,-1.5451938831629974,0.0,3.2
2024-03-05 12:00:00,4.0,-1.6367515575992269,0.09,3.06
2024-03-05 13:00:00,3.9,-1.73829553933914,0.17,1.03
2024-03-05 14:00:00,3.95,-1.8298276213593505,0.26,1.24
2024-03-05 15:00:00,4.0,-1.9313442231119264,0.34,1.44
2024-03-05 16:00:00,5.83,-2.0228454718661206,0.43,1.65
2024-03-05 17:00:00,17.0,-0.8344754503212612,1.8,1.85
2024-03-05 18:00:00,50.51,1.693755820250453,4.51,2.06
2024-03-05 19:00:00,125.17,7.00167160933862,10.0,7.98
2024-03-05 20:00:00,129.47,21.818466302570183,25.0,29.6
2024-03-05 21:00:00,99.12,10.638174708647982,14.0,30.6
2024-03-05 22:00:00,85.41,3.017432808576266,6.56,14.0
2024-03-05 23:00:00,72.86,2.105915208100204,5.83,4.6
2024-03-06 00:00:00,71.0,4.932124385792658,3.2,7.36
2024-03-06 01:00:00,50.5,5.100509372471097,3.55,4.66
2024-03-06 02:00:00,50.51,5.278902743390479,3.91,4.83
2024-03-06 03:00:00,50.01,5.447303887247784,4.26,5.0
2024-03-06 04:00:00,41.64,5.625708016030028,4.62,6.0
2024-03-06 05:00:00,50.01,5.794115172898826,4.97,8.23
2024-03-06 06:00:00,65.68,5.972520935646566,5.33,24.1
2024-03-06 07:00:00,106.64,6.140925446834983,5.68,50.01
2024-03-06 08:00:00,108.7,6.179340352341374,5.9,61.45
2024-03-06 09:00:00,25.0,3.298087276130763,3.2,17.63
2024-03-06 10:00:00,14.24,0.3468505294684372,0.43,8.0
2024-03-06 11:00:00,5.96,-0.2646336663914186,0.0,4.6
2024-03-06 12:00:00,4.07,0.0837981746803602,0.53,4.0
2024-03-06 13:00:00,3.9,0.4422558051410704,1.07,2.91
2024-03-06 14:00:00,3.87,0.7907427518888477,1.6,1.68
2024-03-06 15:00:00,3.9,1.1392608349593538,2.13,1.0
2024-03-06 16:00:00,5.87,1.497813768618618,2.67,2.33
2024-03-06 17:00:00,18.75,1.8464108776945487,3.2,3.2
2024-03-06 18:00:00,41.64,9.004271257104106,10.54,5.0
2024-03-06 19:00:00,119.27,23.28133249149492,25.0,14.0
2024-03-06 20:00:00,103.75,65.05516605252113,66.96,25.0
2024-03-06 21:00:00,80.15,47.915562460662365,50.0,17.98
2024-03-06 22:00:00,54.46,17.447333748667514,19.71,12.5
2024-03-06 23:00:00,23.67,8.846563069194698,11.29,6.1
2024-03-07 00:00:00,14.13,16.03277512563159,14.67,71.0
2024-03-07 01:00:00,4.89,11.181625578561508,10.0,50.5
2024-03-07 02:00:00,3.51,7.480354480017571,6.48,50.51
2024-03-07 03:00:00,3.2,6.818755287081191,6.0,50.01
2024-03-07 04:00:00,3.76,6.317158308913229,5.68,41.64
2024-03-07 05:00:00,4.33,6.285524402514007,5.83,50.01
2024-03-07 06:00:00,4.89,5.873947245138796,5.6,65.68
2024-03-07 07:00:00,14.0,10.761766514318682,10.67,106.64
2024-03-07 08:00:00,17.0,9.910230118952626,10.0,108.7
2024-03-07 09:00:00,5.7,5.629070313149733,5.9,25.0
2024-03-07 10:00:00,3.9,2.747745777203297,3.2,14.24
2024-03-07 11:00:00,3.2,-0.5335244889129228,0.1,5.96
2024-03-07 12:00:00,2.0,-0.815121485292057,0.0,4.07
2024-03-07 13:00:00,0.43,-0.996711967552124,0.0,3.9
2024-03-07 14:00:00,0.54,-1.1782867487211153,0.0,3.95
2024-03-07 15:00:00,0.65,-1.3498484380166809,0.01,4.0
2024-03-07 16:00:00,0.76,-1.5313953578231705,0.01,5.83
2024-03-07 17:00:00,3.2,-1.712928422366589,0.01,17.0
2024-03-07 18:00:00,5.48,1.375174392172346,3.28,50.51
2024-03-07 19:00:00,24.67,2.91345492259963,5.0,125.17
2024-03-07 20:00:00,35.0,5.701580522792239,7.97,129.47
2024-03-07 21:00:00,30.0,3.8802145928938416,6.33,99.12
2024-03-07 22:00:00,16.0,2.3687959683944224,5.0,85.41
2024-03-07 23:00:00,5.33,0.5873982427600942,3.4,72.86
2024-03-08 00:00:00,3.2,1.9915994732166509,2.17,14.13
2024-03-08 01:00:00,0.59,0.1402148844685732,0.5,4.89
2024-03-08 02:00:00,0.35,-0.3413204287450826,0.2,3.51
2024-03-08 03:00:00,0.05,-0.6228702683576384,0.1,3.2
2024-03-08 04:00:00,0.01,-0.8944126690302175,0.01,3.76
2024-03-08 05:00:00,0.13,-0.5860133006696377,0.5,4.33
2024-03-08 06:00:00,3.2,1.7321596690555907,3.0,4.89
2024-03-08 07:00:00,4.0,1.8005864496790245,3.25,14.0
2024-03-08 08:00:00,3.6,1.5890376382858904,3.22,17.0
2024-03-08 09:00:00,3.2,1.3874797093391835,3.2,5.7
2024-03-08 10:00:00,0.43,-1.993717997019932,0.0,3.9
2024-03-08 11:00:00,0.0,-2.055291551136797,0.12,3.2
2024-03-08 12:00:00,0.4,-2.11685731560846,0.24,2.0
2024-03-08 13:00:00,0.8,-2.178416039302788,0.36,3.9
2024-03-08 14:00:00,1.2,-2.239968042750301,0.48,3.87
2024-03-08 15:00:00,1.61,-2.3015132376441447,0.6,3.9
2024-03-08 16:00:00,2.01,-2.3630511214677634,0.72,5.87
2024-03-08 17:00:00,2.41,-2.424580746923427,0.84,18.75
2024-03-08 18:00:00,1.59,-0.1963661250794299,3.25,41.64
2024-03-08 19:00:00,3.2,2.051844688872728,5.68,119.27
2024-03-08 20:00:00,5.98,6.2898119253486815,10.1,103.75
2024-03-08 21:00:00,4.0,2.488674587592328,6.48,80.15
2024-03-08 22:00:00,3.2,0.8272731518297873,5.0,54.46
2024-03-08 23:00:00,0.43,-0.5541695536800794,3.8,23.67
2024-03-09 00:00:00,0.01,1.1812439729945363,3.2,3.2
2024-03-09 01:00:00,0.0,-0.2002040073022468,2.0,0.59
2024-03-09 02:00:00,0.0,-1.881615104962739,0.5,0.35
2024-03-09 03:00:00,0.0,-2.553134576862932,0.01,0.05
2024-03-09 04:00:00,0.0,-2.744699692723458,0.0,0.01
2024-03-09 05:00:00,0.01,-2.9262568440413874,0.0,0.13
2024-03-09 06:00:00,0.01,-3.0078168412345088,0.1,3.2
2024-03-09 07:00:00,0.01,-1.18958876686722,2.1,4.0
2024-03-09 08:00:00,0.01,-1.3011395411593765,2.17,3.6
2024-03-09 09:00:00,0.13,-1.602670768427746,2.05,3.2
2024-03-09 10:00:00,0.43,-2.154174446285366,1.68,0.43
2024-03-09 11:00:00,0.1,-4.005526451704182,0.01,0.0
2024-03-09 12:00:00,0.0,-4.197059933618269,0.0,0.4
2024-03-09 13:00:00,0.03,-4.368583730588445,0.01,0.43
2024-03-09 14:00:00,0.07,-4.210132113931316,0.35,0.54
2024-03-09 15:00:00,0.1,-4.061665081968728,0.68,0.65
2024-03-09 16:00:00,0.13,-3.903183439747528,1.02,0.76
2024-03-09 17:00:00,0.17,-3.004769395192411,2.1,3.2
2024-03-09 18:00:00,0.2,-2.086340241163213,3.2,5.48
2024-03-09 19:00:00,3.2,2.651663707870848,8.12,24.67
2024-03-09 20:00:00,3.5,25.59755351559341,31.25,35.0
2024-03-09 21:00:00,3.2,24.7660704512186,30.6,30.0
2024-03-09 22:00:00,1.7,-0.4127161066439254,5.6,16.0
2024-03-09 23:00:00,0.2,-1.994228218353548,4.2,5.33
2024-03-10 00:00:00,0.0,-0.3785687258592415,1.8,0.01
2024-03-10 01:00:00,0.17,-2.260017659535079,0.1,0.0
2024-03-10 02:00:00,0.34,-2.54163017257215,0.0,0.0
2024-03-10 03:00:00,0.5,-2.723236255008735,0.0,0.0
2024-03-10 04:00:00,0.67,-2.9048276689408943,0.0,0.0
2024-03-10 05:00:00,0.84,-3.0764080354723835,0.01,0.01
2024-03-10 06:00:00,1.01,-3.2579768132517355,0.01,0.01
2024-03-10 07:00:00,1.18,-3.259557112186608,0.19,0.01
2024-03-10 08:00:00,1.34,-3.631086732124934,0.0,0.01
2024-03-10 09:00:00,1.51,-3.602653876947339,0.21,0.13
2024-03-10 10:00:00,1.68,-3.5842117371450275,0.41,0.43
2024-03-10 11:00:00,1.85,-3.555762797426012,0.62,0.1
2024-03-10 12:00:00,2.01,-3.537304479228677,0.82,0.0
2024-03-10 13:00:00,2.18,-3.5088382830210723,1.03,0.8
2024-03-10 14:00:00,2.35,-3.4803617396313715,1.24,1.2
2024-03-10 15:00:00,2.52,-3.461871750399491,1.44,1.61
2024-03-10 16:00:00,2.69,-3.433367889032731,1.65,2.01
2024-03-10 17:00:00,2.85,-3.414844235718497,1.85,2.41
2024-03-10 18:00:00,3.02,-3.3862983161529563,2.06,1.59
2024-03-10 19:00:00,3.19,2.3516152758223208,7.98,3.2
2024-03-10 20:00:00,3.2,23.78771343408292,29.6,5.98
2024-03-10 21:00:00,2.17,24.60609090687465,30.6,4.0
2024-03-10 22:00:00,1.13,7.82639452741074,14.0,3.2
2024-03-10 23:00:00,0.1,-1.7541588457722626,4.6,0.43
2024-03-11 00:00:00,0.1,5.011293417668522,6.0,0.0
2024-03-11 01:00:00,0.0,2.030014748151713,3.2,0.17
2024-03-11 02:00:00,0.34,1.848439035757812,3.2,0.34
2024-03-11 03:00:00,0.67,1.656890513909839,3.19,0.5
2024-03-11 04:00:00,1.01,1.4753669989824645,3.19,0.67
2024-03-11 05:00:00,1.34,1.303870159839235,3.2,0.84
2024-03-11 06:00:00,1.68,9.52143187677004,11.6,1.01
2024-03-11 07:00:00,4.97,17.738981431765954,20.0,1.18
2024-03-11 08:00:00,3.2,22.556868917458893,25.0,1.34
2024-03-11 09:00:00,0.01,12.376411219958513,15.0,1.51
2024-03-11 10:00:00,0.0,4.795621910625143,7.6,1.68
2024-03-11 11:00:00,0.69,0.2144915466210073,3.2,1.85
2024-03-11 12:00:00,1.38,-0.1071059415012503,3.06,2.01
2024-03-11 13:00:00,2.07,-0.438678577364317,2.91,0.03
2024-03-11 14:00:00,2.76,-1.850103834935881,1.68,0.07
2024-03-11 15:00:00,3.44,-2.711564584165886,1.0,0.1
2024-03-11 16:00:00,4.13,-1.563225448138582,2.33,0.13
2024-03-11 17:00:00,4.82,-0.8748050959672902,3.2,0.17
2024-03-11 18:00:00,5.51,0.7435347013271842,5.0,0.2
2024-03-11 19:00:00,70.0,9.561062756519016,14.0,3.2
2024-03-11 20:00:00,87.97,20.37833727633422,25.0,3.5
2024-03-11 21:00:00,76.64,13.177621546535486,17.98,3.2
2024-03-11 22:00:00,75.0,7.516690023337422,12.5,1.7
2024-03-11 23:00:00,26.1,0.9358585896706456,6.1,0.2
2024-03-12 00:00:00,35.0,3.5016172176691165,7.36,0.1
2024-03-12 01:00:00,27.3,0.6204122708622323,4.66,0.0
2024-03-12 02:00:00,25.0,0.6089132948453915,4.83,0.34
2024-03-12 03:00:00,24.6,0.597456362903203,5.0,0.67
2024-03-12 04:00:00,25.0,1.4159511957151831,6.0,1.01
2024-03-12 05:00:00,42.51,3.464355481240744,8.23,1.34
2024-03-12 06:00:00,60.02,19.151230742816285,24.1,1.68
2024-03-12 07:00:00,89.8,44.8769187342976,50.01,4.97
2024-03-12 08:00:00,75.0,56.13412567007925,61.45,3.2
2024-03-12 09:00:00,20.0,12.137518978304922,17.63,0.01
2024-03-12 10:00:00,0.5,2.326974531349096,8.0,0.0
2024-03-12 11:00:00,0.43,-1.2542175121579389,4.6,0.69
2024-03-12 12:00:00,0.15,-2.0356420295201048,4.0,1.38
2024-03-12 13:00:00,0.1,-2.317025472137919,3.9,2.18
2024-03-12 14:00:00,0.26,-2.4483172041612984,3.95,2.35
2024-03-12 15:00:00,0.42,-2.57948400398325,4.0,2.52
2024-03-12 16:00:00,3.0,-0.9307087784883974,5.83,2.69
2024-03-12 17:00:00,20.1,10.057154274211472,17.0,2.85
2024-03-12 18:00:00,60.02,43.382576724680256,50.51,3.02
2024-03-12 19:00:00,98.99,117.85323656698696,125.17,3.19
2024-03-12 20:00:00,173.82,121.97168129990972,129.47,3.2
2024-03-12 21:00:00,117.9,91.4437765631544,99.12,2.17
2024-03-12 22:00:00,70.54,77.55375996191562,85.41,1.13
2024-03-12 23:00:00,61.99,64.82350187591078,72.86,0.1
2024-03-13 00:00:00,55.09,64.96981485929898,71.0,35.0
2024-03-13 01:00:00,35.0,44.29041449790858,50.5,27.3
2024-03-13 02:00:00,26.1,44.11868781581254,50.51,25.0
2024-03-13 03:00:00,24.1,43.43706080953426,50.01,24.6
2024-03-13 04:00:00,24.74,34.886381400103375,41.64,25.0
2024-03-13 05:00:00,25.11,43.07383913197956,50.01,42.51
2024-03-13 06:00:00,57.54,58.56047864074856,65.68,60.02
2024-03-13 07:00:00,88.03,99.334124333249,106.64,89.8
2024-03-13 08:00:00,86.74,101.21197708889052,108.7,75.0
2024-03-13 09:00:00,22.08,17.33943534295403,25.0,20.0
2024-03-13 10:00:00,10.0,6.398543975026384,14.24,0.5
2024-03-13 11:00:00,3.2,-2.062502724832997,5.96,0.43
2024-03-13 12:00:00,3.0,-4.134137862523251,4.07,0.15
2024-03-13 13:00:00,2.3,-4.4858276086956295,3.9,2.07
2024-03-13 14:00:00,2.01,-4.697397467262853,3.87,2.76
2024-03-13 15:00:00,2.3,-4.848839353159329,3.9,3.44
2024-03-13 16:00:00,3.2,-3.0603645261972874,5.87,4.13
2024-03-13 17:00:00,21.62,9.636991268633718,18.75,4.82
2024-03-13 18:00:00,76.41,32.34328222854634,41.64,5.51
2024-03-13 19:00:00,98.78,109.78322098931636,119.27,70.0
2024-03-13 20:00:00,134.32,94.08353219087664,103.75,87.97
2024-03-13 21:00:00,89.05,70.30444792318016,80.15,76.64
2024-03-13 22:00:00,68.26,44.435393870474805,54.46,75.0
2024-03-13 23:00:00,57.56,13.466838193233388,23.67,26.1
2024-03-14 00:00:00,37.48,10.883308156081018,14.13,55.09
2024-03-14 01:00:00,31.05,1.4624178042916922,4.89,35.0
2024-03-14 02:00:00,26.1,-0.099292784416736,3.51,26.1
2024-03-14 03:00:00,24.6,-0.5910479682537428,3.2,24.1
2024-03-14 04:00:00,27.83,-0.2128373821231398,3.76,24.74
2024-03-14 05:00:00,31.05,0.1754248712358805,4.33,25.11
2024-03-14 06:00:00,36.83,0.5537304707968015,4.89,57.54
2024-03-14 07:00:00,87.85,9.481079111347968,14.0,88.03
2024-03-14 08:00:00,70.0,12.299114844143489,17.0,86.74
2024-03-14 09:00:00,35.0,0.8187657378979313,5.7,22.08
2024-03-14 10:00:00,31.05,-1.1626683975013803,3.9,10.0
2024-03-14 11:00:00,12.0,-2.0442090018695502,3.2,3.2
2024-03-14 12:00:00,10.2,-3.4256708613232405,2.0,3.0
2024-03-14 13:00:00,9.14,-5.177065151792402,0.43,0.1
2024-03-14 14:00:00,3.5,-5.248621978752045,0.54,0.26
2024-03-14 15:00:00,3.2,-5.320146811537288,0.65,0.42
2024-03-14 16:00:00,9.14,-5.3916379215824906,0.76,3.0
2024-03-14 17:00:00,21.71,-3.133361626389969,3.2,20.1
2024-03-14 18:00:00,35.0,-1.0350366882188595,5.48,60.02
2024-03-14 19:00:00,85.82,17.971353457321992,24.67,98.99
2024-03-14 20:00:00,78.25,28.1186952577693,35.0,173.82
2024-03-14 21:00:00,62.8,22.93768450052693,30.0,117.9
2024-03-14 22:00:00,59.91,8.757613906476577,16.0,70.54
2024-03-14 23:00:00,37.48,-2.0928735816690764,5.33,61.99
2024-03-15 00:00:00,34.97,9.2230770653636,3.2,37.48
2024-03-15 01:00:00,27.2,6.431719622730168,0.59,31.05
2024-03-15 02:00:00,24.1,6.010113326688672,0.35,26.1
2024-03-15 03:00:00,23.6,5.52853619466393,0.05,24.6
2024-03-15 04:00:00,20.89,5.306949157241866,0.01,27.83
2024-03-15 05:00:00,24.1,5.245361560127684,0.13,31.05
2024-03-15 06:00:00,33.26,8.133447904602567,3.2,36.83
2024-03-15 07:00:00,51.92,8.751795139884356,4.0,87.85
2024-03-15 08:00:00,40.33,8.170274052722197,3.6,70.0
2024-03-15 09:00:00,24.1,7.58874684497467,3.2,35.0
2024-03-15 10:00:00,15.35,4.63748918674297,0.43,31.05
2024-03-15 11:00:00,15.05,4.025969407099154,0.0,12.0
2024-03-15 12:00:00,12.43,4.244363897201484,0.4,10.2
2024-03-15 13:00:00,10.95,4.462766061287326,0.8,2.3
2024-03-15 14:00:00,10.55,4.681173555411219,1.2,2.01
2024-03-15 15:00:00,12.85,4.909583200671506,1.61,2.3
2024-03-15 16:00:00,15.15,5.127995439401857,2.01,3.2
2024-03-15 17:00:00,25.0,5.346407381345821,2.41,21.62
2024-03-15 18:00:00,40.0,4.344958701927605,1.59,76.41
2024-03-15 19:00:00,88.01,5.773231465727036,3.2,98.78
2024-03-15 20:00:00,123.58,8.371363056504052,5.98,134.32
2024-03-15 21:00:00,110.0,6.210025111772126,4.0,89.05
2024-03-15 22:00:00,74.9,5.228539497039255,3.2,68.26
2024-03-15 23:00:00,49.59,2.277274323105559,0.43,57.56
2024-03-16 00:00:00,45.18,9.862142731748872,0.01,34.97
2024-03-16 01:00:00,42.31,9.670579309061775,0.0,27.2
2024-03-16 02:00:00,37.99,9.489017972989508,0.0,24.1
2024-03-16 03:00:00,35.58,9.307459250724763,0.0,23.6
2024-03-16 04:00:00,35.0,9.12590266925307,0.0,20.89
2024-03-16 05:00:00,41.17,8.954346726577297,0.01,24.1
2024-03-16 06:00:00,48.28,8.772793449927216,0.01,33.26
2024-03-16 07:00:00,37.45,8.591241538354447,0.01,51.92
2024-03-16 08:00:00,26.45,8.409690933172826,0.01,40.33
2024-03-16 09:00:00,14.77,8.348127744562738,0.13,24.1
2024-03-16 10:00:00,10.5,8.46654442506233,0.43,15.35
2024-03-16 11:00:00,5.42,7.955033283306528,0.1,15.05
2024-03-16 12:00:00,3.2,7.673496628592375,0.0,12.43
2024-03-16 13:00:00,2.1,7.521946795421866,0.03,9.14
2024-03-16 14:00:00,1.0,7.3803978003022195,0.07,3.5
2024-03-16 15:00:00,0.43,7.228852131266574,0.1,3.2
2024-03-16 16:00:00,4.25,7.077308988327878,0.13,9.14
2024-03-16 17:00:00,13.45,6.935767725178228,0.17,21.71
2024-03-16 18:00:00,30.0,6.784231300237529,0.2,35.0
2024-03-16 19:00:00,80.5,9.602355188339486,3.2,85.82
2024-03-16 20:00:00,82.61,9.720780698486646,3.5,78.25
2024-03-16 21:00:00,73.35,9.239263344222792,3.2,62.8
2024-03-16 22:00:00,51.06,7.557874340777379,1.7,59.91
2024-03-16 23:00:00,35.58,5.87648252680369,0.2,37.48
2024-03-17 00:00:00,35.0,1.0224767760603293,0.0,45.18
2024-03-17 01:00:00,30.0,1.010914216689978,0.17,42.31
2024-03-17 02:00:00,25.15,0.9993532441928186,0.34,37.99
2024-03-17 03:00:00,25.1,0.9777946240566128,0.5,35.58
2024-03-17 04:00:00,25.05,0.9662357745039996,0.67,35.0
2024-03-17 05:00:00,25.0,0.9546775901629584,0.84,41.17
2024-03-17 06:00:00,21.45,0.943119846909008,1.01,48.28
2024-03-17 07:00:00,24.0,0.9315623474485364,1.18,37.45
2024-03-17 08:00:00,11.25,0.9100060685342262,1.34,26.45
2024-03-17 09:00:00,11.34,0.8984485708028173,1.51,14.77
2024-03-17 10:00:00,9.72,0.8868908311084739,1.68,10.5
2024-03-17 11:00:00,0.43,0.8753326523664956,1.85,5.42
2024-03-17 12:00:00,2.29,0.8537749699983528,2.01,3.2
2024-03-17 13:00:00,4.15,0.8422152592546388,2.18,10.95
2024-03-17 14:00:00,6.0,0.830654362353535,2.35,10.55
2024-03-17 15:00:00,7.86,0.819091890133496,2.52,12.85
2024-03-17 16:00:00,9.72,0.8075273575954248,2.69,15.15
2024-03-17 17:00:00,14.95,0.7859613136143893,2.85,25.0
2024-03-17 18:00:00,35.0,0.7743907247462112,3.02,40.0
2024-03-17 19:00:00,79.96,0.7628157714185198,3.19,88.01
2024-03-17 20:00:00,77.89,0.591253756800108,3.2,123.58
2024-03-17 21:00:00,72.33,-0.6201939685932474,2.17,110.0
2024-03-17 22:00:00,72.1,-1.841641834222059,1.13,74.9
2024-03-17 23:00:00,65.91,-3.053087209839752,0.1,49.59
2024-03-18 00:00:00,64.12,-1.7978022604680517,0.1,35.0
2024-03-18 01:00:00,50.3,-2.0793308267170865,0.0,30.0
2024-03-18 02:00:00,48.85,-1.9209027745562084,0.34,25.15
2024-03-18 03:00:00,47.44,-1.7724667844849495,0.67,25.1
2024-03-18 04:00:00,46.03,-1.614025550022531,1.01,25.05
2024-03-18 05:00:00,44.28,-1.465576796054516,1.34,25.0
2024-03-18 06:00:00,61.71,-1.3071224395921757,1.68,21.45
2024-03-18 07:00:00,94.68,1.8009974644323736,4.97,24.0
2024-03-18 08:00:00,94.45,-0.1503043917310455,3.2,11.25
2024-03-18 09:00:00,52.61,-3.52143706003677,0.01,11.34
2024-03-18 10:00:00,42.1,-3.7129123901130994,0.0,9.72
2024-03-18 11:00:00,35.0,-3.20443830849454,0.69,0.43
2024-03-18 12:00:00,35.12,-2.695931269931496,1.38,2.29
2024-03-18 13:00:00,35.25,-2.187386869399475,2.07,2.1
2024-03-18 14:00:00,35.38,-1.6787984288960298,2.76,1.0
2024-03-18 15:00:00,35.5,-1.1801554319558032,3.44,0.43
2024-03-18 16:00:00,43.86,-0.6714475334488204,4.13,4.25
2024-03-18 17:00:00,47.7,-0.162656949481361,4.82,13.45
2024-03-18 18:00:00,73.45,0.3462379749319734,5.51,30.0
2024-03-18 19:00:00,125.16,64.64786943568414,70.0,80.5
2024-03-18 20:00:00,114.24,82.4346931628323,87.97,82.61
2024-03-18 21:00:00,95.85,70.92463695478779,76.64,73.35
2024-03-18 22:00:00,77.8,69.1032575510522,75.0,51.06
2024-03-18 23:00:00,70.51,20.027165045278128,26.1,35.58
2024-03-19 00:00:00,69.14,66.56137146549979,35.0,64.12
2024-03-19 01:00:00,65.06,58.68061206801942,27.3,50.3
2024-03-19 02:00:00,58.13,56.19928060398495,25.0,48.85
2024-03-19 03:00:00,56.18,55.61779322749107,24.6,47.44
2024-03-19 04:00:00,53.0,55.8362808112492,25.0,46.03
2024-03-19 05:00:00,58.76,73.16285552444826,42.51,44.28
2024-03-19 06:00:00,76.18,90.48940902463748,60.02,61.71
2024-03-19 07:00:00,101.64,120.08442589820142,89.8,94.68
2024-03-19 08:00:00,95.87,105.10432536091608,75.0,94.45
2024-03-19 09:00:00,58.13,49.9286690944039,20.0,52.61
2024-03-19 10:00:00,37.28,30.24897049946172,0.5,42.1
2024-03-19 11:00:00,35.26,29.997180333676145,0.43,35.0
2024-03-19 12:00:00,35.0,29.535560657665325,0.15,35.12
2024-03-19 13:00:00,35.14,29.304055928570296,0.1,4.15
2024-03-19 14:00:00,35.27,29.28267121298145,0.26,6.0
2024-03-19 15:00:00,35.4,29.2614411708728,0.42,7.86
2024-03-19 16:00:00,35.54,31.660104997871223,3.0,9.72
2024-03-19 17:00:00,54.5,48.57727638774473,20.1,14.95
2024-03-19 18:00:00,76.62,88.31193720517757,60.02,35.0
2024-03-19 19:00:00,128.96,127.0966632073551,98.99,79.96
2024-03-19 20:00:00,110.0,201.73701037026595,173.82,77.89
2024-03-19 21:00:00,92.01,145.64189467418598,117.9,72.33
2024-03-19 22:00:00,81.75,98.105487454883,70.54,72.1
2024-03-19 23:00:00,76.1,89.37453478543527,61.99,65.91
2024-03-20 00:00:00,70.0,87.76015266439086,55.09,69.14
2024-03-20 01:00:00,68.57,67.4905385947449,35.0,65.06
2024-03-20 02:00:00,60.78,58.40970550079157,26.1,58.13
2024-03-20 03:00:00,50.53,56.22818304160428,24.1,56.18
2024-03-20 04:00:00,42.84,56.68646423375625,24.74,53.0
2024-03-20 05:00:00,58.0,56.87487701122137,25.11,58.76
2024-03-20 06:00:00,68.0,89.11967188784712,57.54,76.18
2024-03-20 07:00:00,88.38,119.42460913183535,88.03,101.64
2024-03-20 08:00:00,85.25,117.9529729712656,86.74,95.87
2024-03-20 09:00:00,61.76,53.11841854936502,22.08,58.13
2024-03-20 10:00:00,35.7,40.85784816619433,10.0,37.28
2024-03-20 11:00:00,35.0,33.87678921355435,3.2,35.26
2024-03-20 12:00:00,33.26,33.49510995935278,3.0,35.0
2024-03-20 13:00:00,27.0,32.613625387814295,2.3,35.25
2024-03-20 14:00:00,27.28,32.1422331581107,2.01,35.38
2024-03-20 15:00:00,28.69,32.250922850614536,2.3,35.5
2024-03-20 16:00:00,34.15,32.969705996128894,3.2,43.86
2024-03-20 17:00:00,35.43,51.20664382756713,21.62,47.7
2024-03-20 18:00:00,61.02,105.80948270484444,76.41,73.45
2024-03-20 19:00:00,97.01,127.99592524923996,98.78,125.16
2024-03-20 20:00:00,100.76,163.3505929645144,134.32,114.24
2024-03-20 21:00:00,79.25,117.9041953231579,89.05,95.85
2024-03-20 22:00:00,68.0,96.93478287138448,68.26,77.8
2024-03-20 23:00:00,50.0,86.05412738593084,57.56,70.51
2024-03-21 00:00:00,35.0,65.56192591972294,37.48,70.0
2024-03-21 01:00:00,34.47,58.95083368881773,31.05,68.57
2024-03-21 02:00:00,33.97,53.81964181860504,26.1,60.78
2024-03-21 03:00:00,34.17,52.13813749404535,24.6,50.53
2024-03-21 04:00:00,34.07,55.186173264329845,27.83,42.84
2024-03-21 05:00:00,35.0,58.22427756293571,31.05,58.0
2024-03-21 06:00:00,45.48,63.82213559175757,36.83,68.0
2024-03-21 07:00:00,55.96,114.65477120480602,87.85,88.38
2024-03-21 08:00:00,45.02,96.625123436739,70.0,85.25
2024-03-21 09:00:00,35.0,61.447289900832665,35.0,61.76
2024-03-21 10:00:00,30.0,57.315864819264895,31.05,35.7
2024-03-21 11:00:00,17.27,38.08620061471292,12.0,35.0
2024-03-21 12:00:00,15.99,36.104637778664426,10.2,33.26
2024-03-21 13:00:00,14.0,34.86308716686688,9.14,35.14
2024-03-21 14:00:00,10.83,29.04216415547712,3.5,35.27
2024-03-21 15:00:00,10.61,28.560749830702616,3.2,35.4
2024-03-21 16:00:00,15.98,34.31874779314116,9.14,35.54
2024-03-21 17:00:00,26.1,46.706092943595166,21.71,54.5
2024-03-21 18:00:00,35.0,59.813419205423095,35.0,76.62
2024-03-21 19:00:00,70.4,110.44640809179084,85.82,128.96
2024-03-21 20:00:00,84.0,102.69591125861214,78.25,110.0
2024-03-21 21:00:00,65.86,87.0661280019219,62.8,92.01
2024-03-21 22:00:00,48.0,83.9947767760169,59.91,81.75
2024-03-21 23:00:00,40.0,61.38558714416565,37.48,76.1
2024-03-22 00:00:00,25.0,38.58199661254231,34.97,35.0
2024-03-22 01:00:00,20.1,30.63116194125821,27.2,34.47
2024-03-22 02:00:00,17.2,27.349823421215444,24.1,33.97
2024-03-22 03:00:00,16.7,26.6682299919168,23.6,34.17
2024-03-22 04:00:00,18.9,23.77693601667105,20.89,34.07
2024-03-22 05:00:00,25.0,26.805011239118,24.1,35.0
2024-03-22 06:00:00,35.0,35.78243352075334,33.26,45.48
2024-03-22 07:00:00,49.19,54.25874052166033,51.92,55.96
2024-03-22 08:00:00,35.0,42.48843354309314,40.33,45.02
2024-03-22 09:00:00,20.0,26.07860477074815,24.1,35.0
2024-03-22 10:00:00,14.5,17.147933366932833,15.35,30.0
2024-03-22 11:00:00,7.0,16.666349269782778,15.05,17.27
2024-03-22 12:00:00,3.35,13.86509855818121,12.43,15.99
2024-03-22 13:00:00,2.44,12.203795076714716,10.95,27.0
2024-03-22 14:00:00,1.1,11.622458953732924,10.55,27.28
2024-03-22 15:00:00,3.19,13.740914956564056,12.85,28.69
2024-03-22 16:00:00,3.35,15.859479421310697,15.15,34.15
2024-03-22 17:00:00,14.7,25.527287084734247,25.0,35.43
2024-03-22 18:00:00,35.0,40.34458966397281,40.0,61.02
2024-03-22 19:00:00,57.3,88.16810690535802,88.01,97.01
2024-03-22 20:00:00,53.92,123.55286846498504,123.58,100.76
2024-03-22 21:00:00,35.0,109.792950724794,110.0,79.25
2024-03-22 22:00:00,29.16,74.5152328581044,74.9,68.0
2024-03-22 23:00:00,15.6,49.02627391499895,49.59,50.0
2024-03-23 00:00:00,3.2,33.92195872897467,45.18,25.0
2024-03-23 01:00:00,3.03,30.87046875250368,42.31,20.1
2024-03-23 02:00:00,0.9,26.36916489606357,37.99,17.2
2024-03-23 03:00:00,2.71,23.777667201632003,35.58,16.7
2024-03-23 04:00:00,2.05,23.01598511819476,35.0,18.9
2024-03-23 05:00:00,2.0,29.003539595407137,41.17,25.0
2024-03-23 06:00:00,2.1,35.93095756115552,48.28,35.0
2024-03-23 07:00:00,2.3,24.9203739307972,37.45,49.19
2024-03-23 08:00:00,0.43,13.739773852269408,26.45,35.0
2024-03-23 09:00:00,0.0,1.879260306038588,14.77,20.0
2024-03-23 10:00:00,0.05,-2.572056254701112,10.5,14.5
2024-03-23 11:00:00,0.11,-7.833214123610541,5.42,7.0
2024-03-23 12:00:00,0.16,-10.234621279494272,3.2,3.35
2024-03-23 13:00:00,0.22,-11.516070093654852,2.1,14.0
2024-03-23 14:00:00,0.27,-12.7974259190623,1.0,10.83
2024-03-23 15:00:00,0.32,-13.54873972242607,0.43,10.61
2024-03-23 16:00:00,0.38,-9.910445259424858,4.25,15.98
2024-03-23 17:00:00,0.43,-0.8926618399221087,13.45,26.1
2024-03-23 18:00:00,3.19,15.474353373787682,30.0,35.0
2024-03-23 19:00:00,3.2,65.78745067799741,80.5,70.4
2024-03-23 20:00:00,9.01,67.71591370031142,82.61,84.0
2024-03-23 21:00:00,7.18,58.27545455088164,73.35,65.86
2024-03-23 22:00:00,3.2,35.80632030635684,51.06,48.0
2024-03-23 23:00:00,1.68,20.14632976026391,35.58,40.0
2024-03-24 00:00:00,0.16,29.7802518404822,35.0,3.2
2024-03-24 01:00:00,0.0,24.59906493741269,30.0,3.03
2024-03-24 02:00:00,0.0,19.567871042851948,25.15,0.9
2024-03-24 03:00:00,0.0,19.336146675474268,25.1,2.71
2024-03-24 04:00:00,0.01,19.10443764571092,25.05,2.05
2024-03-24 05:00:00,0.01,18.87273427274424,25.0,2.0
2024-03-24 06:00:00,0.01,15.141432945975952,21.45,2.1
2024-03-24 07:00:00,0.1,17.509431488704333,24.0,2.3
2024-03-24 08:00:00,0.0,4.579186461051297,11.25,0.43
2024-03-24 09:00:00,0.05,4.487499060573411,11.34,0.0
2024-03-24 10:00:00,0.1,2.686047761597621,9.72,0.05
2024-03-24 11:00:00,0.14,-6.784472540027596,0.43,0.11
2024-03-24 12:00:00,0.19,-5.106192603270502,2.29,0.16
2024-03-24 13:00:00,0.24,-3.427827824120444,4.15,2.44
2024-03-24 14:00:00,0.29,-1.7593798051869975,6.0,1.1
2024-03-24 15:00:00,0.33,-0.0808485754153411,7.86,3.19
2024-03-24 16:00:00,0.38,1.5977743888885223,9.72,3.35
2024-03-24 17:00:00,0.43,6.646111376772232,14.95,14.7
2024-03-24 18:00:00,3.2,26.512834916992897,35.0,35.0
2024-03-24 19:00:00,16.7,71.28669587977798,79.96,57.3
2024-03-24 20:00:00,35.0,69.03581172060677,77.89,53.92
2024-03-24 21:00:00,35.0,63.29517314004344,72.33,35.0
2024-03-24 22:00:00,35.0,62.88380614375805,72.1,29.16
2024-03-24 23:00:00,35.0,56.51303038663894,65.91,15.6
2024-03-25 00:00:00,35.0,59.8384082030938,64.12,0.16
2024-03-25 01:00:00,30.0,45.838412764342046,50.3,0.0
2024-03-25 02:00:00,28.26,44.20700846733981,48.85,0.0
2024-03-25 03:00:00,30.5,42.61563170501246,47.44,0.0
2024-03-25 04:00:00,28.35,41.02429591811888,46.03,0.01
2024-03-25 05:00:00,34.47,39.09305181674816,44.28,0.01
2024-03-25 06:00:00,35.0,56.3396530508012,61.71,0.01
2024-03-25 07:00:00,75.75,89.12443132373173,94.68,0.1
2024-03-25 08:00:00,59.0,88.71285526666752,94.45,0.0
2024-03-25 09:00:00,35.0,46.69589796133042,52.61,0.05
2024-03-25 10:00:00,20.0,36.005330335520775,42.1,0.1
2024-03-25 11:00:00,13.3,28.724435381890537,35.0,0.14
2024-03-25 12:00:00,12.21,28.662802318902585,35.12,0.19
2024-03-25 13:00:00,4.0,28.61126209919339,35.25,0.22
2024-03-25 14:00:00,3.2,28.559816699886014,35.38,0.27
2024-03-25 15:00:00,2.1,28.498473866662263,35.5,0.32
2024-03-25 16:00:00,3.12,36.67629005872111,43.86,0.38
2024-03-25 17:00:00,3.2,40.33471656660474,47.7,0.43
2024-03-25 18:00:00,11.61,65.90069309006361,73.45,3.19
2024-03-25 19:00:00,20.02,117.42363246856068,125.16,3.2
2024-03-25 20:00:00,35.0,106.3235347714824,114.24,9.01
2024-03-25 21:00:00,29.11,87.75408028113316,95.85,7.18
2024-03-25 22:00:00,17.2,69.52446780597637,77.8,3.2
2024-03-25 23:00:00,12.9,62.05358441980519,70.51,1.68
2024-03-26 00:00:00,3.2,44.052763988148406,69.14,35.0
2024-03-26 01:00:00,3.19,39.79156416346187,65.06,30.0
2024-03-26 02:00:00,1.54,32.68070435281598,58.13,28.26
2024-03-26 03:00:00,1.0,30.549310123522886,56.18,30.5
2024-03-26 04:00:00,0.98,27.18810840423976,53.0,28.35
2024-03-26 05:00:00,2.09,32.76593747319379,58.76,34.47
2024-03-26 06:00:00,3.2,50.00245162977567,76.18,35.0
2024-03-26 07:00:00,4.0,75.27797494881418,101.64,75.75
2024-03-26 08:00:00,3.2,69.32691405923201,95.87,59.0
2024-03-26 09:00:00,1.2,31.40937721961308,58.13,35.0
2024-03-26 10:00:00,0.2,10.37989670970439,37.28,20.0
2024-03-26 11:00:00,0.0,8.178347087563516,35.26,13.3
2024-03-26 12:00:00,0.09,7.736704649260411,35.0,12.21
2024-03-26 13:00:00,0.18,7.695121151716273,35.14,0.24
2024-03-26 14:00:00,0.28,7.643642320590145,35.27,0.29
2024-03-26 15:00:00,0.37,7.592271549252311,35.4,0.33
2024-03-26 16:00:00,0.46,7.551018805071252,35.54,0.38
2024-03-26 17:00:00,0.55,26.32772191985604,54.5,0.43
2024-03-26 18:00:00,2.0,48.26411411993279,76.62,3.2
2024-03-26 19:00:00,5.0,100.41696155817482,128.96,16.7
2024-03-26 20:00:00,14.0,81.27775837977975,110.0,35.0
2024-03-26 21:00:00,7.5,63.10824564223577,92.01,35.0
2024-03-26 22:00:00,3.2,52.667740836893984,81.75,35.0
2024-03-26 23:00:00,1.69,46.83665623701194,76.1,35.0
2024-03-27 00:00:00,3.2,32.911680608042,70.0,3.2
2024-03-27 01:00:00,0.57,31.300114187098263,68.57,3.19
2024-03-27 02:00:00,0.01,23.329271038674047,60.78,1.54
2024-03-27 03:00:00,0.0,12.898732222600753,50.53,1.0
2024-03-27 04:00:00,0.03,5.027964352853892,42.84,0.98
2024-03-27 05:00:00,0.07,20.00465323883742,58.0,2.09
2024-03-27 06:00:00,0.1,29.821958042742043,68.0,3.2
2024-03-27 07:00:00,0.54,50.01802044419419,88.38,4.0
2024-03-27 08:00:00,0.43,46.70664974955831,85.25,3.2
2024-03-27 09:00:00,0.13,23.037487791295845,61.76,1.2
2024-03-27 10:00:00,0.0,-3.2014122093957487,35.7,0.2
2024-03-27 11:00:00,0.05,-4.083159809047059,35.0,0.0
2024-03-27 12:00:00,0.11,-6.004707527603941,33.26,0.09
2024-03-27 13:00:00,0.16,-12.445653973558136,27.0,4.0
2024-03-27 14:00:00,0.22,-12.347252425537304,27.28,3.2
2024-03-27 15:00:00,0.27,-11.118878280958212,28.69,2.1
2024-03-27 16:00:00,0.32,-5.840872795564218,34.15,3.12
2024-03-27 17:00:00,0.38,-4.742301975863132,35.43,3.2
2024-03-27 18:00:00,0.43,20.663540603344,61.02,11.61
2024-03-27 19:00:00,3.17,56.46814138374151,97.01,20.02
2024-03-27 20:00:00,3.2,60.03625491595559,100.76,35.0
2024-03-27 21:00:00,3.11,38.34705642267827,79.25,29.11
2024-03-27 22:00:00,3.02,26.91654412774681,68.0,17.2
2024-03-27 23:00:00,0.12,8.73673874284604,50.0,12.9
2024-03-28 00:00:00,0.4,-0.3261470243519775,35.0,3.2
2024-03-28 01:00:00,0.0,-1.037864974040445,34.47,0.57
2024-03-28 02:00:00,0.0,-1.7195316098284676,33.97,0.01
2024-03-28 03:00:00,0.01,-1.7012322731520255,34.17,0.0
2024-03-28 04:00:00,0.01,-1.98285989617812,34.07,0.03
2024-03-28 05:00:00,0.02,-1.234573446671582,35.0,0.07
2024-03-28 06:00:00,0.02,9.062630712485603,45.48,0.1
2024-03-28 07:00:00,0.34,19.35979722476097,55.96,0.54
2024-03-28 08:00:00,0.19,8.239344434324597,45.02,0.43
2024-03-28 09:00:00,0.0,-1.9612644532342904,35.0,0.13
2024-03-28 10:00:00,0.0,-7.142460146430449,30.0,0.0
2024-03-28 11:00:00,0.0,-20.05274938852448,17.27,0.05
2024-03-28 12:00:00,0.01,-21.51429498762111,15.99,0.11
2024-03-28 13:00:00,0.01,-23.68568863767108,14.0,0.18
2024-03-28 14:00:00,0.01,-27.03686881647211,10.83,0.28
2024-03-28 15:00:00,0.02,-27.43829575538616,10.61,0.37
2024-03-28 16:00:00,0.02,-22.250268223313974,15.98,0.46
2024-03-28 17:00:00,0.02,-12.3127076615946,26.1,0.55
2024-03-28 18:00:00,0.6,-3.5949632020121904,35.0,2.0
2024-03-28 19:00:00,3.2,31.619720256747087,70.4,5.0
2024-03-28 20:00:00,2.77,45.036757661989824,84.0,14.0
2024-03-28 21:00:00,2.34,26.7172326891964,65.86,7.5
2024-03-28 22:00:00,1.9,8.677533711553668,48.0,3.2
2024-03-28 23:00:00,1.47,0.4966401561887117,40.0,1.69
2024-03-29 00:00:00,2.0,6.842329345002415,25.0,0.4
2024-03-29 01:00:00,0.58,1.7611198571213509,20.1,0.0
2024-03-29 02:00:00,0.52,-1.320264759486998,17.2,0.0
2024-03-29 03:00:00,0.5,-2.001864442079337,16.7,0.01
2024-03-29 04:00:00,0.57,0.0162824321306339,18.9,0.01
2024-03-29 05:00:00,1.0,5.934021170965833,25.0,0.02
2024-03-29 06:00:00,2.0,15.75131631786292,35.0,0.02
2024-03-29 07:00:00,3.1,29.758076771425173,49.19,0.34
2024-03-29 08:00:00,1.47,15.387993417453048,35.0,0.19
2024-03-29 09:00:00,1.0,0.2079415335222264,20.0,0.0
2024-03-29 10:00:00,0.9,-5.4732019090537465,14.5,0.0
2024-03-29 11:00:00,0.77,-13.15408601274241,7.0,0.0
2024-03-29 12:00:00,0.53,-16.98535788797683,3.35,0.01
2024-03-29 13:00:00,0.5,-18.07687652507975,2.44,0.16
2024-03-29 14:00:00,0.47,-19.598273643659645,1.1,0.22
2024-03-29 15:00:00,0.4,-17.68998904712878,3.19,0.27
2024-03-29 16:00:00,0.45,-17.711408742386208,3.35,0.32
2024-03-29 17:00:00,0.5,-6.544045434259648,14.7,0.38
2024-03-29 18:00:00,3.2,13.572308921167684,35.0,0.43
2024-03-29 19:00:00,6.82,35.68835835843656,57.3,3.17
2024-03-29 20:00:00,17.47,32.12719396263182,53.92,3.2
2024-03-29 21:00:00,21.42,13.027659505904875,35.0,3.11
2024-03-29 22:00:00,16.0,7.006535926550043,29.16,3.02
2024-03-29 23:00:00,15.14,-6.733747029671638,15.6,0.12
2024-03-30 00:00:00,10.6,8.402782870961973,3.2,2.0
2024-03-30 01:00:00,6.66,7.226875582174864,3.03,0.58
2024-03-30 02:00:00,4.91,4.315878598524582,0.9,0.52
2024-03-30 03:00:00,3.2,4.593313239180809,2.71,0.5
2024-03-30 04:00:00,3.6,3.7763699861873072,2.05,0.57
2024-03-30 05:00:00,4.0,5.381718192696488,2.0,1.0
2024-03-30 06:00:00,6.0,7.367195331250329,2.1,2.0
2024-03-30 07:00:00,5.04,4.059361190240583,2.3,3.1
2024-03-30 08:00:00,3.2,-0.6746031639044414,0.43,1.47
2024-03-30 09:00:00,1.0,-4.650546395305575,0.0,1.0
2024-03-30 10:00:00,0.58,-6.087130588154988,0.05,0.9
2024-03-30 11:00:00,0.43,-7.7822650230884385,0.11,0.77
2024-03-30 12:00:00,0.44,-8.62112091746285,0.16,0.53
2024-03-30 13:00:00,0.46,-9.113934685720714,0.22,0.01
2024-03-30 14:00:00,0.47,-9.61302442882584,0.27,0.01
2024-03-30 15:00:00,0.49,-9.954139781280809,0.32,0.02
2024-03-30 16:00:00,0.5,-8.977055135047591,0.38,0.02
2024-03-30 17:00:00,1.47,-6.398918337070287,0.43,0.02
2024-03-30 18:00:00,3.5,0.1753019516633571,3.19,0.6
2024-03-30 19:00:00,9.36,15.174642501315931,3.2,3.2
2024-03-30 20:00:00,16.7,19.471182087677988,9.01,2.77
2024-03-30 21:00:00,16.27,15.272589875788851,7.18,2.34
2024-03-30 22:00:00,6.66,5.708473462235007,3.2,1.9
2024-03-30 23:00:00,3.38,-0.186623969082694,1.68,1.47
2024-03-31 00:00:00,3.2,-1.3539248247274305,0.16,10.6
2024-03-31 01:00:00,1.63,-1.6633924025514737,0.0,6.66
2024-03-31 02:00:00,0.5,-1.8128855837414848,0.0,4.91
2024-03-31 03:00:00,0.53,-1.962379120331473,0.0,3.2
2024-03-31 04:00:00,0.57,-2.1018732521105865,0.01,3.6
2024-03-31 05:00:00,0.6,-2.25136666662627,0.01,4.0
2024-03-31 06:00:00,0.5,-2.40086110030736,0.01,6.0
2024-03-31 07:00:00,0.6,-2.460359839240479,0.1,5.04
2024-03-31 08:00:00,0.5,-2.709847534317192,0.0,3.2
2024-03-31 09:00:00,0.45,-2.809343861263664,0.05,1.0
2024-03-31 10:00:00,0.4,-2.908841818409376,0.1,0.58
2024-03-31 11:00:00,0.0,-3.018338995946991,0.14,0.43
2024-03-31 12:00:00,0.21,-3.117836797300634,0.19,0.44
2024-03-31 13:00:00,0.42,-3.2173347226848663,0.24,0.5
2024-03-31 14:00:00,0.63,-3.316832507277668,0.29,0.47
2024-03-31 15:00:00,0.84,-3.426329856782709,0.33,0.4
2024-03-31 16:00:00,1.06,-3.5258260662911933,0.38,0.45
2024-03-31 17:00:00,1.27,-3.625340152153037,0.43,0.5
2024-03-31 18:00:00,1.48,-1.0051512406840504,3.2,3.2
2024-03-31 19:00:00,1.69,12.344178959908522,16.7,6.82
2024-03-31 20:00:00,3.2,30.493248459949434,35.0,17.47
2024-03-31 21:00:00,2.42,30.343580261477005,35.0,21.42
2024-03-31 22:00:00,1.63,30.19410452267139,35.0,16.0
2024-03-31 23:00:00,0.7,30.044604557223074,35.0,15.14
2024-04-01 00:00:00,0.02,33.22301479816747,35.0,3.2
2024-04-01 01:00:00,0.0,28.07389729431964,30.0,1.63
2024-04-01 02:00:00,0.03,26.184553147764834,28.26,0.5
2024-04-01 03:00:00,0.06,28.27494195467889,30.5,0.53
2024-04-01 04:00:00,0.1,25.975510540244187,28.35,0.57
2024-04-01 05:00:00,0.13,31.94564371467041,34.47,0.6
2024-04-01 06:00:00,1.19,32.32561369954381,35.0,0.5
2024-04-01 07:00:00,0.94,72.92337331657122,75.75,0.6
2024-04-01 08:00:00,0.13,56.02488401931576,59.0,0.5
2024-04-01 09:00:00,0.0,31.87745785024961,35.0,0.45
2024-04-01 10:00:00,-0.0,16.72932521767563,20.0,0.4
2024-04-01 11:00:00,-0.0,9.880443120179136,13.3,0.0
2024-04-01 12:00:00,-0.01,8.641166799130211,12.21,0.21
2024-04-01 13:00:00,-0.01,0.2822698172945916,4.0,0.46
2024-04-01 14:00:00,-0.01,-0.6670704734469524,3.2,0.47
2024-04-01 15:00:00,-0.0,-1.916496878017242,2.1,0.49
2024-04-01 16:00:00,0.0,-1.0460445021477192,3.12,0.5
2024-04-01 17:00:00,0.22,-1.115634684518486,3.2,1.47
2024-04-01 18:00:00,0.44,7.1442034527589255,11.61,3.5
2024-04-01 19:00:00,11.33,15.4038668158648,20.02,9.36
2024-04-01 20:00:00,21.43,30.233279229718367,35.0,16.7
2024-04-01 21:00:00,17.47,24.194177318441405,29.11,16.27
2024-04-01 22:00:00,12.58,12.135640017821734,17.2,6.66
2024-04-01 23:00:00,3.6,7.686667250321414,12.9,3.38
2024-04-02 00:00:00,3.25,-10.813619647728135,3.2,0.02
2024-04-02 01:00:00,2.44,-10.972999444267844,3.19,0.0
2024-04-02 02:00:00,1.63,-12.772379504963729,1.54,0.03
2024-04-02 03:00:00,2.0,-13.46181541216116,1.0,0.06
2024-04-02 04:00:00,3.25,-13.63131398548367,0.98,0.1
2024-04-02 05:00:00,20.0,-12.670897026095526,2.09,0.13
2024-04-02 06:00:00,35.0,-11.710489596668404,3.2,1.19
2024-04-02 07:00:00,22.51,-11.060043880030364,4.0,0.94
2024-04-02 08:00:00,10.02,-12.009468056370135,3.2,0.13
2024-04-02 09:00:00,1.63,-14.15880026849079,1.2,0.0
2024-04-02 10:00:00,0.44,-15.30820076303648,0.2,-0.0
2024-04-02 11:00:00,0.22,-15.657672456430566,0.0,-0.0
2024-04-02 12:00:00,0.01,-15.717171865435928,0.09,-0.01
2024-04-02 13:00:00,0.0,-15.776673670223266,0.18,0.42
2024-04-02 14:00:00,0.0,-15.826175846124338,0.28,0.63
2024-04-02 15:00:00,0.01,-15.88567756340952,0.37,0.84
2024-04-02 16:00:00,0.94,-15.94517787019323,0.46,1.06
2024-04-02 17:00:00,2.77,-16.00469135185141,0.55,1.27
2024-04-02 18:00:00,8.69,-14.704309828731754,2.0,1.48
2024-04-02 19:00:00,34.9,-11.85413004361576,5.0,1.69
2024-04-02 20:00:00,35.0,-3.004230092262059,14.0,3.2
2024-04-02 21:00:00,29.6,-9.653308488300334,7.5,2.42
2024-04-02 22:00:00,5.0,-14.102403230365177,3.2,1.63
2024-04-02 23:00:00,3.25,-15.761770651665692,1.69,0.7
2024-04-03 00:00:00,1.68,1.3258385368763013,3.2,3.25
2024-04-03 01:00:00,1.35,-1.4534788356853994,0.57,2.44
2024-04-03 02:00:00,1.0,-2.162903625477043,0.01,1.63
2024-04-03 03:00:00,0.09,-2.322393659528805,0.0,2.0
2024-04-03 04:00:00,1.0,-2.441889816877255,0.03,3.25
2024-04-03 05:00:00,3.25,-2.5513862190206056,0.07,20.0
2024-04-03 06:00:00,28.07,-2.670886753422824,0.1,35.0
2024-04-03 07:00:00,34.9,-2.38041088001911,0.54,22.51
2024-04-03 08:00:00,5.5,-2.639898020549737,0.43,10.02
2024-04-03 09:00:00,2.0,-3.0893671491086927,0.13,1.63
2024-04-03 10:00:00,0.44,-3.368848847802392,0.0,0.44
2024-04-03 11:00:00,0.0,-3.468345339315681,0.05,0.22
2024-04-03 12:00:00,0.07,-3.557844093202496,0.11,0.01
2024-04-03 13:00:00,0.13,-3.657342187546767,0.16,-0.01
2024-04-03 14:00:00,0.2,-3.74684079723895,0.22,-0.01
2024-04-03 15:00:00,0.27,-3.8463387681994696,0.27,-0.0
2024-04-03 16:00:00,0.33,-3.945837032425081,0.32,0.0
2024-04-03 17:00:00,0.4,-4.035332926461562,0.38,0.22
2024-04-03 18:00:00,6.76,-4.13485859036223,0.43,0.44
2024-04-03 19:00:00,35.0,-1.54454769168525,3.17,11.33
2024-04-03 20:00:00,33.31,-1.6640702331976691,3.2,21.43
2024-04-03 21:00:00,31.62,-1.9035568285374007,3.11,17.47
2024-04-03 22:00:00,25.43,-2.1430130249452044,3.02,12.58
2024-04-03 23:00:00,2.6,-5.192302675657559,0.12,3.6
2024-04-04 00:00:00,0.44,-1.43392546018037,0.4,1.68
2024-04-04 01:00:00,3.25,-1.983396227017844,0.0,1.35
2024-04-04 02:00:00,4.99,-2.1328850610303083,0.0,1.0
2024-04-04 03:00:00,3.25,-2.2723796324509533,0.01,0.09
2024-04-04 04:00:00,5.9,-2.4218732387906394,0.01,1.0
2024-04-04 05:00:00,8.54,-2.561367020289544,0.02,3.25
2024-04-04 06:00:00,11.19,-2.7108639589554966,0.02,28.07
2024-04-04 07:00:00,13.47,-2.540378763677143,0.34,34.9
2024-04-04 08:00:00,3.74,-2.839862849050958,0.19,5.5
2024-04-04 09:00:00,0.44,-3.1793408883971708,0.0,2.0
2024-04-04 10:00:00,0.0,-3.3288325216944816,0.0,0.44
2024-04-04 11:00:00,0.41,-3.47832621149006,0.0,0.0
2024-04-04 12:00:00,0.81,-3.6178203192615626,0.01,0.07
2024-04-04 13:00:00,1.22,-3.767313826891456,0.01,0.0
2024-04-04 14:00:00,1.62,-3.916807329221715,0.01,0.0
2024-04-04 15:00:00,2.03,-4.05630148606821,0.02,0.01
2024-04-04 16:00:00,2.44,-4.205794677650502,0.02,0.94
2024-04-04 17:00:00,2.84,-4.35529137357673,0.02,2.77
2024-04-04 18:00:00,3.25,-3.9248531484246034,0.6,8.69
2024-04-04 19:00:00,10.0,-1.4745333567743328,3.2,34.9
2024-04-04 20:00:00,25.0,-2.0540183132967003,2.77,35.0
2024-04-04 21:00:00,4.6,-2.6334701393888365,2.34,29.6
2024-04-04 22:00:00,3.25,-3.222923439347513,1.9,5.0
2024-04-04 23:00:00,0.44,-3.802389002940939,1.47,3.25
2024-04-05 00:00:00,0.48,1.005947796520658,2.0,0.44
2024-04-05 01:00:00,0.01,-0.5634499058963038,0.58,3.25
2024-04-05 02:00:00,0.0,-0.7729236384174116,0.52,4.99
2024-04-05 03:00:00,0.13,-0.9424168775304942,0.5,3.25
2024-04-05 04:00:00,0.27,-1.0219185092992058,0.57,5.9
2024-04-05 05:00:00,0.4,-0.7414522523831999,1.0,8.54
2024-04-05 06:00:00,3.25,0.1089659781698814,2.0,11.19
2024-04-05 07:00:00,2.97,1.0594007937486902,3.1,13.47
2024-04-05 08:00:00,0.0,-0.7199823250677638,1.47,3.74
2024-04-05 09:00:00,-0.0,-1.3394236279641367,1.0,0.44
2024-04-05 10:00:00,-0.0,-1.588905752233282,0.9,0.0
2024-04-05 11:00:00,-0.01,-1.8683867586393057,0.77,0.41
2024-04-05 12:00:00,-0.01,-2.2578615570776304,0.53,0.81
2024-04-05 13:00:00,-0.01,-2.437350263667851,0.5,0.13
2024-04-05 14:00:00,-0.0,-2.61684067667626,0.47,0.2
2024-04-05 15:00:00,0.0,-2.836329518544509,0.4,0.27
2024-04-05 16:00:00,0.0,-2.9358238394253124,0.45,0.33
2024-04-05 17:00:00,0.01,-3.035346498918476,0.5,0.4
2024-04-05 18:00:00,0.02,-0.4850592208962404,3.2,6.76
2024-04-05 19:00:00,0.02,2.985057328572484,6.82,35.0
2024-04-05 20:00:00,2.0,13.48472618174075,17.47,33.31
2024-04-05 21:00:00,1.0,17.284901102968306,21.42,31.62
2024-04-05 22:00:00,0.0,11.715767506044823,16.0,25.43
2024-04-05 23:00:00,0.0,10.70643676475357,15.14,2.6
2024-04-06 00:00:00,-0.0,8.265163286533088,10.6,0.48
2024-04-06 01:00:00,-0.0,4.176012594143448,6.66,0.01
2024-04-06 02:00:00,-0.0,2.2766975073807094,4.91,0.0
2024-04-06 03:00:00,-0.0,0.4173362124328894,3.2,0.13
2024-04-06 04:00:00,-0.0,0.6678285069683112,3.6,0.27
2024-04-06 05:00:00,-0.01,0.9182795838650272,4.0,0.4
2024-04-06 06:00:00,-0.01,2.768648644304692,6.0,3.25
2024-04-06 07:00:00,-0.01,1.65922000584606,5.04,2.97
2024-04-06 08:00:00,-0.01,-0.3301085217830191,3.2,0.0
2024-04-06 09:00:00,-0.01,-2.679423603991513,1.0,-0.0
2024-04-06 10:00:00,-0.01,-3.2488647362180885,0.58,-0.0
2024-04-06 11:00:00,-0.01,-3.5483453038004247,0.43,-0.01
2024-04-06 12:00:00,-0.02,-3.6878383067189455,0.44,-0.01
2024-04-06 13:00:00,-0.02,-3.8173334497975855,0.46,1.22
2024-04-06 14:00:00,-0.02,-3.956828033560785,0.47,1.62
2024-04-06 15:00:00,-0.01,-4.086322226548039,0.49,2.03
2024-04-06 16:00:00,-0.0,-4.225824977472032,0.5,2.44
2024-04-06 17:00:00,0.0,-3.40540310569178,1.47,2.84
2024-04-06 18:00:00,0.01,-1.5251036752561378,3.5,3.25
2024-04-06 19:00:00,3.25,4.184891419975916,9.36,10.0
2024-04-06 20:00:00,8.0,11.374812882499953,16.7,25.0
2024-04-06 21:00:00,3.44,10.79537579826436,16.27,4.6
2024-04-06 22:00:00,3.25,1.0366106089812006,6.66,3.25
2024-04-06 23:00:00,0.97,-2.392551545734058,3.38,0.44
2024-04-07 00:00:00,0.15,0.9458433030779942,3.2,-0.0
2024-04-07 01:00:00,0.0,-0.7735273632893904,1.63,-0.0
2024-04-07 02:00:00,-0.0,-2.0529245157272307,0.5,-0.0
2024-04-07 03:00:00,-0.0,-2.1724104086137688,0.53,-0.0
2024-04-07 04:00:00,-0.0,-2.281908380704987,0.57,-0.0
2024-04-07 05:00:00,-0.0,-2.4014030717918526,0.6,-0.01
2024-04-07 06:00:00,-0.0,-2.6508907795585746,0.5,-0.01
2024-04-07 07:00:00,-0.01,-2.700389268563595,0.6,-0.01
2024-04-07 08:00:00,-0.01,-2.9498761983685435,0.5,-0.01
2024-04-07 09:00:00,-0.01,-3.149364826700312,0.45,-0.01
2024-04-07 10:00:00,-0.01,-3.348849977513497,0.4,-0.01
2024-04-07 11:00:00,-0.01,-3.898316441769698,0.0,-0.01
2024-04-07 12:00:00,-0.01,-3.837822685541723,0.21,-0.02
2024-04-07 13:00:00,-0.01,-3.777335554455896,0.42,-0.01
2024-04-07 14:00:00,-0.0,-3.716847760248336,0.63,-0.0
2024-04-07 15:00:00,-0.0,-3.656360144574991,0.84,0.0
2024-04-07 16:00:00,0.0,-3.585873115836858,1.06,0.0
2024-04-07 17:00:00,0.2,-3.525385631386812,1.27,0.01
2024-04-07 18:00:00,0.4,-3.464896490818852,1.48,0.02
2024-04-07 19:00:00,25.0,-3.40442304226359,1.69,0.02
2024-04-07 20:00:00,35.0,-2.044018475005055,3.2,2.0
2024-04-07 21:00:00,25.0,-2.973464512099639,2.42,1.0
2024-04-07 22:00:00,10.66,-3.912883355511549,1.63,0.0
2024-04-07 23:00:00,1.33,-4.992296495574487,0.7,0.0
2024-04-08 00:00:00,0.0,-1.9939024767331983,0.02,0.15
2024-04-08 01:00:00,0.54,-2.163388631466204,0.0,0.0
2024-04-08 02:00:00,1.08,-2.282884834325713,0.03,-0.0
2024-04-08 03:00:00,1.62,-2.402381137666486,0.06,-0.0
2024-04-08 04:00:00,2.17,-2.5118768954596606,0.1,-0.0
2024-04-08 05:00:00,2.71,-2.6313838949483888,0.13,-0.0
2024-04-08 06:00:00,3.25,-1.7209511800585309,1.19,-0.0
2024-04-08 07:00:00,1.62,-2.1204294930669008,0.94,-0.01
2024-04-08 08:00:00,0.0,-3.079860339886105,0.13,-0.01
2024-04-08 09:00:00,-0.0,-3.359336540517313,0.0,-0.01
2024-04-08 10:00:00,-0.0,-3.508829411395016,-0.0,-0.01
2024-04-08 11:00:00,-0.0,-3.65832277576622,-0.0,-0.01
2024-04-08 12:00:00,-0.01,-3.8178154736600463,-0.01,-0.01
2024-04-08 13:00:00,-0.01,-3.9673087713463806,-0.01,-0.02
2024-04-08 14:00:00,-0.01,-4.116802326415612,-0.01,-0.02
2024-04-08 15:00:00,-0.01,-4.256296152100042,-0.0,-0.01
2024-04-08 16:00:00,0.0,-4.405792688689798,0.0,-0.0
2024-04-08 17:00:00,0.15,-4.335294018683348,0.22,0.0
2024-04-08 18:00:00,0.29,-4.264906710468545,0.44,0.01
2024-04-08 19:00:00,0.44,6.474716136508993,11.33,3.25
2024-04-08 20:00:00,3.25,16.424429529520815,21.43,8.0
2024-04-08 21:00:00,1.0,12.315166051224804,17.47,3.44
2024-04-08 22:00:00,0.0,7.276162186407035,12.58,3.25
2024-04-08 23:00:00,0.0,-1.8526445311382265,3.6,0.97
2024-04-09 00:00:00,-0.0,1.455808493545535,3.25,0.0
2024-04-09 01:00:00,-0.0,0.4963763487024825,2.44,0.54
2024-04-09 02:00:00,-0.0,-0.4630546993419043,1.63,1.08
2024-04-09 03:00:00,-0.0,-0.2425644700298424,2.0,1.62
2024-04-09 04:00:00,-0.0,0.8576928227441769,3.25,2.17
2024-04-09 05:00:00,-0.01,17.45683042825337,20.0,2.71
2024-04-09 06:00:00,-0.01,32.306216147174446,35.0,3.25
2024-04-09 07:00:00,-0.01,19.667593412403207,22.51,1.62
2024-04-09 08:00:00,-0.01,7.029215002916311,10.02,0.0
2024-04-09 09:00:00,-0.01,-1.5095554290354205,1.63,-0.0
2024-04-09 10:00:00,-0.01,-2.848887197429092,0.44,-0.0
2024-04-09 11:00:00,-0.02,-3.218357967027541,0.22,-0.0
2024-04-09 12:00:00,-0.02,-3.577834555802468,0.01,-0.01
2024-04-09 13:00:00,-0.01,-3.737325342328088,0.0,-0.01
2024-04-09 14:00:00,-0.01,-3.8868181590515656,0.0,-0.0
2024-04-09 15:00:00,-0.01,-4.02632031578958,0.01,-0.0
2024-04-09 16:00:00,-0.0,-3.2458953831398416,0.94,0.0
2024-04-09 17:00:00,0.0,-1.5655628382563926,2.77,0.2
2024-04-09 18:00:00,0.01,4.204235936467636,8.69,0.4
2024-04-09 19:00:00,5.0,30.26281586303533,34.9,25.0
2024-04-09 20:00:00,14.72,30.21308250676496,35.0,35.0
2024-04-09 21:00:00,6.35,24.66424920861142,29.6,25.0
2024-04-09 22:00:00,5.0,-0.0834256774438393,5.0,10.66
2024-04-09 23:00:00,4.21,-1.9825311754142672,3.25,1.33
2024-04-10 00:00:00,3.25,-0.1440726623402818,1.68,-0.0
2024-04-10 01:00:00,1.0,-0.6235232594697124,1.35,-0.0
2024-04-10 02:00:00,0.44,-1.1229797604895468,1.0,-0.0
2024-04-10 03:00:00,0.35,-2.182414501273054,0.09,-0.0
2024-04-10 04:00:00,1.0,-1.4219625826798306,1.0,-0.0
2024-04-10 05:00:00,2.17,0.6781284487202831,3.25,-0.01
2024-04-10 06:00:00,35.0,25.346748617168927,28.07,-0.01
2024-04-10 07:00:00,7.68,32.02681546647848,34.9,-0.01
2024-04-10 08:00:00,0.0,2.4794014938634343,5.5,-0.01
2024-04-10 09:00:00,-0.01,-1.169520802338613,2.0,-0.01
2024-04-10 10:00:00,-0.03,-2.878892913605437,0.44,-0.01
2024-04-10 11:00:00,-0.04,-3.4683402424143823,0.0,-0.02
2024-04-10 12:00:00,-0.04,-3.547836183255512,0.07,-0.02
2024-04-10 13:00:00,-0.05,-3.637335534569836,0.13,-0.01
2024-04-10 14:00:00,-0.04,-3.716835072286584,0.2,-0.01
2024-04-10 15:00:00,-0.03,-3.7963350318474527,0.27,-0.01
2024-04-10 16:00:00,-0.02,-3.885830476855076,0.33,0.0
2024-04-10 17:00:00,-0.01,-3.9653660748378754,0.4,0.15
2024-04-10 18:00:00,0.0,2.2443957757835067,6.76,0.29
2024-04-10 19:00:00,6.0,30.33284527039164,35.0,0.44
2024-04-10 20:00:00,34.45,28.493201501152136,33.31,3.25
2024-04-10 21:00:00,5.0,26.653914331324675,31.62,1.0
2024-04-10 22:00:00,3.25,20.31510617700544,25.43,0.0
2024-04-10 23:00:00,3.25,-2.6626768297170083,2.6,0.0
2024-04-11 00:00:00,1.0,-1.4639688982755823,0.44,3.25
2024-04-11 01:00:00,0.04,1.196317726124884,3.25,1.0
2024-04-11 02:00:00,0.0,2.786692070603459,4.99,0.44
2024-04-11 03:00:00,0.74,0.8972825198700437,3.25,0.35
2024-04-11 04:00:00,1.47,3.3975952850770867,5.9,1.0
2024-04-11 05:00:00,3.6,5.887861025167609,8.54,2.17
2024-04-11 06:00:00,22.42,8.388121972363644,11.19,35.0
2024-04-11 07:00:00,17.04,10.518538332026926,13.47,7.68
2024-04-11 08:00:00,0.01,0.6397491613902273,3.74,0.0
2024-04-11 09:00:00,0.0,-2.809402634927769,0.44,-0.01
2024-04-11 10:00:00,-0.01,-3.3988447347385624,0.0,-0.03
2024-04-11 11:00:00,-0.01,-3.138368858199975,0.41,-0.04
2024-04-11 12:00:00,-0.02,-2.887898986614884,0.81,-0.04
2024-04-11 13:00:00,-0.02,-2.6274289602290164,1.22,-0.01
2024-04-11 14:00:00,-0.01,-2.376958506388869,1.62,-0.01
2024-04-11 15:00:00,-0.01,-2.116488603828758,2.03,-0.01
2024-04-11 16:00:00,-0.0,-1.8560192173698715,2.44,-0.0
2024-04-11 17:00:00,0.0,-1.6055439843955148,2.84,0.0
2024-04-11 18:00:00,4.9,-1.3451224761667928,3.25,0.01
2024-04-11 19:00:00,60.0,5.254725618101709,10.0,5.0
2024-04-11 20:00:00,70.95,20.104305332280138,25.0,14.72
2024-04-11 21:00:00,70.01,-0.4438740395800288,4.6,6.35
2024-04-11 22:00:00,34.08,-1.9430182819439936,3.25,5.0
2024-04-11 23:00:00,23.77,-4.902320978115944,0.44,4.21
2024-04-12 00:00:00,15.37,-2.143893299919396,0.48,1.0
2024-04-12 01:00:00,12.5,-2.7633564105714825,0.01,0.04
2024-04-12 02:00:00,11.94,-2.922845132801056,0.0,0.0
2024-04-12 03:00:00,12.49,-2.94234978483727,0.13,0.74
2024-04-12 04:00:00,16.93,-2.951852902640643,0.27,1.47
2024-04-12 05:00:00,33.47,-2.9713861550177096,0.4,3.6
2024-04-12 06:00:00,78.44,-0.2710835336771734,3.25,22.42
2024-04-12 07:00:00,74.04,-0.700555686616749,2.97,17.04
2024-04-12 08:00:00,5.85,-3.8198321846816974,0.0,0.01
2024-04-12 09:00:00,0.0,-3.969295642630007,-0.0,0.0
2024-04-12 10:00:00,-0.02,-4.118791901528666,-0.0,-0.01
2024-04-12 11:00:00,-0.04,-4.27828431429344,-0.01,-0.01
2024-04-12 12:00:00,-0.06,-4.427777642896764,-0.01,-0.02
2024-04-12 13:00:00,-0.08,-4.577271165884525,-0.01,-0.05
2024-04-12 14:00:00,-0.1,-4.71676528981014,-0.0,-0.04
2024-04-12 15:00:00,-0.03,-4.866258798505511,0.0,-0.03
2024-04-12 16:00:00,0.0,-5.015752273749782,0.0,-0.02
2024-04-12 17:00:00,7.88,-5.155246707434969,0.01,-0.01
2024-04-12 18:00:00,15.77,-5.294738841305796,0.02,0.0
2024-04-12 19:00:00,39.35,-5.444253612995321,0.02,6.0
2024-04-12 20:00:00,74.23,-3.6138785247424448,2.0,34.45
2024-04-12 21:00:00,38.05,-4.763310913753831,1.0,5.0
2024-04-12 22:00:00,26.67,-5.912720944788987,0.0,3.25
2024-04-12 23:00:00,24.15,-6.062205286706146,0.0,3.25
2024-04-13 00:00:00,17.73,-1.84391153755822,-0.0,15.37
2024-04-13 01:00:00,17.15,-1.993404862762104,-0.0,12.5
2024-04-13 02:00:00,11.13,-2.1428982833645387,-0.0,11.94
2024-04-13 03:00:00,7.74,-2.2923917055830505,-0.0,12.49
2024-04-13 04:00:00,6.79,-2.441885015821944,-0.0,16.93
2024-04-13 05:00:00,10.39,-2.601377717776339,-0.01,33.47
2024-04-13 06:00:00,11.76,-2.750871027933263,-0.01,78.44
2024-04-13 07:00:00,13.26,-2.900364450992788,-0.01,74.04
2024-04-13 08:00:00,0.01,-3.049857863048333,-0.01,5.85
2024-04-13 09:00:00,-0.02,-3.199351275102904,-0.01,0.0
2024-04-13 10:00:00,-0.1,-3.348844698171448,-0.01,-0.02
2024-04-13 11:00:00,-0.13,-3.4983380082368183,-0.01,-0.04
2024-04-13 12:00:00,-0.17,-3.657830711121539,-0.02,-0.06
2024-04-13 13:00:00,-0.2,-3.80732401190678,-0.02,-0.02
2024-04-13 14:00:00,-0.4,-3.9568175301901096,-0.02,-0.01
2024-04-13 15:00:00,-0.24,-4.096311730201612,-0.01,-0.01
2024-04-13 16:00:00,-0.08,-4.23580621854208,-0.0,-0.0
2024-04-13 17:00:00,0.0,-4.385297066878593,0.0,0.0
2024-04-13 18:00:00,3.25,-4.5248192287672335,0.01,4.9
2024-04-13 19:00:00,24.96,-1.4345965508981164,3.25,60.0
2024-04-13 20:00:00,35.0,3.165585922167835,8.0,70.95
2024-04-13 21:00:00,24.26,-1.5436291047153143,3.44,70.01
2024-04-13 22:00:00,13.83,-1.883035026961119,3.25,34.08
2024-04-13 23:00:00,5.79,-4.312361157441846,0.97,23.77
2024-04-14 00:00:00,2.74,-1.7939306441472858,0.15,17.73
2024-04-14 01:00:00,1.69,-2.093407299357984,0.0,17.15
2024-04-14 02:00:00,1.51,-2.2428997699293256,-0.0,11.13
2024-04-14 03:00:00,3.25,-2.3923932757182858,-0.0,7.74
2024-04-14 04:00:00,6.35,-2.541886678549506,-0.0,6.79
2024-04-14 05:00:00,12.86,-2.6913801025168684,-0.0,10.39
2024-04-14 06:00:00,13.0,-2.840873412583641,-0.0,11.76
2024-04-14 07:00:00,5.6,-3.0003661145551552,-0.01,13.26
2024-04-14 08:00:00,0.0,-3.1498594247085507,-0.01,0.01
2024-04-14 09:00:00,-0.53,-3.299352847787156,-0.01,-0.02
2024-04-14 10:00:00,-1.0,-3.448846259650471,-0.01,-0.1
2024-04-14 11:00:00,-1.0,-3.5983396736582534,-0.01,-0.13
2024-04-14 12:00:00,-1.0,-3.7478330768789374,-0.01,-0.17
2024-04-14 13:00:00,-1.01,-3.897326588631553,-0.01,-0.08
2024-04-14 14:00:00,-1.01,-4.036820753213204,-0.0,-0.1
2024-04-14 15:00:00,-0.63,-4.186313856009873,-0.0,-0.03
2024-04-14 16:00:00,-0.25,-4.335811455147789,0.0,0.0
2024-04-14 17:00:00,-0.02,-4.285297339447153,0.2,7.88
2024-04-14 18:00:00,2.5,-4.23504893062164,0.4,15.77
2024-04-14 19:00:00,18.41,20.213595190106908,25.0,39.35
2024-04-14 20:00:00,30.77,30.0632272930594,35.0,74.23
2024-04-14 21:00:00,19.72,19.91450505143076,25.0,38.05
2024-04-14 22:00:00,17.0,5.426236181389833,10.66,26.67
2024-04-14 23:00:00,7.3,-4.052443167019392,1.33,24.15
2024-04-15 00:00:00,3.25,-2.783920306995336,0.0,2.74
2024-04-15 01:00:00,1.77,-2.393451612382988,0.54,1.69
2024-04-15 02:00:00,0.44,-2.0029945583942097,1.08,1.51
2024-04-15 03:00:00,0.03,-1.6125364915935632,1.62,3.25
2024-04-15 04:00:00,0.07,-1.2120789312787674,2.17,6.35
2024-04-15 05:00:00,1.0,-0.8216229320143258,2.71,12.86
2024-04-15 06:00:00,10.75,-0.4311446649563947,3.25,13.0
2024-04-15 07:00:00,18.7,-2.210510587966846,1.62,5.6
2024-04-15 08:00:00,1.5,-3.979871567110623,0.0,0.0
2024-04-15 09:00:00,0.0,-4.129350023716122,-0.0,-0.53
2024-04-15 10:00:00,-0.0,-4.278844918528347,-0.0,-1.0
2024-04-15 11:00:00,-0.01,-4.428338083847498,-0.0,-1.0
2024-04-15 12:00:00,-0.04,-4.587830800095084,-0.01,-1.0
2024-04-15 13:00:00,-0.1,-4.737324108522584,-0.01,-0.2
2024-04-15 14:00:00,-0.32,-4.886817535032934,-0.01,-0.4
2024-04-15 15:00:00,-1.0,-5.036310913412192,-0.01,-0.24
2024-04-15 16:00:00,-0.09,-5.1758064231243495,0.0,-0.08
2024-04-15 17:00:00,0.0,-5.175312191968928,0.15,0.0
2024-04-15 18:00:00,0.44,-5.184815575744321,0.29,3.25
2024-04-15 19:00:00,10.0,-5.18435200477034,0.44,24.96
2024-04-15 20:00:00,19.72,-2.524024503276992,3.25,35.0
2024-04-15 21:00:00,6.0,-4.923376410560483,1.0,24.26
2024-04-15 22:00:00,4.2,-6.0727727660097965,0.0,13.83
2024-04-15 23:00:00,0.44,-6.22225845372899,0.0,5.79
2024-04-16 00:00:00,0.0,-1.8239120098478088,-0.0,3.25
2024-04-16 01:00:00,0.02,-1.973405348084912,-0.0,1.77
2024-04-16 02:00:00,0.03,-2.1228987674047586,-0.0,0.44
2024-04-16 03:00:00,0.05,-2.2723921897494987,-0.0,0.03
2024-04-16 04:00:00,0.06,-2.421885499975869,-0.0,0.07
2024-04-16 05:00:00,0.08,-2.58137820193252,-0.01,1.0
2024-04-16 06:00:00,6.0,-2.7308715120788256,-0.01,10.75
2024-04-16 07:00:00,4.47,-2.8803649352450336,-0.01,18.7
2024-04-16 08:00:00,0.0,-3.0298583462166264,-0.01,1.5
2024-04-16 09:00:00,-0.01,-3.17935176928594,-0.01,0.0
2024-04-16 10:00:00,-0.02,-3.328845080426392,-0.01,-0.0
2024-04-16 11:00:00,-0.03,-3.4883377722799263,-0.02,-0.01
2024-04-16 12:00:00,-0.1,-3.6378311851708407,-0.02,-0.04
2024-04-16 13:00:00,-0.11,-3.777325319860453,-0.01,-1.01
2024-04-16 14:00:00,-0.12,-3.926818828213285,-0.01,-1.01
2024-04-16 15:00:00,-0.13,-4.076312296208037,-0.01,-0.63
2024-04-16 16:00:00,-0.1,-4.215806804616342,-0.0,-0.25
2024-04-16 17:00:00,-0.01,-4.365296423484854,0.0,-0.02
2024-04-16 18:00:00,0.0,-4.50483117973517,0.01,2.5
2024-04-16 19:00:00,4.15,0.3352122599375143,5.0,18.41
2024-04-16 20:00:00,10.01,9.90506122598184,14.72,30.77
2024-04-16 21:00:00,5.0,1.3860811919656988,6.35,19.72
2024-04-16 22:00:00,3.25,-0.1132134906333582,5.0,17.0
2024-04-16 23:00:00,3.25,-1.0526385972585206,4.21,7.3
2024-04-17 00:00:00,2.51,1.3758059539053973,3.25,0.0
2024-04-17 01:00:00,1.77,-1.0235127951105782,1.0,0.02
2024-04-17 02:00:00,1.24,-1.7329423463816855,0.44,0.03
2024-04-17 03:00:00,1.0,-1.972434818478995,0.35,0.05
2024-04-17 04:00:00,1.5,-1.4719500429851855,1.0,0.06
2024-04-17 05:00:00,3.25,-0.4518977385715064,2.17,0.08
2024-04-17 06:00:00,19.72,32.226536378394634,35.0,6.0
2024-04-17 07:00:00,5.0,4.758727964429413,7.68,4.47
2024-04-17 08:00:00,0.44,-3.0699053791208297,0.0,0.0
2024-04-17 09:00:00,0.0,-3.229349832035663,-0.01,-0.01
2024-04-17 10:00:00,-0.01,-3.3988463452466613,-0.03,-0.02
2024-04-17 11:00:00,-0.02,-3.5583383973812324,-0.04,-0.03
2024-04-17 12:00:00,-0.03,-3.7078316605892505,-0.04,-0.1
2024-04-17 13:00:00,-0.05,-3.867324459580413,-0.05,-0.1
2024-04-17 14:00:00,-0.04,-4.006818576751356,-0.04,-0.32
2024-04-17 15:00:00,-0.03,-4.14631287874674,-0.03,-1.0
2024-04-17 16:00:00,-0.01,-4.285807477424974,-0.02,-0.09
2024-04-17 17:00:00,0.0,-4.4252988472915495,-0.01,0.0
2024-04-17 18:00:00,0.44,-4.564823048313537,0.0,0.44
2024-04-17 19:00:00,6.0,1.284934775055177,6.0,10.0
2024-04-17 20:00:00,22.34,29.58365787343774,34.45,19.72
2024-04-17 21:00:00,6.0,-0.0140098598521354,5.0,6.0
2024-04-17 22:00:00,3.25,-1.9130501079811248,3.25,4.2
2024-04-17 23:00:00,3.25,-2.0625359282506897,3.25,0.44
2024-04-18 00:00:00,2.9,-0.7840147512186671,1.0,2.51
2024-04-18 01:00:00,2.2,-1.893415831258572,0.04,1.77
2024-04-18 02:00:00,2.0,-2.0829056865738385,0.0,1.24
2024-04-18 03:00:00,1.77,-1.4924593095093757,0.74,1.0
2024-04-18 04:00:00,2.0,-0.9120146870059664,1.47,1.5
2024-04-18 05:00:00,3.25,1.068136487413158,3.6,3.25
2024-04-18 06:00:00,21.03,19.737321838118245,22.42,19.72
2024-04-18 07:00:00,6.0,14.208194617316323,17.04,5.0
2024-04-18 08:00:00,1.77,-2.970013748192326,0.01,0.44
2024-04-18 09:00:00,0.0,-3.1293385775291345,0.0,0.0
2024-04-18 10:00:00,-0.0,-3.288847696691753,-0.01,-0.01
2024-04-18 11:00:00,-0.0,-3.4383392904343704,-0.01,-0.02
2024-04-18 12:00:00,-0.01,-3.5978321512317484,-0.02,-0.03
2024-04-18 13:00:00,-0.01,-3.7473255481445977,-0.02,-0.11
2024-04-18 14:00:00,-0.01,-3.8868196778264497,-0.01,-0.12
2024-04-18 15:00:00,0.0,-4.036313253537327,-0.01,-0.13
2024-04-18 16:00:00,0.67,-4.175807791028778,-0.0,-0.1
2024-04-18 17:00:00,1.33,-4.325297003786008,0.0,-0.01
2024-04-18 18:00:00,2.0,0.4243056201225591,4.9,0.0
2024-04-18 19:00:00,12.17,55.37073424794778,60.0,4.15
2024-04-18 20:00:00,30.77,66.16987510369238,70.95,10.01
2024-04-18 21:00:00,14.21,65.08075094437534,70.01,5.0
2024-04-18 22:00:00,3.6,29.003925189377227,34.08,3.25
2024-04-18 23:00:00,13.07,18.54561615896959,23.77,3.25
2024-04-19 00:00:00,12.17,13.584661910019031,15.37,2.9
2024-04-19 01:00:00,12.59,10.565458023936316,12.5,2.2
2024-04-19 02:00:00,13.75,9.856023737118708,11.94,2.0
2024-04-19 03:00:00,9.02,10.256461477958894,12.49,1.77
2024-04-19 04:00:00,17.59,14.546521615620655,16.93,2.0
2024-04-19 05:00:00,25.73,30.93534717212926,33.47,3.25
2024-04-19 06:00:00,35.0,75.75246767222907,78.44,21.03
2024-04-19 07:00:00,21.8,71.20353617139445,74.04,6.0
2024-04-19 08:00:00,8.6,2.869040239636369,5.85,1.77
2024-04-19 09:00:00,3.35,-3.1293448485130453,0.0,0.0
2024-04-19 10:00:00,3.25,-3.29884463531106,-0.02,-0.0
2024-04-19 11:00:00,0.6,-3.46833544639935,-0.04,-0.0
2024-04-19 12:00:00,0.04,-3.637827157662424,-0.06,-0.01
2024-04-19 13:00:00,0.02,-3.807318608777644,-0.08,-0.05
2024-04-19 14:00:00,0.0,-3.976811828853641,-0.1,-0.04
2024-04-19 15:00:00,1.25,-4.056302959699327,-0.03,-0.03
2024-04-19 16:00:00,2.5,-4.17587423854844,0.0,-0.01
2024-04-19 17:00:00,7.62,3.554010782917248,7.88,0.0
2024-04-19 18:00:00,21.96,11.293671797417709,15.77,0.44
2024-04-19 19:00:00,34.96,34.722034686138514,39.35,6.0
2024-04-19 20:00:00,37.52,69.45018673753671,74.23,22.34
2024-04-19 21:00:00,35.0,33.1230453479437,38.05,6.0
2024-04-19 22:00:00,29.84,21.594785384586565,26.67,3.25
2024-04-19 23:00:00,24.69,18.92561425313206,24.15,3.25
2024-04-20 00:00:00,10.0,16.03441606005285,17.73,12.17
2024-04-20 01:00:00,11.39,15.305086662152906,17.15,12.59
2024-04-20 02:00:00,10.0,9.136054450114989,11.13,13.75
2024-04-20 03:00:00,9.57,5.596877280830579,7.74,9.02
2024-04-20 04:00:00,7.0,4.497444266591551,6.79,17.59
2024-04-20 05:00:00,7.54,7.947690586162649,10.39,25.73
2024-04-20 06:00:00,8.43,9.168033256274656,11.76,35.0
2024-04-20 07:00:00,7.42,10.518559005000723,13.26,21.8
2024-04-20 08:00:00,2.1,-2.880006514511838,0.01,8.6
2024-04-20 09:00:00,0.44,-3.059359374447961,-0.02,3.35
2024-04-20 10:00:00,0.05,-3.288860065732989,-0.1,3.25
2024-04-20 11:00:00,0.0,-3.4683488187182383,-0.13,0.6
2024-04-20 12:00:00,-0.01,-3.657839196673247,-0.17,0.04
2024-04-20 13:00:00,-0.03,-3.8373278737392815,-0.2,-0.01
2024-04-20 14:00:00,-0.04,-4.186808276913186,-0.4,-0.01
2024-04-20 15:00:00,-0.07,-4.176312721515126,-0.24,0.0
2024-04-20 16:00:00,-0.01,-4.165818942900799,-0.08,0.67
2024-04-20 17:00:00,0.04,-4.235332049375038,0.0,1.33
2024-04-20 18:00:00,3.25,-1.1352692554872024,3.25,2.0
2024-04-20 19:00:00,7.88,20.42354731764116,24.96,12.17
2024-04-20 20:00:00,10.0,30.313220802677804,35.0,30.77
2024-04-20 21:00:00,8.58,19.424508802075444,24.26,14.21
2024-04-20 22:00:00,7.54,8.845955049405857,13.83,3.6
2024-04-20 23:00:00,3.25,0.6571591597292553,5.79,13.07
2024-04-21 00:00:00,3.24,1.1058206895352125,2.74,10.0
2024-04-21 01:00:00,3.22,-0.0935705591188132,1.69,11.39
2024-04-21 02:00:00,3.25,-0.4230581474962917,1.51,10.0
2024-04-21 03:00:00,3.37,1.1673003864888498,3.25,9.57
2024-04-21 04:00:00,3.48,4.1175024816734425,6.35,7.0
2024-04-21 05:00:00,3.6,10.477507744403878,12.86,7.54
2024-04-21 06:00:00,7.46,10.468010871496922,13.0,8.43
2024-04-21 07:00:00,3.25,2.919105523810292,5.6,7.42
2024-04-21 08:00:00,0.44,-2.8299091691261964,0.0,2.1
2024-04-21 09:00:00,0.0,-3.509309940367756,-0.53,0.44
2024-04-21 10:00:00,-0.01,-4.128769420858133,-1.0,0.05
2024-04-21 11:00:00,-0.07,-4.278258059766148,-1.0,0.0
2024-04-21 12:00:00,-1.21,-4.427751874621018,-1.0,-0.01
2024-04-21 13:00:00,-1.49,-4.587244182489937,-1.01,0.02
2024-04-21 14:00:00,-1.5,-4.736741031376014,-1.01,0.0
2024-04-21 15:00:00,-1.32,-4.506265253224829,-0.63,1.25
2024-04-21 16:00:00,-0.25,-4.275790856549205,-0.25,2.5
2024-04-21 17:00:00,-0.01,-4.195315291380983,-0.02,7.62
2024-04-21 18:00:00,0.44,-1.825139856946194,2.5,21.96
2024-04-21 19:00:00,3.35,13.934071781007155,18.41,34.96
2024-04-21 20:00:00,8.93,26.14365032973449,30.77,37.52
2024-04-21 21:00:00,7.46,14.944849887089577,19.72,35.0
2024-04-21 22:00:00,3.6,12.075770150944592,17.0,29.84
2024-04-21 23:00:00,3.0,2.227022368396682,7.3,24.69
2024-04-22 00:00:00,2.0,1.2456657030955185,3.25,3.24
2024-04-22 01:00:00,1.1,-0.3836772568344892,1.77,3.22
2024-04-22 02:00:00,1.01,-1.8630597915501423,0.44,3.25
2024-04-22 03:00:00,0.49,-2.4225119160560857,0.03,3.37
2024-04-22 04:00:00,1.0,-2.532005842221172,0.07,3.48
2024-04-22 05:00:00,1.1,-1.7516565701959044,1.0,3.6
2024-04-22 06:00:00,3.25,7.848048335616578,10.75,7.46
2024-04-22 07:00:00,1.1,15.648065686257356,18.7,3.25
2024-04-22 08:00:00,0.0,-1.700261355848353,1.5,0.44
2024-04-22 09:00:00,-0.0,-3.349464234721545,0.0,0.0
2024-04-22 10:00:00,-0.01,-3.498960247744775,-0.0,-0.01
2024-04-22 11:00:00,-0.03,-3.6584524241879626,-0.01,-0.07
2024-04-22 12:00:00,-0.05,-3.8379431565811535,-0.04,-1.21
2024-04-22 13:00:00,-0.1,-4.047430518447661,-0.1,-0.03
2024-04-22 14:00:00,-0.25,-4.4168998044167775,-0.32,-0.04
2024-04-22 15:00:00,-0.3,-5.246351890624109,-1.0,-0.07
2024-04-22 16:00:00,-0.1,-4.48590455378555,-0.09,-0.01
2024-04-22 17:00:00,0.0,-4.545410339481066,0.0,0.04
2024-04-22 18:00:00,0.45,-4.255022064951502,0.44,3.25
2024-04-22 19:00:00,6.0,5.154686630066839,10.0,7.88
2024-04-22 20:00:00,12.81,14.724543893234348,19.72,10.0
2024-04-22 21:00:00,7.62,0.8559504106059921,6.0,8.58
2024-04-22 22:00:00,5.54,-1.0932268948999526,4.2,7.54
2024-04-22 23:00:00,6.15,-5.002444683326647,0.44,3.25
2024-04-23 00:00:00,3.6,-1.80391454919252,0.0,2.0
2024-04-23 01:00:00,3.25,-1.9334087175906864,0.02,1.1
2024-04-23 02:00:00,3.35,-2.0729032599202006,0.03,1.01
2024-04-23 03:00:00,3.6,-2.202398852700496,0.05,0.49
2024-04-23 04:00:00,5.0,-2.34188728308158,0.06,1.0
2024-04-23 05:00:00,6.58,-2.4714441605072306,0.08,1.1
2024-04-23 06:00:00,20.0,3.2986525299033804,6.0,3.25
2024-04-23 07:00:00,6.9,1.6192530030496266,4.47,1.1
2024-04-23 08:00:00,0.5,-2.9999007892710425,0.0,0.0
2024-04-23 09:00:00,0.0,-3.15934957798576,-0.01,-0.0
2024-04-23 10:00:00,-0.0,-3.3188464559229187,-0.02,-0.01
2024-04-23 11:00:00,-0.0,-3.4783379305479376,-0.03,-0.03
2024-04-23 12:00:00,-0.01,-3.697826220795204,-0.1,-0.05
2024-04-23 13:00:00,-0.01,-3.85731811738086,-0.11,-1.49
2024-04-23 14:00:00,-0.01,-4.016810665971742,-0.12,-1.5
2024-04-23 15:00:00,-0.0,-4.176303452127882,-0.13,-1.32
2024-04-23 16:00:00,0.0,-4.295800171191516,-0.1,-0.25
2024-04-23 17:00:00,0.5,-4.355296835929108,-0.01,-0.01
2024-04-23 18:00:00,1.0,-4.494828105239864,0.0,0.44
2024-04-23 19:00:00,12.17,-0.4946817268989858,4.15,3.35
2024-04-23 20:00:00,35.0,5.215415284989049,10.01,8.93
2024-04-23 21:00:00,24.89,0.0562400932532041,5.0,7.46
2024-04-23 22:00:00,8.21,-1.843072559536677,3.25,3.6
2024-04-23 23:00:00,23.21,-1.9925466854613487,3.25,3.0
2024-04-24 00:00:00,16.05,0.8058574296880785,2.51,3.6
2024-04-24 01:00:00,12.08,-0.0835704874328664,1.77,3.25
2024-04-24 02:00:00,11.28,-0.7630163973980911,1.24,3.35
2024-04-24 03:00:00,10.7,-1.152493121114514,1.0,3.6
2024-04-24 04:00:00,11.93,-0.8020199932897245,1.5,5.0
2024-04-24 05:00:00,17.33,0.7981730845070023,3.25,6.58
2024-04-24 06:00:00,33.69,17.11763795522709,19.72,20.0
2024-04-24 07:00:00,24.89,2.249069962188218,5.0,6.9
2024-04-24 08:00:00,5.0,-2.459926914535001,0.44,0.5
2024-04-24 09:00:00,1.0,-3.049358588728818,0.0,0.0
2024-04-24 10:00:00,0.04,-3.2088496606922106,-0.01,-0.0
2024-04-24 11:00:00,0.0,-3.3683423292894754,-0.02,-0.0
2024-04-24 12:00:00,0.01,-3.5278347087938235,-0.03,-0.01
2024-04-24 13:00:00,0.02,-3.6973267021909697,-0.05,-0.1
2024-04-24 14:00:00,0.02,-3.836820712523623,-0.04,-0.25
2024-04-24 15:00:00,0.03,-3.976315160694197,-0.03,-0.3
2024-04-24 16:00:00,0.04,-4.105810122030155,-0.01,-0.1
2024-04-24 17:00:00,3.25,-4.245305125234189,0.0,0.0
2024-04-24 18:00:00,24.89,-3.954868931138125,0.44,0.45
2024-04-24 19:00:00,35.02,1.4550536028350236,6.0,6.0
2024-04-24 20:00:00,101.48,17.644506907407145,22.34,12.81
2024-04-24 21:00:00,78.85,1.1560411593641438,6.0,7.62
2024-04-24 22:00:00,35.01,-1.7430730649383046,3.25,5.54
2024-04-24 23:00:00,38.07,-1.892553403911302,3.25,6.15
2024-04-25 00:00:00,35.02,1.1458310233705344,2.9,16.05
2024-04-25 01:00:00,35.01,0.2963928702235168,2.2,12.08
2024-04-25 02:00:00,35.93,-0.0530768299543649,2.0,11.28
2024-04-25 03:00:00,36.85,-0.4325555197244257,1.77,10.7
2024-04-25 04:00:00,37.77,-0.3520564637668625,2.0,11.93
2024-04-25 05:00:00,38.69,0.7481610903508334,3.25,17.33
2024-04-25 06:00:00,100.0,18.37754134339662,21.03,33.69
2024-04-25 07:00:00,66.85,3.198976706700561,6.0,24.89
2024-04-25 08:00:00,35.0,-1.180025392373022,1.77,5.0
2024-04-25 09:00:00,26.96,-3.09936643832781,0.0,1.0
2024-04-25 10:00:00,22.3,-3.248844276011037,-0.0,0.04
2024-04-25 11:00:00,19.29,-3.3983391203893496,-0.0,0.0
2024-04-25 12:00:00,15.65,-3.557831666499008,-0.01,0.01
2024-04-25 13:00:00,9.99,-3.7073250414946455,-0.01,-0.01
2024-04-25 14:00:00,7.0,-3.8568179551490656,-0.01,-0.01
2024-04-25 15:00:00,6.0,-3.9963182844859646,0.0,-0.0
2024-04-25 16:00:00,9.35,-3.47586635890126,0.67,0.0
2024-04-25 17:00:00,22.3,-2.965412176568029,1.33,0.5
2024-04-25 18:00:00,32.56,-2.445043527500296,2.0,1.0
2024-04-25 19:00:00,88.61,7.574526889470841,12.17,12.17
2024-04-25 20:00:00,109.9,26.02376565588974,30.77,35.0
2024-04-25 21:00:00,91.35,9.315387406860678,14.21,24.89
2024-04-25 22:00:00,79.74,-1.4432618875798842,3.6,8.21
2024-04-25 23:00:00,79.87,7.876671462324778,13.07,23.21
2024-04-26 00:00:00,74.0,26.03480707022585,12.17,35.02
2024-04-26 01:00:00,65.15,26.30528601158982,12.59,35.01
2024-04-26 02:00:00,74.07,27.31576045169714,13.75,35.93
2024-04-26 03:00:00,77.1,22.43651112526526,9.02,36.85
2024-04-26 04:00:00,73.88,30.85638502007564,17.59,37.77
2024-04-26 05:00:00,91.82,38.8461124842437,25.73,38.69
2024-04-26 06:00:00,104.06,47.96600832102683,35.0,100.0
2024-04-26 07:00:00,96.06,34.61749582236085,21.8,66.85
2024-04-26 08:00:00,81.08,21.269139391806583,8.6,35.0
2024-04-26 09:00:00,35.33,15.870139139497851,3.35,26.96
2024-04-26 10:00:00,35.0,15.620721525397904,3.25,22.3
2024-04-26 11:00:00,33.75,12.821419168194888,0.6,19.29
2024-04-26 12:00:00,31.2,12.111993187310764,0.04,15.65
2024-04-26 13:00:00,21.2,11.942505625356146,0.02,0.02
2024-04-26 14:00:00,20.1,11.77300157355026,0.0,0.02
2024-04-26 15:00:00,16.98,12.873410528564024,1.25,0.03
2024-04-26 16:00:00,20.2,13.973775978009918,2.5,0.04
2024-04-26 17:00:00,24.89,18.943772418994005,7.62,3.25
2024-04-26 18:00:00,35.0,33.13307710979356,21.96,24.89
2024-04-26 19:00:00,58.53,45.982488676702566,34.96,35.02
2024-04-26 20:00:00,96.06,48.392714673441525,37.52,101.48
2024-04-26 21:00:00,81.49,45.72343519759059,35.0,78.85
2024-04-26 22:00:00,52.97,40.41437392021003,29.84,35.01
2024-04-26 23:00:00,47.88,35.11544957368729,24.69,38.07
2024-04-27 00:00:00,40.0,39.364927928612914,10.0,74.0
2024-04-27 01:00:00,35.0,40.605496089964106,11.39,65.15
2024-04-27 02:00:00,34.84,39.06607459558582,10.0,74.07
2024-04-27 03:00:00,34.68,38.48665573877839,9.57,77.1
2024-04-27 04:00:00,34.53,35.76734318593761,7.0,73.88
2024-04-27 05:00:00,34.37,36.15782787225561,7.54,91.82
2024-04-27 06:00:00,34.21,36.89826821893472,8.43,104.06
2024-04-27 07:00:00,30.0,35.73889131401509,7.42,96.06
2024-04-27 08:00:00,15.4,30.26980402694923,2.1,81.08
2024-04-27 09:00:00,7.3,28.460486183579263,0.44,35.33
2024-04-27 10:00:00,3.25,27.921032796157384,0.05,35.0
2024-04-27 11:00:00,0.03,27.72154587010764,0.0,33.75
2024-04-27 12:00:00,0.0,27.562053601058924,-0.01,31.2
2024-04-27 13:00:00,0.09,27.39256175418078,-0.03,9.99
2024-04-27 14:00:00,0.18,27.233069641271697,-0.04,7.0
2024-04-27 15:00:00,0.26,27.053577602043543,-0.07,6.0
2024-04-27 16:00:00,0.35,26.96408251781532,-0.01,9.35
2024-04-27 17:00:00,0.44,26.86455636492513,0.04,22.3
2024-04-27 18:00:00,14.98,29.92478895825785,3.25,32.56
2024-04-27 19:00:00,45.51,34.40491023487939,7.88,88.61
2024-04-27 20:00:00,65.27,36.3752357117456,10.0,109.9
2024-04-27 21:00:00,62.78,34.805832182842344,8.58,91.35
2024-04-27 22:00:00,58.52,33.616473117635444,7.54,79.74
2024-04-27 23:00:00,56.39,29.177293885820827,3.25,79.87
2024-04-28 00:00:00,38.96,1.4558090484008372,3.24,40.0
2024-04-28 01:00:00,39.6,1.2863127074779657,3.22,35.0
2024-04-28 02:00:00,35.01,1.1668166828277988,3.25,34.84
2024-04-28 03:00:00,35.25,1.13731293695054,3.37,34.68
2024-04-28 04:00:00,35.5,1.0978135691316475,3.48,34.53
2024-04-28 05:00:00,35.76,1.068266947882001,3.6,34.37
2024-04-28 06:00:00,36.73,4.778538437676324,7.46,34.21
2024-04-28 07:00:00,35.0,0.419333225809719,3.25,30.0
2024-04-28 08:00:00,14.98,-2.5399087190283085,0.44,15.4
2024-04-28 09:00:00,0.44,-3.129346451481303,0.0,7.3
2024-04-28 10:00:00,0.0,-3.288837524936828,-0.01,3.25
2024-04-28 11:00:00,-0.0,-3.4983153420289903,-0.07,0.03
2024-04-28 12:00:00,-0.0,-4.787724214144653,-1.21,0.0
2024-04-28 13:00:00,-0.01,-5.217185881644925,-1.49,21.2
2024-04-28 14:00:00,-0.01,-5.376677642117237,-1.5,20.1
2024-04-28 15:00:00,-0.01,-5.346194698813129,-1.32,16.98
2024-04-28 16:00:00,0.0,-4.4257682773330025,-0.25,20.2
2024-04-28 17:00:00,20.66,-4.335291820295302,-0.01,24.89
2024-04-28 18:00:00,35.01,-4.0348427906679065,0.44,35.0
2024-04-28 19:00:00,58.88,-1.2746060586831356,3.35,58.53
2024-04-28 20:00:00,78.56,4.155485580472586,8.93,96.06
2024-04-28 21:00:00,72.21,2.5360813860198177,7.46,81.49
2024-04-28 22:00:00,60.65,-1.4731118684447555,3.6,52.97
2024-04-28 23:00:00,63.15,-2.22251558383266,3.0,47.88
2024-04-29 00:00:00,60.05,14.430145663087302,2.0,38.96
2024-04-29 01:00:00,58.93,13.35024489073691,1.1,39.6
2024-04-29 02:00:00,58.87,12.726395547561658,1.01,35.01
2024-04-29 03:00:00,56.0,12.323264407964707,0.49,35.25
2024-04-29 04:00:00,58.52,12.651715384563454,1.0,35.5
2024-04-29 05:00:00,52.25,13.20539672004234,1.1,35.76
2024-04-29 06:00:00,102.26,19.256646472255568,3.25,36.73
2024-04-29 07:00:00,96.24,22.2293302985356,1.1,35.0
2024-04-29 08:00:00,59.79,12.991956133786742,0.0,14.98
2024-04-29 09:00:00,45.5,12.233030721909808,-0.0,0.44
2024-04-29 10:00:00,36.73,12.223105657428686,-0.01,0.0
2024-04-29 11:00:00,35.1,12.19859865127152,-0.03,-0.0
2024-04-29 12:00:00,35.01,12.160579536672484,-0.05,-0.0
2024-04-29 13:00:00,35.01,12.089087006880614,-0.1,0.09
2024-04-29 14:00:00,35.0,11.883347614739536,-0.25,0.18
2024-04-29 15:00:00,35.0,11.49378635807955,-0.3,0.26
2024-04-29 16:00:00,35.2,12.035172065347002,-0.1,0.35
2024-04-29 17:00:00,40.74,12.10695944175772,0.0,0.44
2024-04-29 18:00:00,60.53,12.533532202288104,0.45,14.98
2024-04-29 19:00:00,87.21,20.17601824718974,6.0,45.51
2024-04-29 20:00:00,97.92,28.498602930655707,12.81,65.27
2024-04-29 21:00:00,83.75,18.91707197145816,7.62,62.78
2024-04-29 22:00:00,69.77,16.936198858902035,5.54,58.52
2024-04-29 23:00:00,73.73,15.317061232134176,6.15,56.39
2024-04-30 00:00:00,57.83,38.44050824518008,3.6,60.05
2024-04-30 01:00:00,58.99,38.07218963005101,3.25,58.93
2024-04-30 02:00:00,68.81,38.15384901140495,3.35,58.87
2024-04-30 03:00:00,64.77,38.385502175720646,3.6,56.0
2024-04-30 04:00:00,77.13,39.76709784222029,5.0,58.52
2024-04-30 05:00:00,85.36,41.328683516144594,6.58,52.25
2024-04-30 06:00:00,99.32,54.7296571824846,20.0,102.26
2024-04-30 07:00:00,84.41,41.61196118861573,6.9,96.24
2024-04-30 08:00:00,58.0,35.1939160904951,0.5,59.79
2024-04-30 09:00:00,41.0,34.67557580184022,0.0,45.5
2024-04-30 10:00:00,35.01,34.65721802568649,-0.0,36.73
2024-04-30 11:00:00,28.26,34.63886794516754,-0.0,35.1
2024-04-30 12:00:00,15.1,34.610525941595384,-0.01,35.01
2024-04-30 13:00:00,17.5,34.59219125048375,-0.01,-0.01
2024-04-30 14:00:00,19.14,34.573865014004966,-0.01,-0.01
2024-04-30 15:00:00,17.5,34.56554776448415,-0.0,-0.01
2024-04-30 16:00:00,20.4,34.54724202369337,0.0,0.0
2024-04-30 17:00:00,31.96,35.02892364105433,0.5,20.66
2024-04-30 18:00:00,48.25,35.5106199150037,1.0,35.01
2024-04-30 19:00:00,60.1,46.66178481500937,12.17,58.88
2024-04-30 20:00:00,83.91,69.47234709597028,35.0,78.56
2024-04-30 21:00:00,70.98,59.34455261046043,24.89,72.21
2024-04-30 22:00:00,65.0,42.64707008583453,8.21,60.65
2024-04-30 23:00:00,35.01,57.62797092759752,23.21,63.15
2024-05-01 00:00:00,34.99,30.94122153520386,16.05,57.83
2024-05-01 01:00:00,21.07,26.953097914931107,12.08,58.99
2024-05-01 02:00:00,19.77,26.134809655140376,11.28,68.81
2024-05-01 03:00:00,17.83,25.53651101918897,10.7,64.77
2024-05-01 04:00:00,18.4,26.74812250949316,11.93,77.13
2024-05-01 05:00:00,18.97,32.12952121981871,17.33,85.36
2024-05-01 06:00:00,17.83,48.4703474537702,33.69,99.32
2024-05-01 07:00:00,8.0,39.65242213640701,24.89,84.41
2024-05-01 08:00:00,3.0,19.745040093052413,5.0,58.0
2024-05-01 09:00:00,-0.01,15.726855813505049,1.0,41.0
2024-05-01 10:00:00,-0.07,14.748536414031175,0.04,35.01
2024-05-01 11:00:00,-0.06,14.690191908976932,0.0,28.26
2024-05-01 12:00:00,-1.0,14.681867139403876,0.01,15.1
2024-05-01 13:00:00,-1.26,14.673565797068328,0.02,35.01
2024-05-01 14:00:00,-1.29,14.655290676284002,0.02,35.0
2024-05-01 15:00:00,-0.71,14.647044322646009,0.03,35.0
2024-05-01 16:00:00,-0.13,14.638832249140217,0.04,35.2
2024-05-01 17:00:00,0.0,17.83049669383699,3.25,40.74
2024-05-01 18:00:00,0.44,39.451256611761714,24.89,60.53
2024-05-01 19:00:00,19.0,49.5626138145042,35.02,87.21
2024-05-01 20:00:00,35.0,116.00107063090007,101.48,97.92
2024-05-01 21:00:00,33.4,93.35396483494394,78.85,83.75
2024-05-01 22:00:00,23.71,49.49786170447759,35.01,69.77
2024-05-01 23:00:00,14.56,52.53935715701677,38.07,73.73
2024-05-02 00:00:00,10.94,33.789855779951885,35.02,34.99
2024-05-02 01:00:00,10.0,33.761528405071914,35.01,21.07
2024-05-02 02:00:00,7.8,34.66316115111315,35.93,19.77
2024-05-02 03:00:00,8.0,35.56480113989205,36.85,17.83
2024-05-02 04:00:00,10.94,36.46644805633416,37.77,18.4
2024-05-02 05:00:00,22.9,37.36810192787021,38.69,18.97
2024-05-02 06:00:00,35.01,98.6566595361009,100.0,17.83
2024-05-02 07:00:00,35.0,65.48994654200759,66.85,8.0
2024-05-02 08:00:00,10.94,33.62311129473729,35.0,3.0
2024-05-02 09:00:00,3.25,25.565061031621664,26.96,-0.01
2024-05-02 10:00:00,2.49,20.886857694740108,22.3,-0.07
2024-05-02 11:00:00,1.79,17.858595752841108,19.29,-0.06
2024-05-02 12:00:00,1.83,14.200395596351784,15.65,-1.0
2024-05-02 13:00:00,0.0,8.522334719870768,9.99,17.5
2024-05-02 14:00:00,0.44,5.514184360648504,7.0,19.14
2024-05-02 15:00:00,1.06,4.495988204622546,6.0,17.5
2024-05-02 16:00:00,0.44,7.827632107795267,9.35,20.4
2024-05-02 17:00:00,5.39,20.75884695314244,22.3,31.96
2024-05-02 18:00:00,17.6,31.000247053443225,32.56,48.25
2024-05-02 19:00:00,35.4,87.02933185972228,88.61,60.1
2024-05-02 20:00:00,59.14,108.30013287549636,109.9,83.91
2024-05-02 21:00:00,43.9,89.73287621073132,91.35,70.98
2024-05-02 22:00:00,35.64,78.10520543295716,79.74,65.0
2024-05-02 23:00:00,35.01,78.21690341772812,79.87,35.01
2024-05-03 00:00:00,35.0,59.95978677239565,74.0,10.94
2024-05-03 01:00:00,35.0,51.09192868196681,65.15,10.0
2024-05-03 02:00:00,34.81,59.99316241093822,74.07,7.8
2024-05-03 03:00:00,34.62,63.00468618643112,77.1,8.0
2024-05-03 04:00:00,34.43,59.76651315656796,73.88,10.94
2024-05-03 05:00:00,35.0,77.68724219557988,91.82,22.9
2024-05-03 06:00:00,41.0,89.90821405893439,104.06,35.01
2024-05-03 07:00:00,35.0,81.89014644115905,96.06,35.0
2024-05-03 08:00:00,28.9,66.89236902829255,81.08,10.94
2024-05-03 09:00:00,16.2,21.126127603689625,35.33,3.25
2024-05-03 10:00:00,4.99,20.777595356089755,35.0,2.49
2024-05-03 11:00:00,6.1,19.50914456162548,33.75,1.79
2024-05-03 12:00:00,5.0,16.940789218287097,31.2,1.83
2024-05-03 13:00:00,3.25,6.922844141691855,21.2,-1.26
2024-05-03 14:00:00,2.51,5.804485603058099,20.1,-1.29
2024-05-03 15:00:00,0.44,2.666273888217725,16.98,-0.71
2024-05-03 16:00:00,3.25,5.867785018363056,20.2,-0.13
2024-05-03 17:00:00,9.08,10.539263360031256,24.89,0.0
2024-05-03 18:00:00,27.94,20.630498870263416,35.0,0.44
2024-05-03 19:00:00,40.0,44.14106317848403,58.53,19.0
2024-05-03 20:00:00,66.52,81.65088056161179,96.06,35.0
2024-05-03 21:00:00,50.02,67.06326991098912,81.49,33.4
2024-05-03 22:00:00,42.0,38.52630214429534,52.97,23.71
2024-05-03 23:00:00,35.0,33.41811485804069,47.88,14.56
2024-05-04 00:00:00,33.11,13.581568344526575,40.0,35.0
2024-05-04 01:00:00,27.94,8.563404227432235,35.0,35.0
2024-05-04 02:00:00,18.9,8.384992967820494,34.84,34.81
2024-05-04 03:00:00,16.2,8.2065800941905,34.68,34.62
2024-05-04 04:00:00,18.9,8.03816180187585,34.53,34.43
2024-05-04 05:00:00,22.23,7.859735563422329,34.37,35.0
2024-05-04 06:00:00,26.22,7.681296913378018,34.21,41.0
2024-05-04 07:00:00,16.2,3.453049425969641,30.0,35.0
2024-05-04 08:00:00,2.1,-11.164677542794951,15.4,28.9
2024-05-04 09:00:00,0.01,-19.28272623275868,7.3,16.2
2024-05-04 10:00:00,0.0,-23.35095868031583,3.25,4.99
2024-05-04 11:00:00,0.41,-26.58920507666231,0.03,6.1
2024-05-04 12:00:00,0.81,-26.63758279414245,0.0,5.0
2024-05-04 13:00:00,1.22,-26.56593556700977,0.09,0.0
2024-05-04 14:00:00,1.62,-26.494257463712152,0.18,0.44
2024-05-04 15:00:00,2.03,-26.432546679331185,0.26,1.06
2024-05-04 16:00:00,2.44,-26.36080133830353,0.35,0.44
2024-05-04 17:00:00,2.84,-26.28901631143844,0.44,5.39
2024-05-04 18:00:00,3.25,-11.767927642193843,14.98,17.6
2024-05-04 19:00:00,30.0,18.74236251967009,45.51,35.4
2024-05-04 20:00:00,35.01,38.48317231387361,65.27,59.14
2024-05-04 21:00:00,35.02,35.97505668297357,62.78,43.9
2024-05-04 22:00:00,35.01,31.69697373344954,58.52,35.64
2024-05-04 23:00:00,30.0,29.54873468074632,56.39,35.01
2024-05-05 00:00:00,26.87,39.54947407872082,38.96,33.11
2024-05-05 01:00:00,24.13,40.17105470942181,39.6,27.94
2024-05-05 02:00:00,22.62,35.56289268022642,35.01,18.9
2024-05-05 03:00:00,22.86,35.784478608728904,35.25,16.2
2024-05-05 04:00:00,24.81,36.01605699063081,35.5,18.9
2024-05-05 05:00:00,26.87,36.25762424029651,35.76,22.23
2024-05-05 06:00:00,25.63,37.20914025034682,36.73,26.22
2024-05-05 07:00:00,16.72,35.46077384111616,35.0,16.2
2024-05-05 08:00:00,3.25,15.423324700763343,14.98,2.1
2024-05-05 09:00:00,1.88,0.8656089279052696,0.44,0.01
2024-05-05 10:00:00,0.44,0.4072098718470514,0.0,0.0
2024-05-05 11:00:00,0.0,0.388826851831704,-0.0,0.41
2024-05-05 12:00:00,-0.04,0.3704807193714503,-0.0,0.81
2024-05-05 13:00:00,-0.58,0.3421720509703616,-0.01,3.25
2024-05-05 14:00:00,-0.1,0.3239017302513796,-0.01,2.51
2024-05-05 15:00:00,0.0,0.3056740818965623,-0.01,0.44
2024-05-05 16:00:00,1.62,0.2974945124864809,0.0,3.25
2024-05-05 17:00:00,3.25,20.938310582887805,20.66,9.08
2024-05-05 18:00:00,6.1,35.26947340278978,35.01,27.94
2024-05-05 19:00:00,29.9,59.120150026745925,58.88,40.0
2024-05-05 20:00:00,54.33,78.78100479667083,78.56,66.52
2024-05-05 21:00:00,51.61,72.41312727764006,72.21,50.02
2024-05-05 22:00:00,50.15,60.83546858070385,60.65,42.0
2024-05-05 23:00:00,63.58,63.317068546802666,63.15,35.0
2024-05-06 00:00:00,55.99,59.78913393966221,60.05,26.87
2024-05-06 01:00:00,51.91,58.650898602317504,58.93,24.13
2024-05-06 02:00:00,53.96,58.5726004861338,58.87,22.62
2024-05-06 03:00:00,51.08,55.68444089629616,56.0,22.86
2024-05-06 04:00:00,53.96,58.18600673772329,58.52,24.81
2024-05-06 05:00:00,57.1,51.89802331083824,52.25,26.87
2024-05-06 06:00:00,84.03,101.8871624017308,102.26,25.63
2024-05-06 07:00:00,86.89,95.84908839638544,96.24,16.72
2024-05-06 08:00:00,61.54,59.38249714623284,59.79,3.25
2024-05-06 09:00:00,45.13,45.07476052471401,45.5,1.88
2024-05-06 10:00:00,35.0,36.286759107332784,36.73,0.44
2024-05-06 11:00:00,18.9,34.638423802946015,35.1,0.0
2024-05-06 12:00:00,10.0,34.53004246057083,35.01,-0.04
2024-05-06 13:00:00,6.1,34.511687890851206,35.01,1.22
2024-05-06 14:00:00,4.99,34.48336487846786,35.0,1.62
2024-05-06 15:00:00,4.23,34.46507359786848,35.0,2.03
2024-05-06 16:00:00,5.0,34.64680705897708,35.2,2.44
2024-05-06 17:00:00,9.9,40.16830516943183,40.74,2.84
2024-05-06 18:00:00,37.62,59.93910424216637,60.53,3.25
2024-05-06 19:00:00,75.1,86.59954696285156,87.21,30.0
2024-05-06 20:00:00,97.69,97.29075729223608,97.92,35.01
2024-05-06 21:00:00,93.2,83.10317486221587,83.75,35.02
2024-05-06 22:00:00,84.42,69.10554433301483,69.77,35.01
2024-05-06 23:00:00,81.73,73.04698424320773,73.73,30.0
2024-05-07 00:00:00,77.64,32.60255908700678,57.83,55.99
2024-05-07 01:00:00,74.77,33.74419049891369,58.99,51.91
2024-05-07 02:00:00,68.24,43.5453814462443,68.81,53.96
2024-05-07 03:00:00,66.82,39.48726975546741,64.77,51.08
2024-05-07 04:00:00,69.09,51.828310590087774,77.13,53.96
2024-05-07 05:00:00,75.98,60.03953293565522,85.36,57.1
2024-05-07 06:00:00,99.87,73.98041155040991,99.32,84.03
2024-05-07 07:00:00,75.62,59.05269102784845,84.41,86.89
2024-05-07 08:00:00,35.0,32.62550467452557,58.0,61.54
2024-05-07 09:00:00,10.0,15.607826421036016,41.0,45.13
2024-05-07 10:00:00,3.6,9.59960142172062,35.01,35.0
2024-05-07 11:00:00,0.0,2.831438608483384,28.26,18.9
2024-05-07 12:00:00,5.0,-10.346364788869936,15.1,10.0
2024-05-07 13:00:00,10.0,-7.964915379597095,17.5,-0.58
2024-05-07 14:00:00,15.0,-6.343383680160637,19.14,-0.1
2024-05-07 15:00:00,20.0,-8.00164560913103,17.5,0.0
2024-05-07 16:00:00,25.0,-5.120099379712952,20.4,1.62
2024-05-07 17:00:00,30.0,6.421038984585248,31.96,3.25
2024-05-07 18:00:00,35.0,22.69194990832969,48.25,6.1
2024-05-07 19:00:00,56.18,34.52307345382739,60.1,29.9
2024-05-07 20:00:00,67.44,58.31354460185344,83.91,54.33
2024-05-07 21:00:00,62.0,45.36581573696456,70.98,51.61
2024-05-07 22:00:00,50.01,39.36766776806577,65.0,50.15
2024-05-07 23:00:00,30.0,9.360699659826246,35.01,63.58
2024-05-08 00:00:00,20.18,24.670907299703394,34.99,77.64
2024-05-08 01:00:00,19.47,10.73314870383884,21.07,74.77
2024-05-08 02:00:00,17.27,9.414753578342264,19.77,68.24
2024-05-08 03:00:00,19.47,7.456400591479535,17.83,66.82
2024-05-08 04:00:00,18.67,8.007926930243887,18.4,69.09
2024-05-08 05:00:00,21.07,8.55945553832816,18.97,75.98
2024-05-08 06:00:00,35.01,7.401068357658761,17.83,99.87
2024-05-08 07:00:00,30.0,-2.4468782416320285,8.0,75.62
2024-05-08 08:00:00,18.67,-7.465062565968432,3.0,35.0
2024-05-08 09:00:00,10.0,-10.493332274997933,-0.01,10.0
2024-05-08 10:00:00,6.55,-10.571733873812883,-0.07,3.6
2024-05-08 11:00:00,3.25,-10.58012205199631,-0.06,0.0
2024-05-08 12:00:00,3.32,-11.538446402081483,-1.0,5.0
2024-05-08 13:00:00,3.39,-11.816789869448172,-1.26,6.1
2024-05-08 14:00:00,3.46,-11.865129220336229,-1.29,4.99
2024-05-08 15:00:00,3.53,-11.303483596066846,-0.71,4.23
2024-05-08 16:00:00,3.6,-10.74182179772554,-0.13,5.0
2024-05-08 17:00:00,10.0,-10.630120049533623,0.0,9.9
2024-05-08 18:00:00,24.5,-10.208414936326044,0.44,37.62
2024-05-08 19:00:00,39.52,8.332380986214199,19.0,75.1
2024-05-08 20:00:00,63.38,24.31329438290329,35.0,97.69
2024-05-08 21:00:00,54.36,22.69506701470885,33.4,93.2
2024-05-08 22:00:00,51.91,12.987215537309272,23.71,84.42
2024-05-08 23:00:00,35.01,3.8193177031428,14.56,81.73
2024-05-09 00:00:00,35.0,15.0402065137734,10.94,20.18
2024-05-09 01:00:00,35.0,14.081904153366493,10.0,19.47
2024-05-09 02:00:00,35.0,11.863673688711913,7.8,17.27
2024-05-09 03:00:00,35.01,12.045332067010024,8.0,19.47
2024-05-09 04:00:00,41.17,14.966862167503706,10.94,18.67
2024-05-09 05:00:00,47.33,26.90793617500106,22.9,21.07
2024-05-09 06:00:00,68.78,38.99898534504086,35.01,35.01
2024-05-09 07:00:00,40.15,38.97061448979093,35.0,30.0
2024-05-09 08:00:00,29.9,14.893435558028882,10.94,18.67
2024-05-09 09:00:00,10.99,7.18542096870413,3.25,10.0
2024-05-09 10:00:00,3.25,6.407069742037958,2.49,6.55
2024-05-09 11:00:00,0.44,5.688734499986541,1.79,3.25
2024-05-09 12:00:00,0.76,5.710380661962569,1.83,3.32
2024-05-09 13:00:00,1.09,3.8621420572706335,0.0,10.0
2024-05-09 14:00:00,1.42,4.283810686347608,0.44,15.0
2024-05-09 15:00:00,1.74,4.885494899347608,1.06,20.0
2024-05-09 16:00:00,5.89,4.247269444325935,0.44,25.0
2024-05-09 17:00:00,14.99,9.178790159776236,5.39,30.0
2024-05-09 18:00:00,35.0,21.36996533183488,17.6,35.0
2024-05-09 19:00:00,72.94,39.150861275906536,35.4,56.18
2024-05-09 20:00:00,104.62,62.87142856398013,59.14,67.44
2024-05-09 21:00:00,91.83,47.61393004692105,43.9,62.0
2024-05-09 22:00:00,65.72,39.33604058669778,35.64,50.01
2024-05-09 23:00:00,45.0,38.68774664908616,35.01,30.0
2024-05-10 00:00:00,40.74,33.710081526451376,35.0,35.0
2024-05-10 01:00:00,39.95,33.69175162958718,35.0,35.0
2024-05-10 02:00:00,38.0,33.48341911804929,34.81,35.0
2024-05-10 03:00:00,38.55,33.27507489959949,34.62,35.01
2024-05-10 04:00:00,40.86,33.06671906776019,34.43,41.17
2024-05-10 05:00:00,57.0,33.618312083617745,35.0,47.33
2024-05-10 06:00:00,75.72,39.59961118965179,41.0,68.78
2024-05-10 07:00:00,40.89,33.58149669113899,35.0,40.15
2024-05-10 08:00:00,22.98,27.46336652069907,28.9,29.9
2024-05-10 09:00:00,12.1,14.745563423555604,16.2,10.99
2024-05-10 10:00:00,3.25,3.517694286664344,4.99,3.25
2024-05-10 11:00:00,0.98,4.609222416286904,6.1,0.44
2024-05-10 12:00:00,0.44,3.490888762880168,5.0,0.76
2024-05-10 13:00:00,0.66,1.722613464917131,3.25,3.39
2024-05-10 14:00:00,0.88,0.9643141887864702,2.51,3.46
2024-05-10 15:00:00,3.25,-1.1238866761546986,0.44,3.53
2024-05-10 16:00:00,6.31,1.6676982735676775,3.25,3.6
2024-05-10 17:00:00,9.76,7.479162225431668,9.08,10.0
2024-05-10 18:00:00,14.99,26.31998336910894,27.94,24.5
2024-05-10 19:00:00,39.52,38.36114603338668,40.0,39.52
2024-05-10 20:00:00,75.72,64.86153743623687,66.52,63.38
2024-05-10 21:00:00,47.25,48.344058153980576,50.02,54.36
2024-05-10 22:00:00,40.17,40.306098862905216,42.0,51.91
2024-05-10 23:00:00,38.86,33.2880594495082,35.0,35.01
2024-05-11 00:00:00,35.01,28.330258899941285,33.11,40.74
2024-05-11 01:00:00,35.0,23.14211763577516,27.94,39.95
2024-05-11 02:00:00,35.01,14.084164563248532,18.9,38.0
2024-05-11 03:00:00,33.62,11.36589142982491,16.2,38.55
2024-05-11 04:00:00,32.23,14.047349310727837,18.9,40.86
2024-05-11 05:00:00,30.85,17.35877462622797,22.23,57.0
2024-05-11 06:00:00,29.46,21.33015571406689,26.22,75.72
2024-05-11 07:00:00,28.07,11.29223441558683,16.2,40.89
2024-05-11 08:00:00,6.4,-2.8254818895942937,2.1,22.98
2024-05-11 09:00:00,0.0,-4.93379363248984,0.01,12.1
2024-05-11 10:00:00,-0.0,-4.962189424152486,0.0,3.25
2024-05-11 11:00:00,-0.0,-4.570586349073875,0.41,0.98
2024-05-11 12:00:00,-0.01,-4.188964619641581,0.81,0.44
2024-05-11 13:00:00,-0.01,-3.797326655914952,1.22,1.09
2024-05-11 14:00:00,-0.25,-3.4156720162698297,1.62,1.42
2024-05-11 15:00:00,-0.41,-3.02400149366641,2.03,1.74
2024-05-11 16:00:00,0.0,-2.63231355067574,2.44,5.89
2024-05-11 17:00:00,3.25,-2.2506057885948505,2.84,14.99
2024-05-11 18:00:00,11.1,-1.8588763739799905,3.25,35.0
2024-05-11 19:00:00,35.0,24.87152546527891,30.0,72.94
2024-05-11 20:00:00,44.0,29.86301780963927,35.01,104.62
2024-05-11 21:00:00,41.63,29.85473410639195,35.02,91.83
2024-05-11 22:00:00,41.46,29.82642157363632,35.01,65.72
2024-05-11 23:00:00,35.01,24.798337866158647,30.0,45.0
2024-05-12 00:00:00,35.0,25.82980044817085,26.87,35.01
2024-05-12 01:00:00,34.84,23.071583272458696,24.13,35.0
2024-05-12 02:00:00,34.69,21.543295427763404,22.62,35.01
2024-05-12 03:00:00,34.53,21.764912628040324,22.86,33.62
2024-05-12 04:00:00,34.38,23.696435259211167,24.81,32.23
2024-05-12 05:00:00,34.22,25.737939777275614,26.87,30.85
2024-05-12 06:00:00,34.07,24.47959479991809,25.63,29.46
2024-05-12 07:00:00,2.35,15.55162461599947,16.72,28.07
2024-05-12 08:00:00,0.0,2.063885056894008,3.25,6.4
2024-05-12 09:00:00,-0.38,0.6755454594620154,1.88,0.0
2024-05-12 10:00:00,-0.75,-0.7827688039835979,0.44,-0.0
2024-05-12 11:00:00,-0.62,-1.2411115680349132,0.0,-0.0
2024-05-12 12:00:00,-0.66,-1.2994519156555897,-0.04,-0.01
2024-05-12 13:00:00,-0.83,-1.8577432584728968,-0.58,0.66
2024-05-12 14:00:00,-1.0,-1.396061122669256,-0.1,0.88
2024-05-12 15:00:00,-0.5,-1.3143319376824731,0.0,3.25
2024-05-12 16:00:00,0.0,0.2873504706970971,1.62,6.31
2024-05-12 17:00:00,14.3,1.899065721958089,3.25,9.76
2024-05-12 18:00:00,35.0,4.730755275266656,6.1,14.99
2024-05-12 19:00:00,39.53,28.51140794031253,29.9,39.52
2024-05-12 20:00:00,61.5,52.92202655504872,54.33,75.72
2024-05-12 21:00:00,49.98,50.18399587285332,51.61,47.25
2024-05-12 22:00:00,39.68,48.70587058091285,50.15,40.17
2024-05-12 23:00:00,35.0,62.116960691694615,63.58,38.86
2024-05-13 00:00:00,34.68,55.14914295686072,55.99,35.0
2024-05-13 01:00:00,34.36,51.0510775458866,51.91,34.84
2024-05-13 02:00:00,34.04,53.08268571285317,53.96,34.69
2024-05-13 03:00:00,34.03,50.18453434875832,51.08,34.53
2024-05-13 04:00:00,34.0,53.04608279466908,53.96,34.38
2024-05-13 05:00:00,35.0,56.16760952527161,57.1,34.22
2024-05-13 06:00:00,49.35,83.07790010617022,84.03,34.07
2024-05-13 07:00:00,50.0,85.91935587116998,86.89,2.35
2024-05-13 08:00:00,38.03,60.55218081232086,61.54,0.0
2024-05-13 09:00:00,11.7,44.12451516076102,45.13,-0.38
2024-05-13 10:00:00,1.52,33.97652382351559,35.0,-0.75
2024-05-13 11:00:00,0.0,17.85885056495224,18.9,-0.62
2024-05-13 12:00:00,0.11,8.940846477565605,10.0,-0.66
2024-05-13 13:00:00,0.22,5.022638613747606,6.1,-0.01
2024-05-13 14:00:00,0.33,3.8943461416584846,4.99,-0.25
2024-05-13 15:00:00,0.44,3.1160968022205,4.23,-0.41
2024-05-13 16:00:00,1.7,3.867834545580141,5.0,0.0
2024-05-13 17:00:00,3.25,8.749430219041376,9.9,3.25
2024-05-13 18:00:00,14.3,36.449922126395656,37.62,11.1
2024-05-13 19:00:00,35.0,73.90993336300781,75.1,35.0
2024-05-13 20:00:00,38.03,96.48066217088414,97.69,44.0
2024-05-13 21:00:00,39.68,91.9726969262004,93.2,41.63
2024-05-13 22:00:00,35.01,83.17488378340566,84.42,41.46
2024-05-13 23:00:00,11.1,80.4667127586016,81.73,35.01
2024-05-14 00:00:00,5.0,67.52958312678675,77.64,34.68
2024-05-14 01:00:00,4.16,64.64138390676932,74.77,34.36
2024-05-14 02:00:00,2.0,58.093344265334345,68.24,34.04
2024-05-14 03:00:00,0.01,56.655026516738005,66.82,34.03
2024-05-14 04:00:00,0.49,58.90650462800612,69.09,34.0
2024-05-14 05:00:00,3.25,65.77772293848744,75.98,35.0
2024-05-14 06:00:00,22.0,89.6480260485801,99.87,49.35
2024-05-14 07:00:00,16.5,65.3807029535662,75.62,50.0
2024-05-14 08:00:00,7.67,24.744163425814005,35.0,38.03
2024-05-14 09:00:00,0.0,-0.2731608180408708,10.0,11.7
2024-05-14 10:00:00,-0.0,-6.691380725473985,3.6,1.52
2024-05-14 11:00:00,-0.0,-10.309680138785952,0.0,0.0
2024-05-14 12:00:00,-0.01,-5.328355968949992,5.0,0.11
2024-05-14 13:00:00,-0.01,-0.3469808021444165,10.0,-0.83
2024-05-14 14:00:00,-0.06,4.634433321754347,15.0,-1.0
2024-05-14 15:00:00,-0.01,9.615876288931386,20.0,-0.5
2024-05-14 16:00:00,0.0,14.597339411600313,25.0,0.0
2024-05-14 17:00:00,1.62,19.578814998473973,30.0,14.3
2024-05-14 18:00:00,3.25,24.56029597450264,35.0,35.0
2024-05-14 19:00:00,21.96,45.72094400133575,56.18,39.53
2024-05-14 20:00:00,35.0,56.96205785735953,67.44,61.5
2024-05-14 21:00:00,31.54,51.50396312329765,62.0,49.98
2024-05-14 22:00:00,28.07,39.49614883348994,50.01,39.68
2024-05-14 23:00:00,17.84,19.468712871365483,30.0,35.0
2024-05-15 00:00:00,14.99,14.950074877275274,20.18,5.0
2024-05-15 01:00:00,12.03,14.22168650851716,19.47,4.16
2024-05-15 02:00:00,10.96,12.0033895001786,17.27,2.0
2024-05-15 03:00:00,11.0,14.18488290434773,19.47,0.01
2024-05-15 04:00:00,16.55,13.366539892031035,18.67,0.49
2024-05-15 05:00:00,30.64,15.748041778657807,21.07,3.25
2024-05-15 06:00:00,35.01,29.66895330460671,35.01,22.0
2024-05-15 07:00:00,30.0,24.64080946082958,30.0,16.5
2024-05-15 08:00:00,3.25,13.292969544589502,18.67,7.67
2024-05-15 09:00:00,3.21,4.604993342614144,10.0,0.0
2024-05-15 10:00:00,0.15,1.1367647350622014,6.55,-0.0
2024-05-15 11:00:00,0.0,-2.181451002197221,3.25,-0.0
2024-05-15 12:00:00,0.0,-2.129813950040825,3.32,-0.01
2024-05-15 13:00:00,0.0,-2.0781516612417783,3.39,0.22
2024-05-15 14:00:00,0.0,-2.0264636333948705,3.46,0.33
2024-05-15 15:00:00,0.01,-1.9747480915410187,3.53,0.44
2024-05-15 16:00:00,0.01,-1.92300190041216,3.6,1.7
2024-05-15 17:00:00,0.01,4.4584542764079576,10.0,3.25
2024-05-15 18:00:00,3.25,18.93952190906672,24.5,14.3
2024-05-15 19:00:00,22.78,33.94056649341649,39.52,35.0
2024-05-15 20:00:00,43.12,57.78113542030203,63.38,38.03
2024-05-15 21:00:00,51.29,48.743327206032,54.36,39.68
2024-05-15 22:00:00,35.01,46.27513805155044,51.91,35.01
2024-05-15 23:00:00,53.52,29.357655228124216,35.01,11.1
2024-05-16 00:00:00,39.52,31.459852910018228,35.0,14.99
2024-05-16 01:00:00,35.5,31.44151394532065,35.0,12.03
2024-05-16 02:00:00,35.01,31.42317333080025,35.0,10.96
2024-05-16 03:00:00,35.0,31.41483088794095,35.01,11.0
2024-05-16 04:00:00,34.47,37.55617131550032,41.17,16.55
2024-05-16 05:00:00,35.0,43.69749730860018,47.33,30.64
2024-05-16 06:00:00,35.01,65.12800899471245,68.78,35.01
2024-05-16 07:00:00,32.5,36.48101668327805,40.15,30.0
2024-05-16 08:00:00,30.0,26.21305944326076,29.9,3.25
2024-05-16 09:00:00,12.0,7.285542778824541,10.99,3.21
2024-05-16 10:00:00,3.25,-0.4725176913934159,3.25,0.15
2024-05-16 11:00:00,3.1,-3.3007896881388725,0.44,0.0
2024-05-16 12:00:00,2.95,-2.9991779194081354,0.76,0.0
2024-05-16 13:00:00,2.15,-2.687523952279056,1.09,-0.01
2024-05-16 14:00:00,0.49,-2.3758270946629296,1.42,-0.06
2024-05-16 15:00:00,0.57,-2.0740845339396965,1.74,-0.01
2024-05-16 16:00:00,2.6,2.057510937837096,5.89,0.0
2024-05-16 17:00:00,3.25,11.13890032822734,14.99,1.62
2024-05-16 18:00:00,30.0,31.129767376480995,35.0,3.25
2024-05-16 19:00:00,39.52,69.04971917944921,72.94,21.96
2024-05-16 20:00:00,120.0,100.7099275544328,104.62,35.0
2024-05-16 21:00:00,106.39,87.90229542667642,91.83,31.54
2024-05-16 22:00:00,81.94,61.77525299602066,65.72,28.07
2024-05-16 23:00:00,90.34,41.03789447263026,45.0,17.84
2024-05-17 00:00:00,80.32,42.70992268311896,40.74,39.52
2024-05-17 01:00:00,67.51,41.9015670945409,39.95,35.5
2024-05-17 02:00:00,60.0,39.93327518714828,38.0,35.01
2024-05-17 03:00:00,50.6,40.46486095421723,38.55,35.0
2024-05-17 04:00:00,59.5,42.756359306260826,40.86,34.47
2024-05-17 05:00:00,67.78,58.877143084918174,57.0,35.0
2024-05-17 06:00:00,102.66,77.5777529123591,75.72,35.01
2024-05-17 07:00:00,89.46,42.73102816854707,40.89,32.5
2024-05-17 08:00:00,49.84,24.80341577326435,22.98,30.0
2024-05-17 09:00:00,35.01,13.905454330929626,12.1,12.0
2024-05-17 10:00:00,33.49,5.037416237215654,3.25,3.25
2024-05-17 11:00:00,35.01,2.7490799809933177,0.98,3.1
2024-05-17 12:00:00,20.39,2.1906946052745844,0.44,2.95
2024-05-17 13:00:00,16.84,2.3923079020198,0.66,0.0
2024-05-17 14:00:00,11.9,2.593957059995877,0.88,0.0
2024-05-17 15:00:00,10.61,4.945531488958308,3.25,0.01
2024-05-17 16:00:00,17.74,7.987103151707319,6.31,0.01
2024-05-17 17:00:00,29.57,11.418684490425672,9.76,0.01
2024-05-17 18:00:00,37.93,16.63020170323198,14.99,3.25
2024-05-17 19:00:00,64.8,41.14074945459545,39.52,22.78
2024-05-17 20:00:00,84.24,77.3206734701535,75.72,43.12
2024-05-17 21:00:00,89.4,48.83382372585128,47.25,51.29
2024-05-17 22:00:00,77.18,41.73584188589141,40.17,35.01
2024-05-17 23:00:00,71.37,40.40754639949837,38.86,53.52
2024-05-18 00:00:00,63.23,54.740600459958834,35.01,80.32
2024-05-18 01:00:00,45.13,54.71224395984365,35.0,67.51
2024-05-18 02:00:00,44.98,54.70387083250736,35.01,60.0
2024-05-18 03:00:00,47.78,53.29555278657841,33.62,50.6
2024-05-18 04:00:00,48.16,51.88721885776872,32.23,59.5
2024-05-18 05:00:00,50.85,50.488868732017,30.85,67.78
2024-05-18 06:00:00,43.48,49.080502839593095,29.46,102.66
2024-05-18 07:00:00,31.96,47.6721192861193,28.07,89.46
2024-05-18 08:00:00,20.6,25.984758056727504,6.4,49.84
2024-05-18 09:00:00,9.43,19.566633640128124,0.0,35.01
2024-05-18 10:00:00,0.71,19.54821076551536,-0.0,33.49
2024-05-18 11:00:00,0.0,19.529814612942097,-0.0,35.01
2024-05-18 12:00:00,0.98,19.50144328589576,-0.01,20.39
2024-05-18 13:00:00,1.96,19.48309457012428,-0.01,2.15
2024-05-18 14:00:00,2.94,19.224781248602493,-0.25,0.49
2024-05-18 15:00:00,3.92,19.04648848004373,-0.41,0.57
2024-05-18 16:00:00,4.9,19.43819372942269,0.0,2.6
2024-05-18 17:00:00,15.25,22.669783076309475,3.25,3.25
2024-05-18 18:00:00,35.0,30.501164032481743,11.1,30.0
2024-05-18 19:00:00,45.42,54.38173735651177,35.0,39.52
2024-05-18 20:00:00,72.87,63.36304829889873,44.0,120.0
2024-05-18 21:00:00,74.46,60.97490157048168,41.63,106.39
2024-05-18 22:00:00,66.17,60.786608902288165,41.46,81.94
2024-05-18 23:00:00,58.15,54.31860875112106,35.01,90.34
2024-05-19 00:00:00,53.85,35.76984698904999,35.0,63.23
2024-05-19 01:00:00,50.91,35.59150852108238,34.84,45.13
2024-05-19 02:00:00,49.98,35.42315094311442,34.69,44.98
2024-05-19 03:00:00,48.47,35.24477472943065,34.53,47.78
2024-05-19 04:00:00,39.9,35.07637737389731,34.38,48.16
2024-05-19 05:00:00,41.2,34.897957384161025,34.22,50.85
2024-05-19 06:00:00,49.19,34.72951008976472,34.07,43.48
2024-05-19 07:00:00,35.0,2.992653474872367,2.35,31.96
2024-05-19 08:00:00,6.69,0.6243187523643552,0.0,20.6
2024-05-19 09:00:00,0.0,0.2259139138699556,-0.38,9.43
2024-05-19 10:00:00,-0.12,-0.1624632787251527,-0.75,0.71
2024-05-19 11:00:00,-0.25,-0.0508396048409359,-0.62,0.0
2024-05-19 12:00:00,-0.37,-0.1091820181566423,-0.66,0.98
2024-05-19 13:00:00,-0.5,-0.2974923413250977,-0.83,16.84
2024-05-19 14:00:00,-0.62,-0.4857754793569384,-1.0,11.9
2024-05-19 15:00:00,-0.31,-0.0040627451334317,-0.5,10.61
2024-05-19 16:00:00,0.0,0.4776834349348652,0.0,17.74
2024-05-19 17:00:00,5.0,14.758758639355529,14.3,29.57
2024-05-19 18:00:00,20.8,35.43951942062715,35.0,37.93
2024-05-19 19:00:00,35.0,39.95108855549563,39.53,64.8
2024-05-19 20:00:00,51.86,61.901736136330285,61.5,84.24
2024-05-19 21:00:00,45.54,50.36403725876504,49.98,89.4
2024-05-19 22:00:00,48.15,40.04623629126435,39.68,77.18
2024-05-19 23:00:00,49.12,35.3481306689899,35.0,71.37
2024-05-20 00:00:00,44.0,34.7498703933128,34.68,53.85
2024-05-20 01:00:00,46.62,34.41154363135098,34.36,50.91
2024-05-20 02:00:00,48.16,34.07320952613839,34.04,49.98
2024-05-20 03:00:00,48.4,34.0448526959503,34.03,48.47
2024-05-20 04:00:00,50.5,33.9964896306379,34.0,39.9
2024-05-20 05:00:00,55.99,34.97806558350037,35.0,41.2
2024-05-20 06:00:00,58.82,49.3089439454062,49.35,49.19
2024-05-20 07:00:00,49.98,49.94048141514181,50.0,35.0
2024-05-20 08:00:00,33.8,37.95261701464466,38.03,6.69
2024-05-20 09:00:00,13.5,11.605460032514165,11.7,0.0
2024-05-20 10:00:00,8.33,1.4074925108136216,1.52,-0.12
2024-05-20 11:00:00,3.26,-0.130885253432584,0.0,-0.25
2024-05-20 12:00:00,1.09,-0.0393139823650741,0.11,-0.37
2024-05-20 13:00:00,0.78,0.052286109548225,0.22,1.96
2024-05-20 14:00:00,0.54,0.1439124630752028,0.33,2.94
2024-05-20 15:00:00,3.25,0.2355638173733859,0.44,3.92
2024-05-20 16:00:00,5.0,1.4771810463426382,1.7,4.9
2024-05-20 17:00:00,15.17,3.0088070211531224,3.25,15.25
2024-05-20 18:00:00,33.8,14.039967620710696,14.3,35.0
2024-05-20 19:00:00,49.12,34.72063451671048,35.0,45.42
2024-05-20 20:00:00,59.31,37.73216995826221,38.03,72.87
2024-05-20 21:00:00,57.63,39.363731986044336,39.68,74.46
2024-05-20 22:00:00,49.0,34.67557055399812,35.01,66.17
2024-05-20 23:00:00,72.43,10.748357280764752,11.1,58.15
2024-05-21 00:00:00,70.5,5.760956969734253,5.0,44.0
2024-05-21 01:00:00,69.13,4.902603049992788,4.16,46.62
2024-05-21 02:00:00,69.0,2.72432771105984,2.0,48.16
2024-05-21 03:00:00,68.01,0.7160572165653454,0.01,48.4
2024-05-21 04:00:00,68.84,1.1776764987702233,0.49,50.5
2024-05-21 05:00:00,67.0,3.919193835884677,3.25,55.99
2024-05-21 06:00:00,67.92,22.649898875478776,22.0,58.82
2024-05-21 07:00:00,72.87,17.13181908899437,16.5,49.98
2024-05-21 08:00:00,41.7,8.283890733059916,7.67,33.8
2024-05-21 09:00:00,30.0,0.5959008123086916,0.0,13.5
2024-05-21 10:00:00,18.82,0.5775298638215586,-0.0,8.33
2024-05-21 11:00:00,20.43,0.5591709033097455,-0.0,3.26
2024-05-21 12:00:00,14.7,0.5308238730549591,-0.01,1.09
2024-05-21 13:00:00,9.66,0.5124877600502546,-0.01,-0.5
2024-05-21 14:00:00,8.21,0.4441662057921196,-0.06,-0.62
2024-05-21 15:00:00,7.44,0.4758527623895987,-0.01,-0.31
2024-05-21 16:00:00,14.7,0.4675563202990269,0.0,0.0
2024-05-21 17:00:00,19.44,2.069194604643331,1.62,5.0
2024-05-21 18:00:00,34.79,3.680849678712576,3.25,20.8
2024-05-21 19:00:00,62.73,22.371644942314955,21.96,35.0
2024-05-21 20:00:00,68.01,35.39271346034718,35.0,51.86
2024-05-21 21:00:00,66.77,31.9145873082893,31.54,45.54
2024-05-21 22:00:00,63.08,28.42642880302464,28.07,48.15
2024-05-21 23:00:00,72.0,18.17859301891899,17.84,49.12
2024-05-22 00:00:00,68.9,29.480759001151227,14.99,70.5
2024-05-22 01:00:00,65.9,26.502567407045724,12.03,69.13
2024-05-22 02:00:00,66.32,25.41428353396982,10.96,69.0
2024-05-22 03:00:00,64.76,25.435950249989865,11.0,68.01
2024-05-22 04:00:00,67.88,30.967342139619465,16.55,68.84
2024-05-22 05:00:00,62.9,45.038292455124726,30.64,67.0
2024-05-22 06:00:00,66.43,49.389709625965615,35.01,67.92
2024-05-22 07:00:00,58.58,44.36156600429461,30.0,72.87
2024-05-22 08:00:00,38.65,17.594505195541856,3.25,41.7
2024-05-22 09:00:00,24.17,17.53609187536205,3.21,30.0
2024-05-22 10:00:00,22.0,14.457850668488229,0.15,18.82
2024-05-22 11:00:00,21.76,14.28948104177382,0.0,20.43
2024-05-22 12:00:00,11.72,14.27112368907862,0.0,14.7
2024-05-22 13:00:00,10.23,14.252785827117531,0.0,0.78
2024-05-22 14:00:00,3.25,14.234467927371515,0.0,0.54
2024-05-22 15:00:00,5.86,14.226170934340292,0.01,3.25
2024-05-22 16:00:00,8.47,14.207898371290232,0.01,5.0
2024-05-22 17:00:00,25.1,14.189653424193589,0.01,15.17
2024-05-22 18:00:00,41.2,17.411274646777617,3.25,33.8
2024-05-22 19:00:00,57.24,36.92209090272677,22.78,49.12
2024-05-22 20:00:00,74.63,57.24286294671919,43.12,59.31
2024-05-22 21:00:00,67.88,65.3942211380782,51.29,57.63
2024-05-22 22:00:00,71.0,49.09678475987142,35.01,49.0
2024-05-22 23:00:00,72.0,67.58754890584586,53.52,72.43
2024-05-23 00:00:00,71.12,51.02024010671053,39.52,68.9
2024-05-23 01:00:00,54.0,46.98211649588266,35.5,65.9
2024-05-23 02:00:00,71.3,46.473798184302346,35.01,66.32
2024-05-23 03:00:00,71.12,46.445443192725946,35.0,64.76
2024-05-23 04:00:00,71.74,45.89710253486786,34.47,67.88
2024-05-23 05:00:00,72.0,46.40869516622152,35.0,62.9
2024-05-23 06:00:00,80.58,46.40029949962923,35.01,66.43
2024-05-23 07:00:00,82.67,43.87201593693644,32.5,58.58
2024-05-23 08:00:00,71.74,41.35371676965351,30.0,38.65
2024-05-23 09:00:00,49.21,23.33620064082938,12.0,24.17
2024-05-23 10:00:00,42.63,14.568230649920446,3.25,22.0
2024-05-23 11:00:00,35.01,14.399855927089051,3.1,21.76
2024-05-23 12:00:00,35.0,14.23151704611388,2.95,11.72
2024-05-23 13:00:00,30.39,13.413247782885543,2.15,9.66
2024-05-23 14:00:00,26.1,11.735062524594008,0.49,8.21
2024-05-23 15:00:00,26.31,11.796835110527663,0.57,7.44
2024-05-23 16:00:00,35.01,13.80856070719092,2.6,14.7
2024-05-23 17:00:00,43.56,14.440414741064316,3.25,19.44
2024-05-23 18:00:00,71.12,41.17099512468024,30.0,34.79
2024-05-23 19:00:00,68.43,50.67248465172915,39.52,62.73
2024-05-23 20:00:00,91.73,131.13034615245087,120.0,68.01
2024-05-23 21:00:00,92.3,117.50290150314255,106.39,66.77
2024-05-23 22:00:00,85.65,93.03591235138752,81.94,63.08
2024-05-23 23:00:00,85.0,101.41719231489743,90.34,72.0
2024-05-24 00:00:00,78.34,112.14905497312482,80.32,71.12
2024-05-24 01:00:00,77.51,99.32134868581578,67.51,54.0
2024-05-24 02:00:00,72.0,91.7933568189777,60.0,71.3
2024-05-24 03:00:00,71.0,82.37546394363925,50.6,71.12
2024-05-24 04:00:00,81.09,91.25665176612247,59.5,71.74
2024-05-24 05:00:00,83.34,99.51787263699956,67.78,72.0
2024-05-24 06:00:00,89.72,134.37770908549768,102.66,80.58
2024-05-24 07:00:00,86.84,121.15992100410882,89.46,82.67
2024-05-24 08:00:00,74.9,81.52341845904901,49.84,71.74
2024-05-24 09:00:00,61.22,66.67564756795952,35.01,49.21
2024-05-24 10:00:00,48.1,65.1372218459485,33.49,42.63
2024-05-24 11:00:00,48.3,66.63866471133527,35.01,35.01
2024-05-24 12:00:00,40.8,52.00095201141321,20.39,35.0
2024-05-24 13:00:00,36.76,48.43271183505609,16.84,10.23
2024-05-24 14:00:00,35.01,43.47458864279236,11.9,3.25
2024-05-24 15:00:00,38.5,42.166332845029146,10.61,5.86
2024-05-24 16:00:00,41.1,49.27770339600912,17.74,8.47
2024-05-24 17:00:00,68.0,61.088879921799226,29.57,25.1
2024-05-24 18:00:00,81.56,69.43026272819283,37.93,41.2
2024-05-24 19:00:00,92.76,96.280711673823,64.8,57.24
2024-05-24 20:00:00,117.19,115.70150937964506,84.24,74.63
2024-05-24 21:00:00,111.1,120.84297213623546,89.4,67.88
2024-05-24 22:00:00,99.84,108.60525160443623,77.18,71.0
2024-05-24 23:00:00,94.88,102.77715205286722,71.37,72.0
2024-05-25 00:00:00,85.74,83.42059141940486,63.23,78.34
2024-05-25 01:00:00,74.88,65.30309437318003,45.13,77.51
2024-05-25 02:00:00,72.0,65.1346760818025,44.98,72.0
2024-05-25 03:00:00,70.99,67.91610387670728,47.78,71.0
2024-05-25 04:00:00,70.0,68.2776435597288,48.16,81.09
2024-05-25 05:00:00,71.3,70.94904658931075,50.85,83.34
2024-05-25 06:00:00,71.74,63.56093725307355,43.48,89.72
2024-05-25 07:00:00,30.52,52.02302112021417,31.96,86.84
2024-05-25 08:00:00,24.44,40.64509414828575,20.6,74.9
2024-05-25 09:00:00,16.5,29.457171772260004,9.43,61.22
2024-05-25 10:00:00,9.32,20.71915511289235,0.71,48.1
2024-05-25 11:00:00,3.24,19.990771856014707,0.0,48.3
2024-05-25 12:00:00,0.04,20.952344790920364,0.98,40.8
2024-05-25 13:00:00,0.0,21.913957160696068,1.96,30.39
2024-05-25 14:00:00,0.5,22.87560730488046,2.94,26.1
2024-05-25 15:00:00,1.0,23.83729543060052,3.92,26.31
2024-05-25 16:00:00,1.5,24.79902362281229,4.9,35.01
2024-05-25 17:00:00,2.0,35.130314400182534,15.25,43.56
2024-05-25 18:00:00,28.5,54.86115180283722,35.0,71.12
2024-05-25 19:00:00,70.99,65.26246473017821,45.42,68.43
2024-05-25 20:00:00,80.54,92.69288517786188,72.87,91.73
2024-05-25 21:00:00,86.85,94.26456565430809,74.46,92.3
2024-05-25 22:00:00,84.68,85.95668681958442,66.17,85.65
2024-05-25 23:00:00,56.64,77.91874742652071,58.15,85.0
2024-05-26 00:00:00,53.71,52.68998831651483,53.85,85.74
2024-05-26 01:00:00,46.65,49.7317633296026,50.91,74.88
2024-05-26 02:00:00,48.32,48.78341227393079,49.98,72.0
2024-05-26 03:00:00,50.0,47.25506776329578,48.47,70.99
2024-05-26 04:00:00,55.92,38.667062457186105,39.9,70.0
2024-05-26 05:00:00,56.16,39.94854032098075,41.2,71.3
2024-05-26 06:00:00,35.8,47.91965657946217,49.19,71.74
2024-05-26 07:00:00,20.33,33.71187109469757,35.0,30.52
2024-05-26 08:00:00,0.02,5.384792666544849,6.69,24.44
2024-05-26 09:00:00,0.0,-1.3233622256125328,0.0,16.5
2024-05-26 10:00:00,-0.01,-1.4618128512565889,-0.12,9.32
2024-05-26 11:00:00,-0.02,-1.6102261919647372,-0.25,3.24
2024-05-26 12:00:00,-0.02,-1.7486065794100605,-0.37,0.04
2024-05-26 13:00:00,-0.03,-1.8969546569867424,-0.5,36.76
2024-05-26 14:00:00,-0.6,-2.035271529721789,-0.62,35.01
2024-05-26 15:00:00,-0.3,-1.743577313481121,-0.31,38.5
2024-05-26 16:00:00,0.0,-1.4518477481143508,0.0,41.1
2024-05-26 17:00:00,0.44,3.529680044897346,5.0,68.0
2024-05-26 18:00:00,16.72,19.310687563775,20.8,81.56
2024-05-26 19:00:00,35.23,33.491785479825744,35.0,92.76
2024-05-26 20:00:00,46.0,50.33273219899483,51.86,117.19
2024-05-26 21:00:00,55.52,43.994826456516485,45.54,111.1
2024-05-26 22:00:00,35.6,46.58643775742467,48.15,99.84
2024-05-26 23:00:00,32.3,47.53810815313528,49.12,94.88
2024-05-27 00:00:00,33.0,44.12967092259584,44.0,53.71
2024-05-27 01:00:00,31.0,46.73123687810179,46.62,46.65
2024-05-27 02:00:00,30.9,48.25284070398686,48.16,48.32
2024-05-27 03:00:00,28.0,48.47449181151887,48.4,50.0
2024-05-27 04:00:00,30.8,50.5560278071977,50.5,55.92
2024-05-27 05:00:00,35.01,56.02736499972596,55.99,56.16
2024-05-27 06:00:00,43.01,58.838800560365335,58.82,35.8
2024-05-27 07:00:00,35.0,49.98078775339725,49.98,20.33
2024-05-27 08:00:00,33.5,33.78311762757982,33.8,0.02
2024-05-27 09:00:00,31.53,13.465652758287913,13.5,0.0
2024-05-27 10:00:00,26.12,8.277440666445269,8.33,-0.01
2024-05-27 11:00:00,30.6,3.1892587364354226,3.26,-0.02
2024-05-27 12:00:00,25.0,1.0009695501176683,1.09,-0.02
2024-05-27 13:00:00,22.23,0.672628705989853,0.78,0.0
2024-05-27 14:00:00,14.33,0.4143284166117443,0.54,0.5
2024-05-27 15:00:00,6.0,3.1059229203541467,3.25,1.0
2024-05-27 16:00:00,17.72,4.837611198028222,5.0,1.5
2024-05-27 17:00:00,25.57,14.98891353918289,15.17,2.0
2024-05-27 18:00:00,31.66,33.59981398137805,33.8,28.5
2024-05-27 19:00:00,35.01,48.90088647374196,49.12,70.99
2024-05-27 20:00:00,54.0,59.07220100689118,59.31,80.54
2024-05-27 21:00:00,52.82,57.3740906686417,57.63,86.85
2024-05-27 22:00:00,35.05,48.7263137651939,49.0,84.68
2024-05-27 23:00:00,35.0,72.13689078897396,72.43,56.64
2024-05-28 00:00:00,35.0,94.18861866643933,70.5,33.0
2024-05-28 01:00:00,35.01,92.80040401447964,69.13,31.0
2024-05-28 02:00:00,36.56,92.6520932458504,69.0,30.9
2024-05-28 03:00:00,38.11,91.6437960520973,68.01,28.0
2024-05-28 04:00:00,39.67,92.45537685164204,68.84,30.8
2024-05-28 05:00:00,41.22,90.59706312495068,67.0,35.01
2024-05-28 06:00:00,51.79,91.49857685878528,67.92,43.01
2024-05-28 07:00:00,40.74,96.4298462275409,72.87,35.0
2024-05-28 08:00:00,35.0,65.24291735048276,41.7,33.5
2024-05-28 09:00:00,28.2,53.52499300181052,30.0,31.53
2024-05-28 10:00:00,0.07,42.32706406074766,18.82,26.12
2024-05-28 11:00:00,0.08,43.91851688173937,20.43,30.6
2024-05-28 12:00:00,0.0,38.17037665728978,14.7,25.0
2024-05-28 13:00:00,0.0,33.11223902740193,9.66,-0.03
2024-05-28 14:00:00,0.01,31.643963634973822,8.21,-0.6
2024-05-28 15:00:00,0.01,30.855703105791523,7.44,-0.3
2024-05-28 16:00:00,5.0,38.09708374204121,14.7,0.0
2024-05-28 17:00:00,8.0,42.81863672239683,19.44,0.44
2024-05-28 18:00:00,29.6,58.14968392821184,34.79,16.72
2024-05-28 19:00:00,41.1,86.07009881869341,62.73,35.23
2024-05-28 20:00:00,70.96,91.33164115355105,68.01,46.0
2024-05-28 21:00:00,55.94,90.07347777764244,66.77,55.52
2024-05-28 22:00:00,41.46,86.36540820607865,63.08,35.6
2024-05-28 23:00:00,54.77,95.26667096718435,72.0,32.3
2024-05-29 00:00:00,40.94,37.46167179912818,68.9,35.0
2024-05-29 01:00:00,40.58,34.58647275807462,65.9,35.01
2024-05-29 02:00:00,40.34,34.227468997373435,66.32,36.56
2024-05-29 03:00:00,40.7,33.61120450843468,64.76,38.11
2024-05-29 04:00:00,40.94,37.8781416371084,67.88,39.67
2024-05-29 05:00:00,59.36,42.69215479771094,62.9,41.22
2024-05-29 06:00:00,65.0,46.96711353925088,66.43,51.79
2024-05-29 07:00:00,52.19,40.65498507273095,58.58,40.74
2024-05-29 08:00:00,38.5,17.582440552328883,38.65,35.0
2024-05-29 09:00:00,29.0,10.53309538364562,24.17,28.2
2024-05-29 10:00:00,20.5,7.918545927205264,22.0,0.07
2024-05-29 11:00:00,24.08,7.675801941063866,21.76,0.08
2024-05-29 12:00:00,18.4,2.980795407088176,11.72,0.0
2024-05-29 13:00:00,17.47,2.316796171155356,10.23,22.23
2024-05-29 14:00:00,11.98,-0.9355470794806422,3.25,14.33
2024-05-29 15:00:00,11.0,0.3384554824981161,5.86,6.0
2024-05-29 16:00:00,19.76,1.6074461655820251,8.47,17.72
2024-05-29 17:00:00,29.38,9.660969903757485,25.1,25.57
2024-05-29 18:00:00,35.01,19.311132525384945,41.2,31.66
2024-05-29 19:00:00,40.94,37.10785108101006,57.24,35.01
2024-05-29 20:00:00,67.94,56.19066135500613,74.63,54.0
2024-05-29 21:00:00,69.87,56.88877783987031,67.88,52.82
2024-05-29 22:00:00,63.95,50.17320779803169,71.0,35.05
2024-05-29 23:00:00,50.94,59.487644686100666,72.0,35.0
2024-05-30 00:00:00,45.32,78.08170757458016,71.12,40.94
2024-05-30 01:00:00,43.12,60.98637737728604,54.0,40.58
2024-05-30 02:00:00,40.53,78.30872385689236,71.3,40.34
2024-05-30 03:00:00,38.64,78.15228619365874,71.12,40.7
2024-05-30 04:00:00,42.79,78.79576553405826,71.74,40.94
2024-05-30 05:00:00,45.44,79.07924783233496,72.0,59.36
2024-05-30 06:00:00,42.04,87.68210930826721,80.58,65.0
2024-05-30 07:00:00,38.64,89.79530478803721,82.67,52.19
2024-05-30 08:00:00,27.42,78.88924721780683,71.74,38.5
2024-05-30 09:00:00,10.27,56.38390427183984,49.21,29.0
2024-05-30 10:00:00,3.82,49.827485334365285,42.63,20.5
2024-05-30 11:00:00,3.25,42.23121673911928,35.01,24.08
2024-05-30 12:00:00,0.44,42.24450775347811,35.0,18.4
2024-05-30 13:00:00,0.0,37.65819560726936,30.39,0.0
2024-05-30 14:00:00,0.25,33.39195841177671,26.1,0.01
2024-05-30 15:00:00,0.5,33.62554581396271,26.31,0.01
2024-05-30 16:00:00,0.75,42.34869593715664,35.01,5.0
2024-05-30 17:00:00,1.0,50.92198531333122,43.56,8.0
2024-05-30 18:00:00,7.0,78.50401813580538,71.12,29.6
2024-05-30 19:00:00,37.5,75.83810553689933,68.43,41.1
2024-05-30 20:00:00,35.01,99.16032446219364,91.73,70.96
2024-05-30 21:00:00,37.92,99.75397558293136,92.3,55.94
2024-05-30 22:00:00,30.33,93.12798248072092,85.65,41.46
2024-05-30 23:00:00,10.0,92.5014912542629,85.0,54.77
2024-05-31 00:00:00,5.5,44.06323676996827,78.34,45.32
2024-05-31 01:00:00,4.77,43.25671010805422,77.51,43.12
2024-05-31 02:00:00,3.25,37.77052442536642,72.0,40.53
2024-05-31 03:00:00,3.81,36.79407601483145,71.0,38.64
2024-05-31 04:00:00,4.37,46.90690412975205,81.09,42.79
2024-05-31 05:00:00,6.67,49.18025791468813,83.34,45.44
2024-05-31 06:00:00,5.0,55.58325365912571,89.72,42.04
2024-05-31 07:00:00,2.47,52.7267672667361,86.84,38.64
2024-05-31 08:00:00,0.0,40.81078292078501,74.9,27.42
2024-05-31 09:00:00,-0.0,27.15485645503728,61.22,10.27
2024-05-31 10:00:00,-0.0,14.058912997634122,48.1,3.82
2024-05-31 11:00:00,-0.01,14.282121738660404,48.3,3.25
2024-05-31 12:00:00,-0.01,6.805936769473608,40.8,0.44
2024-05-31 13:00:00,-0.01,2.7896059709381484,36.76,17.47
2024-05-31 14:00:00,-0.01,1.0632440129643304,35.01,11.98
2024-05-31 15:00:00,-0.0,4.5766690701828034,38.5,11.0
2024-05-31 16:00:00,-0.0,7.200322396073329,41.1,19.76
2024-05-31 17:00:00,0.0,34.122437108920785,68.0,29.38
2024-05-31 18:00:00,1.62,47.70550337125712,81.56,35.01
2024-05-31 19:00:00,3.25,58.928680509844185,92.76,40.94
2024-05-31 20:00:00,7.3,83.38081312996256,117.19,67.94
2024-05-31 21:00:00,5.5,77.3148276923999,111.1,69.87
2024-05-31 22:00:00,3.25,66.07899963110454,99.84,63.95
2024-05-31 23:00:00,4.99,61.14262366044255,94.88,50.94
2024-06-01 00:00:00,3.25,45.21269633291839,85.74,5.5
2024-06-01 01:00:00,2.24,34.376649092942884,74.88,4.77
2024-06-01 02:00:00,1.23,31.52007520465516,72.0,3.25
2024-06-01 03:00:00,0.09,30.53339363554917,70.99,3.81
2024-06-01 04:00:00,3.25,29.56669787700939,70.0,4.37
2024-06-01 05:00:00,2.17,30.88978129204067,71.3,6.67
2024-06-01 06:00:00,1.08,31.35278496923925,71.74,5.0
2024-06-01 07:00:00,0.0,-9.841457456588072,30.52,2.47
2024-06-01 08:00:00,-0.0,-15.898096484817076,24.44,0.0
2024-06-01 09:00:00,-0.01,-23.81451223692516,16.5,-0.0
2024-06-01 10:00:00,-0.36,-30.97089554576475,9.32,-0.0
2024-06-01 11:00:00,-0.5,-37.02726297757621,3.24,-0.01
2024-06-01 12:00:00,-0.36,-40.20372761462431,0.04,-0.01
2024-06-01 13:00:00,-0.6,-40.22030712357247,0.0,0.0
2024-06-01 14:00:00,-0.62,-39.69682596373431,0.5,0.25
2024-06-01 15:00:00,-0.66,-39.173242848574446,1.0,0.5
2024-06-01 16:00:00,-0.6,-38.64953209547941,1.5,0.75
2024-06-01 17:00:00,-0.01,-38.125638831709495,2.0,1.0
2024-06-01 18:00:00,0.0,-11.603340398617924,28.5,7.0
2024-06-01 19:00:00,3.25,30.90790262233713,70.99,37.5
2024-06-01 20:00:00,7.2,40.481246375786085,80.54,35.01
2024-06-01 21:00:00,8.44,46.81455112914836,86.85,37.92
2024-06-01 22:00:00,4.5,44.66817581080719,84.68,30.33
2024-06-01 23:00:00,7.2,16.653400157785992,56.64,10.0
2024-06-02 00:00:00,5.0,53.590962965080976,53.71,3.25
2024-06-02 01:00:00,4.35,46.55474422872705,46.65,2.24
2024-06-02 02:00:00,3.6,48.24796888639801,48.32,1.23
2024-06-02 03:00:00,4.3,49.95121301135352,50.0,0.09
2024-06-02 04:00:00,5.0,55.894123789113415,55.92,3.25
2024-06-02 05:00:00,4.43,56.15730606854692,56.16,2.17
2024-06-02 06:00:00,3.25,35.82176836350918,35.8,1.08
2024-06-02 07:00:00,0.0,20.375831175643714,20.33,0.0
2024-06-02 08:00:00,-0.03,0.0902783196160903,0.02,-0.0
2024-06-02 09:00:00,-1.05,0.0934529446715757,0.0,-0.01
2024-06-02 10:00:00,-1.86,0.1067472761955502,-0.01,-0.36
2024-06-02 11:00:00,-1.72,0.1201199860725916,-0.02,-0.5
2024-06-02 12:00:00,-1.57,0.14354622940293,-0.02,-0.36
2024-06-02 13:00:00,-1.43,0.157015599462108,-0.03,-0.01
2024-06-02 14:00:00,-1.29,-0.3894342809013698,-0.6,-0.01
2024-06-02 15:00:00,-1.14,-0.0658918842726219,-0.3,-0.0
2024-06-02 16:00:00,-1.0,0.2577212031782671,0.0,-0.0
2024-06-02 17:00:00,-0.01,0.7214267660221856,0.44,0.0
2024-06-02 18:00:00,0.44,17.024146711897554,16.72,1.62
2024-06-02 19:00:00,11.35,35.55674249781768,35.23,3.25
2024-06-02 20:00:00,25.01,46.34979221423824,46.0,7.3
2024-06-02 21:00:00,28.87,55.89276578595785,55.52,5.5
2024-06-02 22:00:00,13.42,35.997611151629215,35.6,3.25
2024-06-02 23:00:00,9.16,32.72125529024235,32.3,4.99
2024-06-03 00:00:00,14.1,31.731243411373548,33.0,5.0
2024-06-03 01:00:00,13.3,29.754821286537737,31.0,4.35
2024-06-03 02:00:00,12.5,29.67828182109852,30.9,3.6
2024-06-03 03:00:00,14.32,26.80195943114005,28.0,4.3
2024-06-03 04:00:00,10.15,29.6252775166559,30.8,5.0
2024-06-03 05:00:00,35.01,33.85851796501846,35.01,4.43
2024-06-03 06:00:00,37.94,41.88146883460095,43.01,3.25
2024-06-03 07:00:00,41.93,33.895463130442145,35.0,0.0
2024-06-03 08:00:00,35.0,32.41896926874673,33.5,-0.03
2024-06-03 09:00:00,16.9,30.472491792014623,31.53,-1.05
2024-06-03 10:00:00,5.44,25.08624841286644,26.12,-1.86
2024-06-03 11:00:00,4.46,29.589324169304188,30.6,-1.72
2024-06-03 12:00:00,8.3,24.013081228372577,25.0,-1.57
2024-06-03 13:00:00,3.25,21.266634370916364,22.23,-0.6
2024-06-03 14:00:00,1.31,13.390565318790957,14.33,-0.62
2024-06-03 15:00:00,3.25,5.084612743750266,6.0,-0.66
2024-06-03 16:00:00,11.86,16.82740318636202,17.72,-0.6
2024-06-03 17:00:00,35.0,24.70054222615024,25.57,-0.01
2024-06-03 18:00:00,49.22,30.813826239116263,31.66,0.0
2024-06-03 19:00:00,75.37,34.18730164214491,35.01,3.25
2024-06-03 20:00:00,102.15,53.19965417773107,54.0,7.2
2024-06-03 21:00:00,81.31,52.04327031643434,52.82,8.44
2024-06-03 22:00:00,63.3,34.297919703166095,35.05,4.5
2024-06-03 23:00:00,99.2,34.27133849714086,35.0,7.2
2024-06-04 00:00:00,92.72,18.583052661508503,35.0,14.1
2024-06-04 01:00:00,94.88,18.616527724341115,35.01,13.3
2024-06-04 02:00:00,84.82,20.189916091776897,36.56,12.5
2024-06-04 03:00:00,94.88,21.76331338001993,38.11,14.32
2024-06-04 04:00:00,95.4,23.346705528961376,39.67,10.15
2024-06-04 05:00:00,150.0,24.920079498512347,41.22,35.01
2024-06-04 06:00:00,175.55,35.51276577804072,51.79,37.94
2024-06-04 07:00:00,113.22,24.48682666370758,40.74,41.93
2024-06-04 08:00:00,81.82,18.77041788628715,35.0,35.0
2024-06-04 09:00:00,70.0,11.994005445735851,28.2,16.9
2024-06-04 10:00:00,37.3,-16.11094716021137,0.07,5.44
2024-06-04 11:00:00,35.01,-16.07773970226596,0.08,4.46
2024-06-04 12:00:00,35.0,-16.134399349760777,0.0,8.3
2024-06-04 13:00:00,31.25,-16.110970111287774,0.0,-1.43
2024-06-04 14:00:00,27.5,-16.077458104841494,0.01,-1.29
2024-06-04 15:00:00,30.0,-16.053854090470082,0.01,-1.14
2024-06-04 16:00:00,35.01,-11.040489636735725,5.0,-1.0
2024-06-04 17:00:00,59.48,-8.016871120771091,8.0,-0.01
2024-06-04 18:00:00,67.18,13.60555948451054,29.6,0.44
2024-06-04 19:00:00,116.24,25.12870268913511,41.1,11.35
2024-06-04 20:00:00,171.15,55.01046872401268,70.96,25.01
2024-06-04 21:00:00,157.0,40.01512293217766,55.94,28.87
2024-06-04 22:00:00,145.0,25.55961092372693,41.46,13.42
2024-06-04 23:00:00,117.01,38.89215168844631,54.77,9.16
2024-06-05 00:00:00,112.42,76.22226719222793,40.94,92.72
2024-06-05 01:00:00,110.0,75.88572685605847,40.58,94.88
2024-06-05 02:00:00,107.34,75.66921790595335,40.34,84.82
2024-06-05 03:00:00,104.68,76.05270792412458,40.7,94.88
2024-06-05 04:00:00,107.19,76.31625273307318,40.94,95.4
2024-06-05 05:00:00,110.0,94.75854941950794,59.36,150.0
2024-06-05 06:00:00,123.08,100.42162023042708,65.0,175.55
2024-06-05 07:00:00,120.22,87.63579936730973,52.19,113.22
2024-06-05 08:00:00,110.91,73.96993840169326,38.5,81.82
2024-06-05 09:00:00,81.56,64.49377776004901,29.0,70.0
2024-06-05 10:00:00,55.0,56.01759854460563,20.5,37.3
2024-06-05 11:00:00,50.21,59.62065240793693,24.08,35.01
2024-06-05 12:00:00,47.25,53.96439227403786,18.4,35.0
2024-06-05 13:00:00,35.01,53.05784944435895,17.47,3.25
2024-06-05 14:00:00,41.63,47.5916870845139,11.98,1.31
2024-06-05 15:00:00,48.26,46.63531553642738,11.0,3.25
2024-06-05 16:00:00,54.88,55.418388999046655,19.76,11.86
2024-06-05 17:00:00,79.0,65.06148396911298,29.38,35.0
2024-06-05 18:00:00,108.41,70.71489424597281,35.01,49.22
2024-06-05 19:00:00,124.12,76.66831376380698,40.94,75.37
2024-06-05 20:00:00,170.01,103.69025176509548,67.94,102.15
2024-06-05 21:00:00,124.07,105.64377096896646,69.87,81.31
2024-06-05 22:00:00,113.2,99.74764604167056,63.95,63.3
2024-06-05 23:00:00,103.72,86.761893406708,50.94,99.2
2024-06-06 00:00:00,107.63,74.45335030492006,45.32,112.42
2024-06-06 01:00:00,110.3,72.27684378098506,43.12,110.0
2024-06-06 02:00:00,109.53,69.71038828360109,40.53,107.34
2024-06-06 03:00:00,110.0,67.84391187466619,38.64,104.68
2024-06-06 04:00:00,110.3,72.01703383151774,42.79,107.19
2024-06-06 05:00:00,112.88,74.69022990081346,45.44,110.0
2024-06-06 06:00:00,114.47,71.31377230847379,42.04,123.08
2024-06-06 07:00:00,101.44,67.93722846340863,38.64,120.22
2024-06-06 08:00:00,84.16,56.74114573100519,27.42,110.91
2024-06-06 09:00:00,81.15,39.6154511958167,10.27,81.56
2024-06-06 10:00:00,69.0,33.189078704476096,3.82,55.0
2024-06-06 11:00:00,62.0,32.64238848871944,3.25,50.21
2024-06-06 12:00:00,56.3,29.85592542999031,0.44,47.25
2024-06-06 13:00:00,56.2,29.43936142823373,0.0,31.25
2024-06-06 14:00:00,55.9,29.71280649586846,0.25,27.5
2024-06-06 15:00:00,62.0,29.9863036490635,0.5,30.0
2024-06-06 16:00:00,80.0,30.259858083843955,0.75,35.01
2024-06-06 17:00:00,90.0,30.533488096233004,1.0,59.48
2024-06-06 18:00:00,100.3,36.55681483447071,7.0,67.18
2024-06-06 19:00:00,115.23,67.0784721462991,37.5,116.24
2024-06-06 20:00:00,122.37,64.612288196873,35.01,171.15
2024-06-06 21:00:00,116.87,67.54556507839683,37.92,157.0
2024-06-06 22:00:00,110.41,59.97941241145826,30.33,145.0
2024-06-06 23:00:00,98.98,39.67405097307719,10.0,117.01
2024-06-07 00:00:00,98.0,61.64291819266808,5.5,107.63
2024-06-07 01:00:00,95.0,60.93629369004376,4.77,110.3
2024-06-07 02:00:00,97.79,59.43977623964437,3.25,109.53
2024-06-07 03:00:00,97.9,60.023154983159856,3.81,110.0
2024-06-07 04:00:00,98.0,60.606558979366106,4.37,110.3
2024-06-07 05:00:00,98.91,62.92984773520424,6.67,112.88
2024-06-07 06:00:00,99.82,61.28339712211281,5.0,114.47
2024-06-07 07:00:00,103.49,58.77699377255611,2.47,101.44
2024-06-07 08:00:00,97.65,56.33059012571966,0.0,84.16
2024-06-07 09:00:00,78.2,56.35403135947052,-0.0,81.15
2024-06-07 10:00:00,52.4,56.37748707937886,-0.0,69.0
2024-06-07 11:00:00,50.69,56.390952899108086,-0.01,62.0
2024-06-07 12:00:00,45.1,56.41442454674216,-0.01,56.3
2024-06-07 13:00:00,39.5,56.43790127853157,-0.01,35.01
2024-06-07 14:00:00,38.1,56.46138279269515,-0.01,41.63
2024-06-07 15:00:00,39.05,56.494869160404285,-0.0,48.26
2024-06-07 16:00:00,40.0,56.51836375816613,-0.0,54.88
2024-06-07 17:00:00,56.2,56.54186964930233,0.0,79.0
2024-06-07 18:00:00,82.84,58.18527643891399,1.62,108.41
2024-06-07 19:00:00,94.2,59.83868923321267,3.25,124.12
2024-06-07 20:00:00,100.0,63.911924802737474,7.3,170.01
2024-06-07 21:00:00,99.94,62.1355371605854,5.5,124.07
2024-06-07 22:00:00,99.4,59.90916185797905,3.25,113.2
2024-06-07 23:00:00,95.09,61.672504970684926,4.99,103.72
2024-06-08 00:00:00,90.0,48.642725429289015,3.25,98.0
2024-06-08 01:00:00,85.86,47.65624628700888,2.24,95.0
2024-06-08 02:00:00,85.64,46.66977002525663,1.23,97.79
2024-06-08 03:00:00,85.76,45.55331311891248,0.09,97.9
2024-06-08 04:00:00,85.88,48.73656737642704,3.25,98.0
2024-06-08 05:00:00,99.35,47.68010759899883,2.17,98.91
2024-06-08 06:00:00,101.44,46.613639552104495,1.08,99.82
2024-06-08 07:00:00,100.3,45.55717051322275,0.0,103.49
2024-06-08 08:00:00,94.01,45.58063188718612,-0.0,97.65
2024-06-08 09:00:00,70.2,45.594098421849615,-0.01,78.2
2024-06-08 10:00:00,51.44,45.2675912350941,-0.36,52.4
2024-06-08 11:00:00,42.1,45.15107290300961,-0.5,50.69
2024-06-08 12:00:00,41.6,45.31453874400108,-0.36,45.1
2024-06-08 13:00:00,35.13,45.09803399862471,-0.6,56.2
2024-06-08 14:00:00,35.0,45.10151856166115,-0.62,55.9
2024-06-08 15:00:00,30.49,45.08501115412201,-0.66,62.0
2024-06-08 16:00:00,25.3,45.16850632005696,-0.6,80.0
2024-06-08 17:00:00,35.01,45.78197717978124,-0.01,90.0
2024-06-08 18:00:00,47.7,45.81550404498471,0.0,100.3
2024-06-08 19:00:00,85.03,49.088822785247686,3.25,115.23
2024-06-08 20:00:00,101.12,53.062090795774,7.2,122.37
2024-06-08 21:00:00,100.76,54.32551889261047,8.44,116.87
2024-06-08 22:00:00,90.0,50.409277781571525,4.5,110.41
2024-06-08 23:00:00,35.13,53.13256671873032,7.2,98.98
2024-06-09 00:00:00,22.41,47.2424984163861,5.0,90.0
2024-06-09 01:00:00,12.76,46.61600289494967,4.35,85.86
2024-06-09 02:00:00,8.46,45.889516484831546,3.6,85.64
2024-06-09 03:00:00,8.94,46.6129331144536,4.3,85.76
2024-06-09 04:00:00,22.99,47.33634556303402,5.0,85.88
2024-06-09 05:00:00,10.0,46.7898326800827,4.43,99.35
2024-06-09 06:00:00,5.0,45.63334708250479,3.25,101.44
2024-06-09 07:00:00,3.25,42.40699840730473,0.0,100.3
2024-06-09 08:00:00,0.0,42.40043424578776,-0.03,94.01
2024-06-09 09:00:00,-0.0,41.40394828107286,-1.05,70.2
2024-06-09 10:00:00,-0.0,40.6174588759846,-1.86,51.44
2024-06-09 11:00:00,-0.0,40.78091745624278,-1.72,42.1
2024-06-09 12:00:00,-0.01,40.95438778294788,-1.57,41.6
2024-06-09 13:00:00,-0.01,41.11787002753488,-1.43,39.5
2024-06-09 14:00:00,-0.01,41.28136489164047,-1.29,38.1
2024-06-09 15:00:00,-0.0,41.454875962918976,-1.14,39.05
2024-06-09 16:00:00,0.0,41.61841273087555,-1.0,40.0
2024-06-09 17:00:00,3.25,42.63192710249664,-0.01,56.2
2024-06-09 18:00:00,35.0,43.105530845511225,0.44,82.84
2024-06-09 19:00:00,41.8,54.0384613680998,11.35,94.2
2024-06-09 20:00:00,58.76,67.7211852662951,25.01,100.0
2024-06-09 21:00:00,69.64,71.60447982875185,28.87,99.94
2024-06-09 22:00:00,56.9,56.17900130417093,13.42,99.4
2024-06-09 23:00:00,69.41,51.94273888491036,9.16,95.09
2024-06-10 00:00:00,35.5,15.94150451648115,14.1,22.41
2024-06-10 01:00:00,38.2,15.165068069972468,13.3,12.76
2024-06-10 02:00:00,35.01,14.38865598135054,12.5,8.46
2024-06-10 03:00:00,35.0,16.23210189006605,14.32,8.94
2024-06-10 04:00:00,35.01,12.086025036590424,10.15,22.99
2024-06-10 05:00:00,38.5,36.96798933753632,35.01,10.0
2024-06-10 06:00:00,55.05,39.92140384501741,37.94,5.0
2024-06-10 07:00:00,35.5,43.93460671843263,41.93,3.25
2024-06-10 08:00:00,38.3,37.02841169356582,35.0,0.0
2024-06-10 09:00:00,35.13,18.952888615596382,16.9,-0.0
2024-06-10 10:00:00,35.1,7.516922349227537,5.44,-0.0
2024-06-10 11:00:00,35.01,6.560325273246043,4.46,-0.0
2024-06-10 12:00:00,35.0,10.42348490769604,8.3,-0.01
2024-06-10 13:00:00,35.0,5.397329293285443,3.25,35.13
2024-06-10 14:00:00,34.8,3.481060590926229,1.31,35.0
2024-06-10 15:00:00,34.9,5.444674797168918,3.25,30.49
2024-06-10 16:00:00,35.0,14.078008382006132,11.86,25.3
2024-06-10 17:00:00,37.78,37.24049029660106,35.0,35.01
2024-06-10 18:00:00,40.56,51.48365948836248,49.22,47.7
2024-06-10 19:00:00,71.36,77.65598962665909,75.37,85.03
2024-06-10 20:00:00,86.75,104.45811919920877,102.15,101.12
2024-06-10 21:00:00,71.48,83.64330608676869,81.31,100.76
2024-06-10 22:00:00,70.06,65.65823591744201,63.3,90.0
2024-06-10 23:00:00,98.3,101.57949949216922,99.2,35.13
2024-06-11 00:00:00,95.09,119.70069454293768,92.72,35.5
2024-06-11 01:00:00,84.83,121.8841862148911,94.88,38.2
2024-06-11 02:00:00,78.2,111.84853238828472,84.82,35.01
2024-06-11 03:00:00,81.81,121.93156738831205,94.88,35.0
2024-06-11 04:00:00,85.41,122.47536093988153,95.4,35.01
2024-06-11 05:00:00,71.48,177.0954014978744,150.0,38.5
2024-06-11 06:00:00,90.34,202.6670752652656,175.55,55.05
2024-06-11 07:00:00,98.13,140.36429436593147,113.22,35.5
2024-06-11 08:00:00,70.0,108.98914479050624,81.82,38.3
2024-06-11 09:00:00,44.8,97.19265450747788,70.0,35.13
2024-06-11 10:00:00,42.3,64.51770779228603,37.3,35.1
2024-06-11 11:00:00,41.2,62.25085991727712,35.01,35.01
2024-06-11 12:00:00,40.0,62.26405623789969,35.0,35.0
2024-06-11 13:00:00,35.02,58.53766618297836,31.25,-0.01
2024-06-11 14:00:00,35.01,54.811437941864455,27.5,-0.01
2024-06-11 15:00:00,35.07,57.334975801307024,30.0,-0.0
2024-06-11 16:00:00,35.13,62.3685712754566,35.01,0.0
2024-06-11 17:00:00,43.0,86.86104612872863,59.48,3.25
2024-06-11 18:00:00,66.05,94.58486321628163,67.18,35.0
2024-06-11 19:00:00,71.12,143.66593583489302,116.24,41.8
2024-06-11 20:00:00,85.41,198.5964356585514,171.15,58.76
2024-06-11 21:00:00,77.29,184.471262490474,157.0,69.64
2024-06-11 22:00:00,70.13,172.49554548118763,145.0,56.9
2024-06-11 23:00:00,83.13,144.53073643709692,117.01,69.41
2024-06-12 00:00:00,61.4,117.70279938604484,112.42,95.09
2024-06-12 01:00:00,61.58,115.30626311247124,110.0,84.83
2024-06-12 02:00:00,60.1,112.6697887312624,107.34,78.2
2024-06-12 03:00:00,55.2,110.03336101783437,104.68,81.81
2024-06-12 04:00:00,57.6,112.56662008988732,107.19,85.41
2024-06-12 05:00:00,60.0,115.39987518236627,110.0,71.48
2024-06-12 06:00:00,90.34,128.5023660182507,123.08,90.34
2024-06-12 07:00:00,75.0,125.66579921243192,120.22,98.13
2024-06-12 08:00:00,42.5,116.37947104631031,110.91,70.0
2024-06-12 09:00:00,35.02,87.05437452040621,81.56,44.8
2024-06-12 10:00:00,35.01,60.51909299329324,55.0,42.3
2024-06-12 11:00:00,34.34,55.752454239304896,50.21,41.2
2024-06-12 12:00:00,33.67,52.81585286809296,47.25,40.0
2024-06-12 13:00:00,33.0,40.60006167275193,35.01,35.0
2024-06-12 14:00:00,12.25,47.24317906236662,41.63,34.8
2024-06-12 15:00:00,10.43,53.89650308485263,48.26,34.9
2024-06-12 16:00:00,25.73,60.54002190242135,54.88,35.0
2024-06-12 17:00:00,40.0,84.68250471580309,79.0,37.78
2024-06-12 18:00:00,55.1,114.11468379746503,108.41,40.56
2024-06-12 19:00:00,75.0,129.84772813809406,124.12,71.36
2024-06-12 20:00:00,101.34,175.75842789618912,170.01,86.75
2024-06-12 21:00:00,100.98,129.8450934798817,124.07,71.48
2024-06-12 22:00:00,85.17,118.99915545898035,113.2,70.06
2024-06-12 23:00:00,97.86,109.54313888365266,103.72,98.3
2024-06-13 00:00:00,93.1,94.33330422992115,107.63,61.4
2024-06-13 01:00:00,90.34,97.02655932454508,110.3,61.58
2024-06-13 02:00:00,95.26,96.28005578871966,109.53,60.1
2024-06-13 03:00:00,101.76,96.77345797297664,110.0,55.2
2024-06-13 04:00:00,105.36,97.09685170862926,110.3,57.6
2024-06-13 05:00:00,120.0,99.700042122111,112.88,60.0
2024-06-13 06:00:00,130.0,101.31320765801436,114.47,90.34
2024-06-13 07:00:00,90.0,88.30726449283223,101.44,75.0
2024-06-13 08:00:00,72.94,71.05155444095092,84.16,42.5
2024-06-13 09:00:00,35.02,68.06487114810659,81.15,35.02
2024-06-13 10:00:00,35.0,55.9388550309134,69.0,35.01
2024-06-13 11:00:00,33.9,48.962551598444975,62.0,34.34
2024-06-13 12:00:00,10.0,43.28626514238144,56.3,33.67
2024-06-13 13:00:00,0.0,43.20972072772199,56.2,35.02
2024-06-13 14:00:00,1.83,42.93333092133057,55.9,35.01
2024-06-13 15:00:00,3.66,49.056649254553946,62.0,35.07
2024-06-13 16:00:00,5.49,67.07926297941218,80.0,35.13
2024-06-13 17:00:00,14.74,77.10246830674521,90.0,43.0
2024-06-13 18:00:00,35.45,87.4256377439526,100.3,66.05
2024-06-13 19:00:00,82.1,102.37842272185394,115.23,71.12
2024-06-13 20:00:00,111.81,109.5416093318385,122.37,85.41
2024-06-13 21:00:00,109.81,104.0655041216448,116.87,77.29
2024-06-13 22:00:00,95.26,97.62934235383749,110.41,70.13
2024-06-13 23:00:00,78.86,86.22347403756348,98.98,83.13
2024-06-14 00:00:00,76.44,51.98562729459284,98.0,93.1
2024-06-14 01:00:00,75.72,49.00923628505639,95.0,90.34
2024-06-14 02:00:00,75.3,51.82247568220142,97.79,95.26
2024-06-14 03:00:00,75.72,51.95591061879274,97.9,101.76
2024-06-14 04:00:00,78.02,52.079339158279424,98.0,105.36
2024-06-14 05:00:00,79.1,53.01269120699341,98.91,120.0
2024-06-14 06:00:00,90.0,53.94599934189849,99.82,130.0
2024-06-14 07:00:00,79.34,57.63902878888688,103.49,90.0
2024-06-14 08:00:00,45.91,51.82257346457405,97.65,72.94
2024-06-14 09:00:00,35.01,32.39692478233412,78.2,35.02
2024-06-14 10:00:00,12.21,6.62169480573027,52.4,35.0
2024-06-14 11:00:00,3.25,4.934899633177044,50.69,33.9
2024-06-14 12:00:00,0.44,-0.6315129392332441,45.1,10.0
2024-06-14 13:00:00,0.02,-6.207815332226288,39.5,33.0
2024-06-14 14:00:00,0.0,-7.584279307718269,38.1,12.25
2024-06-14 15:00:00,0.32,-6.610762902782322,39.05,10.43
2024-06-14 16:00:00,0.64,-5.637084824964084,40.0,25.73
2024-06-14 17:00:00,0.96,10.585704669678766,56.2,40.0
2024-06-14 18:00:00,7.0,37.24784841765973,82.84,55.1
2024-06-14 19:00:00,35.02,48.63098322552878,94.2,75.0
2024-06-14 20:00:00,75.72,54.45436762837873,100.0,101.34
2024-06-14 21:00:00,76.44,54.418021030703216,99.94,100.98
2024-06-14 22:00:00,49.36,53.90159557154811,99.4,85.17
2024-06-14 23:00:00,38.1,49.615348657239046,95.09,97.86
2024-06-15 00:00:00,35.02,45.62418048461219,90.0,76.44
2024-06-15 01:00:00,35.02,41.50788551325948,85.86,75.72
2024-06-15 02:00:00,35.02,41.31134761648302,85.64,75.3
2024-06-15 03:00:00,35.02,41.45482044779722,85.76,75.72
2024-06-15 04:00:00,35.01,41.59832771619372,85.88,78.02
2024-06-15 05:00:00,35.01,55.09091429773145,99.35,79.1
2024-06-15 06:00:00,35.01,57.204203323606926,101.44,90.0
2024-06-15 07:00:00,17.8,56.08757107061254,100.3,79.34
2024-06-15 08:00:00,0.0,49.82112692339568,94.01,45.91
2024-06-15 09:00:00,-0.01,26.035759423211854,70.2,35.01
2024-06-15 10:00:00,-0.6,7.300027036013419,51.44,12.21
2024-06-15 11:00:00,-0.25,-2.01626673639853,42.1,3.25
2024-06-15 12:00:00,-0.5,-2.493058824563219,41.6,0.44
2024-06-15 13:00:00,-0.6,-8.939345230405724,35.13,0.0
2024-06-15 14:00:00,-0.72,-9.045980748033491,35.0,1.83
2024-06-15 15:00:00,-0.79,-13.532219135028546,30.49,3.66
2024-06-15 16:00:00,-0.62,-18.698277149090647,25.3,5.49
2024-06-15 17:00:00,0.0,-8.965188800999362,35.01,14.74
2024-06-15 18:00:00,9.59,3.7478480632491937,47.7,35.45
2024-06-15 19:00:00,35.01,41.0992134050297,85.03,82.1
2024-06-15 20:00:00,41.64,57.21185443358,101.12,111.81
2024-06-15 21:00:00,47.7,56.87528774665181,100.76,109.81
2024-06-15 22:00:00,41.76,46.13906586665215,90.0,95.26
2024-06-15 23:00:00,35.01,-8.70434854696762,35.13,78.86
2024-06-16 00:00:00,35.0,-19.40516013656413,22.41,35.02
2024-06-16 01:00:00,35.0,-29.031506333647908,12.76,35.02
2024-06-16 02:00:00,35.0,-33.30806471549148,8.46,35.02
2024-06-16 03:00:00,35.01,-32.80481676497966,8.94,35.02
2024-06-16 04:00:00,35.01,-18.73244705645501,22.99,35.01
2024-06-16 05:00:00,35.01,-31.698235583521186,10.0,35.01
2024-06-16 06:00:00,18.5,-36.674582407111295,5.0,35.01
2024-06-16 07:00:00,0.0,-38.40112239169559,3.25,17.8
2024-06-16 08:00:00,-0.62,-41.6275230979074,0.0,0.0
2024-06-16 09:00:00,-1.01,-41.6041099130913,-0.0,-0.01
2024-06-16 10:00:00,-2.0,-41.58066342772106,-0.0,-0.6
2024-06-16 11:00:00,-1.81,-41.55719086077468,-0.0,-0.25
2024-06-16 12:00:00,-1.62,-41.54369274575947,-0.01,-0.5
2024-06-16 13:00:00,-1.42,-41.52016596882894,-0.01,0.02
2024-06-16 14:00:00,-1.23,-41.49659866595166,-0.01,0.0
2024-06-16 15:00:00,-1.04,-41.462971146527366,-0.0,0.32
2024-06-16 16:00:00,-0.85,-41.43924775339205,0.0,0.64
2024-06-16 17:00:00,-0.01,-38.16560734308816,3.25,0.96
2024-06-16 18:00:00,3.25,-6.393821923966732,35.0,7.0
2024-06-16 19:00:00,16.8,0.4296789207657723,41.8,35.02
2024-06-16 20:00:00,35.02,17.412392355121558,58.76,75.72
2024-06-16 21:00:00,41.26,28.315370155453344,69.64,76.44
2024-06-16 22:00:00,41.62,15.599798129169027,56.9,49.36
2024-06-16 23:00:00,41.49,28.13232903568841,69.41,38.1
2024-06-17 00:00:00,35.01,34.17180297581035,35.5,35.0
2024-06-17 01:00:00,35.0,36.89491498744252,38.2,35.0
2024-06-17 02:00:00,33.5,33.728502839025325,35.01,35.0
2024-06-17 03:00:00,32.0,33.7419273604983,35.0,35.01
2024-06-17 04:00:00,35.0,33.775404034158655,35.01,35.01
2024-06-17 05:00:00,35.01,37.288683198090816,38.5,35.01
2024-06-17 06:00:00,46.5,53.86104044048541,55.05,18.5
2024-06-17 07:00:00,40.75,34.3358174345125,35.5,0.0
2024-06-17 08:00:00,35.01,37.15903373684661,38.3,-0.62
2024-06-17 09:00:00,22.28,34.01267992290519,35.13,-1.01
2024-06-17 10:00:00,3.25,34.00612734661249,35.1,-2.0
2024-06-17 11:00:00,1.5,33.939599544687546,35.01,-1.81
2024-06-17 12:00:00,0.44,33.953084790080865,35.0,-1.62
2024-06-17 13:00:00,0.0,33.97658974018518,35.0,-0.6
2024-06-17 14:00:00,0.15,33.8001356823767,34.8,-0.72
2024-06-17 15:00:00,0.29,33.923701443335744,34.9,-0.79
2024-06-17 16:00:00,0.44,34.04732903533869,35.0,-0.62
2024-06-17 17:00:00,3.25,36.85085982721604,37.78,0.0
2024-06-17 18:00:00,21.72,39.65450824401009,40.56,9.59
2024-06-17 19:00:00,46.38,70.47630290453623,71.36,35.01
2024-06-17 20:00:00,72.75,85.88909100162246,86.75,41.64
2024-06-17 21:00:00,91.27,70.64386483528118,71.48,47.7
2024-06-17 22:00:00,62.78,69.24766213416072,70.06,41.76
2024-06-17 23:00:00,51.76,97.50941170030316,98.3,35.01
2024-06-18 00:00:00,37.0,60.81225466450152,95.09,35.01
2024-06-18 01:00:00,51.01,50.57642228755741,84.83,35.0
2024-06-18 02:00:00,52.59,43.97030259968952,78.2,33.5
2024-06-18 03:00:00,53.99,47.60348923295341,81.81,32.0
2024-06-18 04:00:00,66.75,51.226666261286304,85.41,35.0
2024-06-18 05:00:00,96.13,37.321039515099415,71.48,35.01
2024-06-18 06:00:00,101.0,56.2031407916493,90.34,46.5
2024-06-18 07:00:00,96.13,64.01587887433709,98.13,40.75
2024-06-18 08:00:00,53.39,35.91090138922214,70.0,35.01
2024-06-18 09:00:00,39.0,10.735668313718252,44.8,22.28
2024-06-18 10:00:00,35.0,8.258966065243625,42.3,3.25
2024-06-18 11:00:00,28.37,7.182280335016101,41.2,1.5
2024-06-18 12:00:00,20.97,6.0056781385687,40.0,0.44
2024-06-18 13:00:00,11.21,1.0494023879353962,35.02,-1.42
2024-06-18 14:00:00,10.6,1.0628622453808665,35.01,-1.23
2024-06-18 15:00:00,9.99,1.1464066850755112,35.07,-1.04
2024-06-18 16:00:00,20.27,1.2300561335489426,35.13,-0.85
2024-06-18 17:00:00,35.0,9.123287080279336,43.0,-0.01
2024-06-18 18:00:00,45.28,32.19553787093361,66.05,3.25
2024-06-18 19:00:00,80.23,37.28899414766653,71.12,16.8
2024-06-18 20:00:00,124.12,51.60170726972202,85.41,35.02
2024-06-18 21:00:00,130.9,43.50582934014529,77.29,41.26
2024-06-18 22:00:00,110.41,36.36979636854216,70.13,41.62
2024-06-18 23:00:00,105.16,49.39231263824974,83.13,41.49
2024-06-19 00:00:00,99.96,42.65454229657541,61.4,37.0
2024-06-19 01:00:00,94.76,42.857877850385066,61.58,51.01
2024-06-19 02:00:00,90.56,41.40136466045475,60.1,52.59
2024-06-19 03:00:00,92.66,36.52512668309827,55.2,53.99
2024-06-19 04:00:00,94.76,38.94843999596832,57.6,66.75
2024-06-19 05:00:00,100.0,41.37180101704981,60.0,96.13
2024-06-19 06:00:00,114.32,71.7331771474296,90.34,101.0
2024-06-19 07:00:00,100.0,56.41749428973653,75.0,96.13
2024-06-19 08:00:00,84.69,23.942837979291905,42.5,53.39
2024-06-19 09:00:00,74.71,16.486487168933053,35.02,39.0
2024-06-19 10:00:00,46.41,16.499721155646327,35.01,35.0
2024-06-19 11:00:00,43.54,15.85307006081468,34.34,28.37
2024-06-19 12:00:00,37.0,15.206454561993564,33.67,20.97
2024-06-19 13:00:00,36.4,14.559851046943551,33.0,0.0
2024-06-19 14:00:00,35.02,-6.165314087379935,12.25,0.15
2024-06-19 15:00:00,35.01,-7.96161088105441,10.43,0.29
2024-06-19 16:00:00,35.02,7.3611365891826495,25.73,0.44
2024-06-19 17:00:00,38.47,21.654120052153893,40.0,3.25
2024-06-19 18:00:00,79.83,36.77713957421551,55.1,21.72
2024-06-19 19:00:00,87.41,56.69985413715453,75.0,46.38
2024-06-19 20:00:00,109.81,83.06203680398325,101.34,72.75
2024-06-19 21:00:00,109.0,82.72586708619183,100.98,91.27
2024-06-19 22:00:00,89.59,66.94061350028113,85.17,62.78
2024-06-19 23:00:00,109.26,79.6533460787774,97.86,51.76
2024-06-20 00:00:00,105.0,96.71358223958048,93.1,99.96
2024-06-20 01:00:00,103.0,93.977336839383,90.34,94.76
2024-06-20 02:00:00,102.1,98.92058288944,95.26,90.56
2024-06-20 03:00:00,96.9,105.44372327653733,101.76,92.66
2024-06-20 04:00:00,94.3,109.06702519121312,105.36,94.76
2024-06-20 05:00:00,99.0,123.72945554120837,120.0,100.0
2024-06-20 06:00:00,111.72,133.75195332135348,130.0,114.32
2024-06-20 07:00:00,103.0,93.7775967780902,90.0,100.0
2024-06-20 08:00:00,95.0,76.74149156236429,72.94,84.69
2024-06-20 09:00:00,71.87,38.846833398221534,35.02,74.71
2024-06-20 10:00:00,63.04,38.84968786792256,35.0,46.41
2024-06-20 11:00:00,59.94,37.77272178389635,33.9,43.54
2024-06-20 12:00:00,58.35,13.897395405320266,10.0,37.0
2024-06-20 13:00:00,61.42,3.92125788296953,0.0,11.21
2024-06-20 14:00:00,61.93,5.774513227114346,1.83,10.6
2024-06-20 15:00:00,61.42,7.627969212122175,3.66,9.99
2024-06-20 16:00:00,62.15,9.481626849109576,5.49,20.27
2024-06-20 17:00:00,77.46,18.754998468493568,14.74,35.0
2024-06-20 18:00:00,107.0,39.4877991652247,35.45,45.28
2024-06-20 19:00:00,115.28,86.15889893724169,82.1,80.23
2024-06-20 20:00:00,122.78,115.89099888460176,111.81,124.12
2024-06-20 21:00:00,120.0,113.91494673639752,109.81,130.9
2024-06-20 22:00:00,112.48,99.38946235376656,95.26,110.41
2024-06-20 23:00:00,102.72,83.01396365603179,78.86,105.16
2024-06-21 00:00:00,100.34,125.07200272967448,76.44,105.0
2024-06-21 01:00:00,102.3,124.3754433915998,75.72,103.0
2024-06-21 02:00:00,102.44,123.97888498233604,75.3,102.1
2024-06-21 03:00:00,102.58,124.42227885271096,75.72,96.9
2024-06-21 04:00:00,102.72,126.7455321831134,78.02,94.3
2024-06-21 05:00:00,100.0,127.84882462728898,79.1,99.0
2024-06-21 06:00:00,113.47,138.77132160340116,90.0,111.72
2024-06-21 07:00:00,114.32,128.13509654285744,79.34,103.0
2024-06-21 08:00:00,105.0,94.73026926709343,45.91,95.0
2024-06-21 09:00:00,80.0,83.85385167723277,35.01,71.87
2024-06-21 10:00:00,60.0,61.0783131055796,12.21,63.04
2024-06-21 11:00:00,61.34,52.14194776003498,3.25,59.94
2024-06-21 12:00:00,57.4,49.355316053676766,0.44,58.35
2024-06-21 13:00:00,55.1,48.95865458644275,0.02,36.4
2024-06-21 14:00:00,43.17,48.96207349040088,0.0,35.02
2024-06-21 15:00:00,40.0,49.30556349715295,0.32,35.01
2024-06-21 16:00:00,49.8,49.6491529056241,0.64,35.02
2024-06-21 17:00:00,56.75,49.99286824184776,0.96,38.47
2024-06-21 18:00:00,77.46,56.05635256114184,7.0,79.83
2024-06-21 19:00:00,100.01,84.09845534868407,35.02,87.41
2024-06-21 20:00:00,114.86,124.81962513799532,75.72,109.81
2024-06-21 21:00:00,115.0,125.56326424106877,76.44,109.0
2024-06-21 22:00:00,105.74,98.5085339978348,49.36,89.59
2024-06-21 23:00:00,84.0,87.27261060592572,38.1,109.26
2024-06-22 00:00:00,76.58,92.26224001124923,35.02,100.34
2024-06-22 01:00:00,75.64,92.28560279444412,35.02,102.3
2024-06-22 02:00:00,76.1,92.30898734854944,35.02,102.44
2024-06-22 03:00:00,75.74,92.33237229124528,35.02,102.58
2024-06-22 04:00:00,75.62,92.3457370498263,35.01,102.72
2024-06-22 05:00:00,75.64,92.3690542402273,35.01,100.0
2024-06-22 06:00:00,63.45,92.39228779514303,35.01,113.47
2024-06-22 07:00:00,36.95,75.20662221247117,17.8,114.32
2024-06-22 08:00:00,34.65,57.43099848227568,0.0,105.0
2024-06-22 09:00:00,12.54,57.44423836084709,-0.01,80.0
2024-06-22 10:00:00,3.59,56.87761136631518,-0.6,60.0
2024-06-22 11:00:00,0.44,57.250981968049366,-0.25,61.34
2024-06-22 12:00:00,0.03,57.02443774713184,-0.5,57.4
2024-06-22 13:00:00,0.0,56.94791872612337,-0.6,61.42
2024-06-22 14:00:00,0.11,56.85143749631219,-0.72,61.93
2024-06-22 15:00:00,0.22,56.8049979274013,-0.79,61.42
2024-06-22 16:00:00,0.33,56.99860493321536,-0.62,62.15
2024-06-22 17:00:00,0.44,57.64227343190812,0.0,77.46
2024-06-22 18:00:00,35.0,67.25543494998713,9.59,107.0
2024-06-22 19:00:00,50.0,92.69755440692734,35.01,115.28
2024-06-22 20:00:00,76.79,99.35090048429863,41.64,122.78
2024-06-22 21:00:00,99.1,105.43415173781496,47.7,120.0
2024-06-22 22:00:00,77.46,99.5181001782294,41.76,112.48
2024-06-22 23:00:00,77.0,92.79202719806516,35.01,102.72
2024-06-23 00:00:00,56.99,35.81175765499273,35.0,76.58
2024-06-23 01:00:00,46.19,35.835191833500666,35.0,75.64
2024-06-23 02:00:00,35.01,35.85860761281685,35.0,76.1
2024-06-23 03:00:00,35.0,35.8919900309074,35.01,75.74
2024-06-23 04:00:00,33.55,35.91531869155288,35.01,75.62
2024-06-23 05:00:00,32.1,35.93855870913055,35.01,75.64
2024-06-23 06:00:00,30.65,19.4528456069255,18.5,63.45
2024-06-23 07:00:00,9.76,0.9772631824088712,0.0,36.95
2024-06-23 08:00:00,0.0,0.3805329292163963,-0.62,34.65
2024-06-23 09:00:00,-0.01,0.0138772829020812,-1.01,12.54
2024-06-23 10:00:00,-0.11,-0.9526758010959304,-2.0,3.59
2024-06-23 11:00:00,-0.5,-0.7392650140509546,-1.81,0.44
2024-06-23 12:00:00,-1.0,-0.5258200613814218,-1.62,0.03
2024-06-23 13:00:00,-1.99,-0.3023486044089632,-1.42,55.1
2024-06-23 14:00:00,-2.0,-0.0888500477048369,-1.23,43.17
2024-06-23 15:00:00,-0.85,0.1246802063708028,-1.04,40.0
2024-06-23 16:00:00,-0.66,0.3382547252316645,-0.85,49.8
2024-06-23 17:00:00,-0.01,1.201849350582462,-0.01,56.75
2024-06-23 18:00:00,1.0,4.485365949832064,3.25,77.46
2024-06-23 19:00:00,35.01,18.058256898516174,16.8,100.01
2024-06-23 20:00:00,77.0,36.300837844106574,35.02,114.86
2024-06-23 21:00:00,95.62,42.564163985064106,41.26,115.0
2024-06-23 22:00:00,80.15,42.94778157734107,41.62,105.74
2024-06-23 23:00:00,51.8,42.84133523992579,41.49,84.0
2024-06-24 00:00:00,43.6,35.91129191987133,35.01,56.99
2024-06-24 01:00:00,40.0,35.924754099955464,35.0,46.19
2024-06-24 02:00:00,35.4,34.44831913192407,33.5,35.01
2024-06-24 03:00:00,35.02,32.97189455061756,32.0,35.0
2024-06-24 04:00:00,49.07,35.99517332012984,35.0,33.55
2024-06-24 05:00:00,55.03,36.02865963891007,35.01,32.1
2024-06-24 06:00:00,70.0,47.54131250367206,46.5,30.65
2024-06-24 07:00:00,40.0,41.815051229886855,40.75,9.76
2024-06-24 08:00:00,35.02,36.09867310319386,35.01,0.0
2024-06-24 09:00:00,35.0,23.392696540539863,22.28,-0.01
2024-06-24 10:00:00,5.0,4.387154398765547,3.25,-0.11
2024-06-24 11:00:00,3.6,2.660508230852468,1.5,-0.5
2024-06-24 12:00:00,5.1,1.6239195621092364,0.44,-1.0
2024-06-24 13:00:00,2.9,1.2073746704938588,0.0,0.0
2024-06-24 14:00:00,0.0,1.3808690148528635,0.15,0.11
2024-06-24 15:00:00,2.5,1.54445006290682,0.29,0.22
2024-06-24 16:00:00,5.0,1.7181403913756688,0.44,0.33
2024-06-24 17:00:00,34.8,4.551798044351986,3.25,0.44
2024-06-24 18:00:00,35.45,23.04453642064412,21.72,35.0
2024-06-24 19:00:00,83.27,47.72693005040779,46.38,50.0
2024-06-24 20:00:00,117.33,74.1191354570274,72.75,76.79
2024-06-24 21:00:00,113.7,92.66163792025128,91.27,99.1
2024-06-24 22:00:00,91.54,64.19709809421063,62.78,77.46
2024-06-24 23:00:00,79.51,53.20122756946769,51.76,77.0
2024-06-25 00:00:00,94.85,41.94260251424605,37.0,43.6
2024-06-25 01:00:00,91.15,55.97518208612833,51.01,40.0
2024-06-25 02:00:00,82.0,57.57870986926601,52.59,35.4
2024-06-25 03:00:00,89.85,59.00231954678372,53.99,35.02
2024-06-25 04:00:00,73.0,71.78521410813178,66.75,49.07
2024-06-25 05:00:00,82.0,101.18692323457024,96.13,55.03
2024-06-25 06:00:00,98.2,106.08010408452182,101.0,70.0
2024-06-25 07:00:00,74.77,101.23364026038172,96.13,40.0
2024-06-25 08:00:00,64.9,58.51955640782654,53.39,35.02
2024-06-25 09:00:00,35.69,44.15349581577701,39.0,35.0
2024-06-25 10:00:00,35.02,40.17681083027645,35.0,5.0
2024-06-25 11:00:00,35.01,33.57038934320652,28.37,3.6
2024-06-25 12:00:00,35.0,26.194098323554368,20.97,5.1
2024-06-25 13:00:00,35.0,16.45808068789573,11.21,-1.99
2024-06-25 14:00:00,35.01,15.871589878156993,10.6,-2.0
2024-06-25 15:00:00,35.01,15.285290483867364,9.99,-0.85
2024-06-25 16:00:00,35.02,25.588446484700885,20.27,-0.66
2024-06-25 17:00:00,48.99,40.34148242157401,35.0,-0.01
2024-06-25 18:00:00,77.0,50.64498741239567,45.28,1.0
2024-06-25 19:00:00,105.0,85.61690281871175,80.23,35.01
2024-06-25 20:00:00,117.41,129.52812070336464,124.12,77.0
2024-06-25 21:00:00,116.81,136.33158852028836,130.9,95.62
2024-06-25 22:00:00,105.45,115.86661715248889,110.41,80.15
2024-06-25 23:00:00,107.43,110.64042947096782,105.16,51.8
2024-06-26 00:00:00,99.96,114.27189493270248,99.96,94.85
2024-06-26 01:00:00,95.32,109.09563329115711,94.76,91.15
2024-06-26 02:00:00,95.46,104.91932661340712,90.56,82.0
2024-06-26 03:00:00,91.7,107.04262822997764,92.66,89.85
2024-06-26 04:00:00,97.12,109.165958815793,94.76,73.0
2024-06-26 05:00:00,109.59,114.42906528167909,100.0,82.0
2024-06-26 06:00:00,130.0,128.77145186692516,114.32,98.2
2024-06-26 07:00:00,115.45,114.47563503415785,100.0,74.77
2024-06-26 08:00:00,101.76,99.18973576101564,84.69,64.9
2024-06-26 09:00:00,90.98,89.23339025688418,74.71,35.69
2024-06-26 10:00:00,85.99,60.95831041515619,46.41,35.02
2024-06-26 11:00:00,79.41,58.111579073970816,43.54,35.01
2024-06-26 12:00:00,77.24,51.595236232437,37.0,35.0
2024-06-26 13:00:00,73.65,51.01860856103555,36.4,2.9
2024-06-26 14:00:00,60.0,49.66215424029197,35.02,0.0
2024-06-26 15:00:00,61.0,49.675729206814445,35.01,2.5
2024-06-26 16:00:00,82.01,49.70945289291115,35.02,5.0
2024-06-26 17:00:00,91.22,53.1831350101194,38.47,34.8
2024-06-26 18:00:00,104.55,94.56434921758898,79.83,35.45
2024-06-26 19:00:00,116.05,102.1678817598981,87.41,83.27
2024-06-26 20:00:00,137.18,124.59026733857064,109.81,117.33
2024-06-26 21:00:00,118.98,123.80407127534863,109.0,113.7
2024-06-26 22:00:00,110.0,104.41903315095244,89.59,91.54
2024-06-26 23:00:00,102.07,124.11127076477295,109.26,79.51
2024-06-27 00:00:00,99.0,145.52257882388494,105.0,99.96
2024-06-27 01:00:00,101.77,143.54619732691614,103.0,95.32
2024-06-27 02:00:00,104.37,142.66970161465733,102.1,95.46
2024-06-27 03:00:00,101.77,137.4934839138167,96.9,91.7
2024-06-27 04:00:00,99.17,134.91709927311595,94.3,97.12
2024-06-27 05:00:00,112.72,139.64023173467496,99.0,109.59
2024-06-27 06:00:00,120.74,152.3827659275462,111.72,130.0
2024-06-27 07:00:00,115.44,143.68665143464796,103.0,115.45
2024-06-27 08:00:00,102.07,135.71035538961223,95.0,101.76
2024-06-27 09:00:00,100.47,112.6050453649714,71.87,90.98
2024-06-27 10:00:00,77.0,103.79880078655786,63.04,85.99
2024-06-27 11:00:00,65.01,100.7222735426918,59.94,79.41
2024-06-27 12:00:00,64.75,99.15575631795014,58.35,77.24
2024-06-27 13:00:00,51.1,102.24901789286706,61.42,35.0
2024-06-27 14:00:00,45.66,102.78253930500335,61.93,35.01
2024-06-27 15:00:00,42.45,102.2962211632192,61.42,35.01
2024-06-27 16:00:00,45.06,103.04994549910448,62.15,35.02
2024-06-27 17:00:00,63.43,118.3828095708398,77.46,48.99
2024-06-27 18:00:00,75.39,147.94474886922262,107.0,77.0
2024-06-27 19:00:00,99.75,156.24806721769272,115.28,105.0
2024-06-27 20:00:00,116.05,163.77127940247112,122.78,117.41
2024-06-27 21:00:00,118.35,161.01503416111717,120.0,116.81
2024-06-27 22:00:00,114.72,153.51898627670238,112.48,105.45
2024-06-27 23:00:00,99.0,143.78303908506416,102.72,107.43
2024-06-28 00:00:00,100.0,106.86714187699378,100.34,99.0
2024-06-28 01:00:00,98.6,106.72556263027865,102.3,101.77
2024-06-28 02:00:00,94.04,107.05001872566643,102.44,104.37
2024-06-28 03:00:00,93.4,107.11494164533892,102.58,101.77
2024-06-28 04:00:00,95.81,107.81966767721973,102.72,99.17
2024-06-28 05:00:00,99.9,106.97603967639286,100.0,112.72
2024-06-28 06:00:00,100.16,116.84142317422062,113.47,120.74
2024-06-28 07:00:00,103.5,114.2029458340698,114.32,115.44
2024-06-28 08:00:00,98.6,97.24986512803405,105.0,102.07
2024-06-28 09:00:00,92.0,78.02361636415428,80.0,100.47
2024-06-28 10:00:00,76.1,55.729776926382925,60.0,77.0
2024-06-28 11:00:00,59.99,52.79148239176121,61.34,65.01
2024-06-28 12:00:00,47.01,48.743752514673474,57.4,64.75
2024-06-28 13:00:00,45.77,46.25281502969375,55.1,73.65
2024-06-28 14:00:00,40.0,40.37430709950621,43.17,60.0
2024-06-28 15:00:00,35.02,39.08135522800144,40.0,61.0
2024-06-28 16:00:00,41.83,43.69353702580776,49.8,82.01
2024-06-28 17:00:00,48.64,50.13374261899381,56.75,91.22
2024-06-28 18:00:00,88.5,66.92178846371564,77.46,104.55
2024-06-28 19:00:00,94.04,88.88357288223678,100.01,116.05
2024-06-28 20:00:00,105.42,110.5081318629893,114.86,137.18
2024-06-28 21:00:00,113.3,110.65127144465302,115.0,118.98
2024-06-28 22:00:00,105.18,96.97133458204252,105.74,110.0
2024-06-28 23:00:00,90.0,82.2115701450239,84.0,102.07
2024-06-29 00:00:00,71.6,65.14617482612756,76.58,100.0
2024-06-29 01:00:00,47.5,64.11868749602799,75.64,98.6
2024-06-29 02:00:00,47.4,64.49107831285608,76.1,94.04
2024-06-29 03:00:00,47.29,64.04351071163872,75.74,93.4
2024-06-29 04:00:00,47.01,63.83587673410032,75.62,95.81
2024-06-29 05:00:00,47.29,63.76815858433908,75.64,99.9
2024-06-29 06:00:00,50.2,51.49135183264967,63.45,100.16
2024-06-29 07:00:00,47.29,24.905663313392942,36.95,103.5
2024-06-29 08:00:00,46.62,22.51799461288662,34.65,98.6
2024-06-29 09:00:00,45.06,0.3219823099235562,12.54,92.0
2024-06-29 10:00:00,35.02,-8.715033226484572,3.59,76.1
2024-06-29 11:00:00,35.01,-11.95242026596569,0.44,59.99
2024-06-29 12:00:00,35.0,-12.44993078793857,0.03,47.01
2024-06-29 13:00:00,10.0,-12.56738122199204,0.0,51.1
2024-06-29 14:00:00,1.5,-12.5447572554759,0.11,45.66
2024-06-29 15:00:00,12.76,-12.522044355892586,0.22,42.45
2024-06-29 16:00:00,31.86,-12.499229896321156,0.33,45.06
2024-06-29 17:00:00,35.02,-12.476290084557805,0.44,63.43
2024-06-29 18:00:00,46.6,21.993937878067666,35.0,75.39
2024-06-29 19:00:00,73.37,36.90579522542024,50.0,99.75
2024-06-29 20:00:00,102.36,63.60662540767392,76.79,116.05
2024-06-29 21:00:00,106.08,85.8276651700437,99.1,118.35
2024-06-29 22:00:00,100.94,64.10209796002536,77.46,114.72
2024-06-29 23:00:00,102.9,63.55463069311401,77.0,99.0
2024-06-30 00:00:00,101.7,90.90949175816785,56.99,71.6
2024-06-30 01:00:00,101.44,80.02271080249896,46.19,47.5
2024-06-30 02:00:00,101.18,68.75595776452415,35.01,47.4
2024-06-30 03:00:00,100.92,68.65830910097958,35.0,47.29
2024-06-30 04:00:00,100.34,67.12078963511371,33.55,47.01
2024-06-30 05:00:00,99.75,65.5832619912874,32.1,47.29
2024-06-30 06:00:00,73.37,64.0457080595308,30.65,50.2
2024-06-30 07:00:00,47.5,43.06972906380817,9.76,47.29
2024-06-30 08:00:00,44.01,33.222872666022404,0.0,46.62
2024-06-30 09:00:00,35.01,33.12528684584927,-0.01,45.06
2024-06-30 10:00:00,22.99,32.93777218516404,-0.11,35.02
2024-06-30 11:00:00,10.0,32.46033240517304,-0.5,35.01
2024-06-30 12:00:00,4.49,31.87294695127749,-1.0,35.0
2024-06-30 13:00:00,0.02,30.79564766945641,-1.99,45.77
2024-06-30 14:00:00,0.0,30.69832015279685,-2.0,40.0
2024-06-30 15:00:00,0.94,31.760957234191,-0.85,35.02
2024-06-30 16:00:00,3.6,31.863742975852084,-0.66,41.83
2024-06-30 17:00:00,27.43,32.42657973711948,-0.01,48.64
2024-06-30 18:00:00,46.62,33.34950359248628,1.0,88.5
2024-06-30 19:00:00,59.1,67.26982910300738,35.01,94.04
2024-06-30 20:00:00,101.64,109.1694875636729,77.0,105.42
2024-06-30 21:00:00,103.22,127.70088711524306,95.62,113.3
2024-06-30 22:00:00,100.92,112.14484148485732,80.15,105.18
2024-06-30 23:00:00,73.37,83.70968699175667,51.8,90.0
2024-07-01 00:00:00,67.3,48.04196895766007,43.6,101.7
2024-07-01 01:00:00,60.0,44.354768424742,40.0,101.44
2024-07-01 02:00:00,66.54,39.66768166877908,35.4,101.18
2024-07-01 03:00:00,50.2,39.200294786268,35.02,100.92
2024-07-01 04:00:00,51.9,53.16175608483546,49.07,100.34
2024-07-01 05:00:00,59.26,59.03385818969503,55.03,99.75
2024-07-01 06:00:00,87.57,73.91513571736382,70.0,73.37
2024-07-01 07:00:00,71.18,43.82998888663602,40.0,47.5
2024-07-01 08:00:00,50.03,38.76274227149428,35.02,44.01
2024-07-01 09:00:00,44.52,38.655072907030814,35.0,35.01
2024-07-01 10:00:00,35.01,8.569866701092748,5.0,22.99
2024-07-01 11:00:00,35.0,7.082393838730111,3.6,10.0
2024-07-01 12:00:00,35.0,8.494786976889296,5.1,4.49
2024-07-01 13:00:00,21.17,6.207578168018319,2.9,10.0
2024-07-01 14:00:00,15.02,3.22053194746087,0.0,1.5
2024-07-01 15:00:00,10.15,5.633170111254585,2.5,12.76
2024-07-01 16:00:00,21.17,8.045954263477558,5.0,31.86
2024-07-01 17:00:00,35.02,37.75663331691429,34.8,35.02
2024-07-01 18:00:00,49.28,38.31978861351322,35.45,46.6
2024-07-01 19:00:00,71.18,86.04911417091931,83.27,73.37
2024-07-01 20:00:00,80.79,120.01946595549724,117.33,102.36
2024-07-01 21:00:00,99.26,116.30268733028493,113.7,106.08
2024-07-01 22:00:00,87.46,94.0572376742742,91.54,100.94
2024-07-01 23:00:00,65.53,81.94087873480497,79.51,102.9
2024-07-02 00:00:00,49.9,123.69879490141278,94.85,67.3
2024-07-02 01:00:00,39.69,119.91169008882534,91.15,60.0
2024-07-02 02:00:00,38.01,110.6749841010956,82.0,66.54
2024-07-02 03:00:00,37.75,118.43685457247,89.85,50.2
2024-07-02 04:00:00,41.07,101.50072258102722,73.0,51.9
2024-07-02 05:00:00,55.0,110.41246279829384,82.0,59.26
2024-07-02 06:00:00,81.82,126.52356167621392,98.2,87.57
2024-07-02 07:00:00,61.66,103.0078065260329,74.77,71.18
2024-07-02 08:00:00,45.0,93.05087504259932,64.9,50.03
2024-07-02 09:00:00,35.0,63.75553692080879,35.69,44.52
2024-07-02 10:00:00,30.9,62.99794290748551,35.02,35.01
2024-07-02 11:00:00,26.79,62.90039626503524,35.01,35.0
2024-07-02 12:00:00,24.99,62.8029358322375,35.0,35.0
2024-07-02 13:00:00,17.95,62.71555401558997,35.0,0.02
2024-07-02 14:00:00,4.0,62.63825272646888,35.01,0.0
2024-07-02 15:00:00,7.48,62.55104442573896,35.01,0.94
2024-07-02 16:00:00,10.96,62.47394843178317,35.02,3.6
2024-07-02 17:00:00,35.0,76.35583401030746,48.99,27.43
2024-07-02 18:00:00,37.75,104.27665429197042,77.0,46.62
2024-07-02 19:00:00,74.64,132.18746303618764,105.0,59.1
2024-07-02 20:00:00,110.41,144.5094403814946,117.41,101.64
2024-07-02 21:00:00,109.45,143.82233663577694,116.81,103.22
2024-07-02 22:00:00,89.99,132.37599487271964,105.45,100.92
2024-07-02 23:00:00,94.22,134.26848899939466,107.43,73.37
2024-07-03 00:00:00,83.79,88.90180454792619,99.96,49.9
2024-07-03 01:00:00,80.0,84.17480134676666,95.32,39.69
2024-07-03 02:00:00,72.0,84.22741450643524,95.46,38.01
2024-07-03 03:00:00,70.8,80.38037009766165,91.7,37.75
2024-07-03 04:00:00,65.65,85.71260528441508,97.12,41.07
2024-07-03 05:00:00,85.0,98.09427252820548,109.59,55.0
2024-07-03 06:00:00,99.77,118.41522923682986,130.0,81.82
2024-07-03 07:00:00,95.75,103.7789307252724,115.45,61.66
2024-07-03 08:00:00,76.0,90.00246887140328,101.76,45.0
2024-07-03 09:00:00,54.08,79.13573799175221,90.98,35.0
2024-07-03 10:00:00,40.25,74.05854157148595,85.99,30.9
2024-07-03 11:00:00,35.0,67.3915040192118,79.41,26.79
2024-07-03 12:00:00,21.34,65.13414630382296,77.24,24.99
2024-07-03 13:00:00,14.0,61.456953516249285,73.65,21.17
2024-07-03 14:00:00,8.68,47.720659460471445,60.0,15.02
2024-07-03 15:00:00,3.6,48.63328608473366,61.0,10.15
2024-07-03 16:00:00,12.17,69.554391699857,82.01,21.17
2024-07-03 17:00:00,34.27,78.67652420666496,91.22,35.02
2024-07-03 18:00:00,35.02,91.9183289741167,104.55,49.28
2024-07-03 19:00:00,89.9,103.3302516776703,116.05,71.18
2024-07-03 20:00:00,107.51,124.3712930984169,137.18,80.79
2024-07-03 21:00:00,106.49,106.08542553860856,118.98,99.26
2024-07-03 22:00:00,95.66,97.01871592196476,110.0,87.46
2024-07-03 23:00:00,94.94,89.00189712111808,102.07,65.53
2024-07-04 00:00:00,80.0,42.05727548933628,99.0,83.79
2024-07-04 01:00:00,72.5,44.73965439436878,101.77,80.0
2024-07-04 02:00:00,83.54,47.252049797822885,104.37,72.0
2024-07-04 03:00:00,80.0,44.56486601499998,101.77,70.8
2024-07-04 04:00:00,86.27,41.87768564721412,99.17,65.65
2024-07-04 05:00:00,96.04,55.33917791845997,112.72,85.0
2024-07-04 06:00:00,99.88,63.27106738732144,120.74,99.77
2024-07-04 07:00:00,83.82,57.88394797549394,115.44,95.75
2024-07-04 08:00:00,40.0,44.42739775996444,102.07,76.0
2024-07-04 09:00:00,4.83,42.73981768821392,100.47,54.08
2024-07-04 10:00:00,0.0,19.183990655599057,77.0,40.25
2024-07-04 11:00:00,-0.2,7.107241947398282,65.01,35.0
2024-07-04 12:00:00,-0.41,6.759589227184251,64.75,21.34
2024-07-04 13:00:00,-0.62,-6.976899884440787,51.1,17.95
2024-07-04 14:00:00,-0.82,-12.503965360785283,45.66,4.0
2024-07-04 15:00:00,-0.41,-15.801086462483234,42.45,7.48
2024-07-04 16:00:00,0.0,-13.278541024860893,45.06,10.96
2024-07-04 17:00:00,6.77,5.002842576435661,63.43,35.0
2024-07-04 18:00:00,42.38,16.874831103745855,75.39,37.75
2024-07-04 19:00:00,86.9,41.14582049943989,99.75,74.64
2024-07-04 20:00:00,99.64,57.35740797259078,116.05,110.41
2024-07-04 21:00:00,98.5,59.57002264676757,118.35,109.45
2024-07-04 22:00:00,90.0,55.85299895239044,114.72,89.99
2024-07-04 23:00:00,81.66,40.04688222273832,99.0,94.22
2024-07-05 00:00:00,81.54,33.79528916212653,100.0,80.0
2024-07-05 01:00:00,81.42,32.307989086681886,98.6,72.5
2024-07-05 02:00:00,87.75,27.660933703354782,94.04,83.54
2024-07-05 03:00:00,88.2,26.9335574550772,93.4,80.0
2024-07-05 04:00:00,90.01,29.255933704234938,95.81,86.27
2024-07-05 05:00:00,95.33,33.25815871870103,99.9,96.04
2024-07-05 06:00:00,104.25,33.43066223576254,100.16,99.88
2024-07-05 07:00:00,91.43,36.68285765218622,103.5,83.82
2024-07-05 08:00:00,59.5,31.69565421911978,98.6,40.0
2024-07-05 09:00:00,35.01,25.00851422936517,92.0,4.83
2024-07-05 10:00:00,29.0,9.022082224250775,76.1,0.0
2024-07-05 11:00:00,7.44,-7.174337750683096,59.99,-0.2
2024-07-05 12:00:00,3.32,-20.24096108063032,47.01,-0.41
2024-07-05 13:00:00,2.28,-21.568456665096782,45.77,14.0
2024-07-05 14:00:00,1.23,-27.4254808170842,40.0,8.68
2024-07-05 15:00:00,3.32,-32.492452121465604,35.02,3.6
2024-07-05 16:00:00,17.42,-25.77025516275018,41.83,12.17
2024-07-05 17:00:00,38.0,-19.047931752723105,48.64,34.27
2024-07-05 18:00:00,63.31,20.72174840216228,88.5,35.02
2024-07-05 19:00:00,82.7,26.17419575477374,94.04,89.9
2024-07-05 20:00:00,95.0,37.466057417048,105.42,107.51
2024-07-05 21:00:00,106.33,45.25806284206495,113.3,106.49
2024-07-05 22:00:00,90.4,37.05121135305531,105.18,95.66
2024-07-05 23:00:00,101.0,21.78479480090643,90.0,94.94
2024-07-06 00:00:00,96.96,26.8651028795886,71.6,81.54
2024-07-06 01:00:00,79.74,2.679362552605279,47.5,81.42
2024-07-06 02:00:00,71.91,2.4917129696447424,47.4,87.75
2024-07-06 03:00:00,77.25,2.2941299096422427,47.29,88.2
2024-07-06 04:00:00,70.66,1.9266062088625096,47.01,90.01
2024-07-06 05:00:00,68.08,2.1190664931400462,47.29,95.33
2024-07-06 06:00:00,65.5,4.941323348409853,50.2,104.25
2024-07-06 07:00:00,30.87,1.944052102215593,47.29,91.43
2024-07-06 08:00:00,0.0,1.1865862267317304,46.62,59.5
2024-07-06 09:00:00,-0.0,-0.4608222598620235,45.06,35.01
2024-07-06 10:00:00,-0.01,-10.587545301969216,35.02,29.0
2024-07-06 11:00:00,-0.51,-10.68508080489498,35.01,7.44
2024-07-06 12:00:00,-0.76,-10.782606799916334,35.0,3.32
2024-07-06 13:00:00,-0.95,-35.86805189491555,10.0,-0.62
2024-07-06 14:00:00,-1.0,-44.45473228934036,1.5,-0.82
2024-07-06 15:00:00,-1.01,-33.28286438490278,12.76,-0.41
2024-07-06 16:00:00,-1.0,-14.27150307727339,31.86,0.0
2024-07-06 17:00:00,-0.82,-11.198747695705237,35.02,6.77
2024-07-06 18:00:00,0.0,0.2933946618232067,46.6,42.38
2024-07-06 19:00:00,9.23,26.974340514667933,73.37,86.9
2024-07-06 20:00:00,41.1,55.8750638920639,102.36,99.64
2024-07-06 21:00:00,59.7,59.5077321338484,106.08,98.5
2024-07-06 22:00:00,46.89,54.28099351232408,100.94,90.0
2024-07-06 23:00:00,56.55,56.15357468264575,102.9,81.66
2024-07-07 00:00:00,48.95,64.89183754762045,101.7,96.96
2024-07-07 01:00:00,44.16,64.54446502901571,101.44,79.74
2024-07-07 02:00:00,44.9,64.19701829515299,101.18,71.91
2024-07-07 03:00:00,44.16,63.84949140532573,100.92,77.25
2024-07-07 04:00:00,56.55,63.181896309896565,100.34,70.66
2024-07-07 05:00:00,56.61,62.50418400832944,99.75,68.08
2024-07-07 06:00:00,56.68,36.038469738582926,73.37,65.5
2024-07-07 07:00:00,24.87,10.082671483013955,47.5,30.87
2024-07-07 08:00:00,-0.01,6.505069067397596,44.01,0.0
2024-07-07 09:00:00,-0.51,-2.582042093849582,35.01,-0.0
2024-07-07 10:00:00,-0.78,-14.688862880906488,22.99,-0.01
2024-07-07 11:00:00,-0.66,-27.765533842862755,10.0,-0.51
2024-07-07 12:00:00,-0.02,-33.362715791661124,4.49,-0.76
2024-07-07 13:00:00,-0.78,-37.91986259929949,0.02,2.28
2024-07-07 14:00:00,-1.0,-38.02724337324353,0.0,1.23
2024-07-07 15:00:00,-1.01,-37.17456490991371,0.94,3.32
2024-07-07 16:00:00,0.0,-34.60187950491239,3.6,17.42
2024-07-07 17:00:00,3.32,-10.860793596574522,27.43,38.0
2024-07-07 18:00:00,35.94,8.240745621741159,46.62,63.31
2024-07-07 19:00:00,59.57,20.63284697718049,59.1,82.7
2024-07-07 20:00:00,100.73,63.08242152555761,101.64,95.0
2024-07-07 21:00:00,104.58,64.57518006738826,103.22,106.33
2024-07-07 22:00:00,100.25,62.18805004983104,100.92,90.4
2024-07-07 23:00:00,98.7,34.55283801654816,73.37,101.0
2024-07-08 00:00:00,86.66,61.74012897168858,67.3,48.95
2024-07-08 01:00:00,85.94,54.35321105090989,60.0,44.16
2024-07-08 02:00:00,85.7,60.80516720708879,66.54,44.9
2024-07-08 03:00:00,83.43,44.37900876434742,50.2,44.16
2024-07-08 04:00:00,85.94,45.99141249108797,51.9,56.55
2024-07-08 05:00:00,89.72,53.26339448203456,59.26,56.61
2024-07-08 06:00:00,103.21,81.48363104088516,87.57,56.68
2024-07-08 07:00:00,100.61,65.00741848238877,71.18,24.87
2024-07-08 08:00:00,78.22,43.77150926677517,50.03,-0.01
2024-07-08 09:00:00,54.6,38.17430667554395,44.52,-0.51
2024-07-08 10:00:00,40.88,28.5774560774176,35.01,-0.78
2024-07-08 11:00:00,35.0,28.4798650752059,35.0,-0.66
2024-07-08 12:00:00,32.65,28.392304474375003,35.0,-0.02
2024-07-08 13:00:00,31.98,14.47591144781382,21.17,-0.95
2024-07-08 14:00:00,35.0,8.238963600646292,15.02,-1.0
2024-07-08 15:00:00,38.5,3.2820276987333763,10.15,-1.01
2024-07-08 16:00:00,41.99,14.213922105955652,21.17,-1.0
2024-07-08 17:00:00,44.88,27.97568931039735,35.02,-0.82
2024-07-08 18:00:00,81.0,42.14747771810685,49.28,0.0
2024-07-08 19:00:00,103.21,63.95863392357356,71.18,9.23
2024-07-08 20:00:00,115.15,73.48072247900089,80.79,41.1
2024-07-08 21:00:00,109.0,91.8619485903048,99.26,59.7
2024-07-08 22:00:00,98.01,79.97547725443907,87.46,46.89
2024-07-08 23:00:00,95.92,57.95969737596981,65.53,56.55
2024-07-09 00:00:00,72.25,46.50463873339808,49.9,86.66
2024-07-09 01:00:00,77.0,36.20790131602586,39.69,85.94
2024-07-09 02:00:00,73.22,34.44052616378825,38.01,85.7
2024-07-09 03:00:00,66.71,34.09310461204351,37.75,83.43
2024-07-09 04:00:00,65.5,37.32545324143001,41.07,85.94
2024-07-09 05:00:00,80.0,51.16696682606108,55.0,89.72
2024-07-09 06:00:00,101.51,77.89737390538147,81.82,103.21
2024-07-09 07:00:00,88.33,57.65150311342815,61.66,100.61
2024-07-09 08:00:00,70.8,40.905254571878,45.0,78.22
2024-07-09 09:00:00,46.63,30.81844524992006,35.0,54.6
2024-07-09 10:00:00,42.49,26.63117590474159,30.9,40.88
2024-07-09 11:00:00,33.76,22.43394270825892,26.79,35.0
2024-07-09 12:00:00,22.98,20.546559004119743,24.99,32.65
2024-07-09 13:00:00,8.3,13.41965157420518,17.95,-0.78
2024-07-09 14:00:00,15.59,-0.6166055287073432,4.0,-1.0
2024-07-09 15:00:00,29.39,2.7758437564074545,7.48,-1.01
2024-07-09 16:00:00,48.8,6.168446841276699,10.96,0.0
2024-07-09 17:00:00,60.7,30.11949786657422,35.0,3.32
2024-07-09 18:00:00,84.77,32.78238488342896,37.75,35.94
2024-07-09 19:00:00,106.18,69.58252141637837,74.64,59.57
2024-07-09 20:00:00,120.09,105.26268041327016,110.41,100.73
2024-07-09 21:00:00,141.94,104.21566341680644,109.45,104.58
2024-07-09 22:00:00,116.38,84.66998855240819,89.99,100.25
2024-07-09 23:00:00,107.94,88.8122711892288,94.22,98.7
2024-07-10 00:00:00,106.81,80.73276667354968,83.79,72.25
2024-07-10 01:00:00,104.22,76.85562152779585,80.0,77.0
2024-07-10 02:00:00,102.61,68.7688095115831,72.0,73.22
2024-07-10 03:00:00,101.92,67.48145440885718,70.8,66.71
2024-07-10 04:00:00,104.22,62.24445482953509,65.65,65.5
2024-07-10 05:00:00,101.5,81.50546644999433,85.0,80.0
2024-07-10 06:00:00,108.43,96.18679445802222,99.77,101.51
2024-07-10 07:00:00,101.92,92.07952535543454,95.75,88.33
2024-07-10 08:00:00,94.99,72.24340703475826,76.0,70.8
2024-07-10 09:00:00,65.0,50.23739442332621,54.08,46.63
2024-07-10 10:00:00,57.75,36.32072347704927,40.25,42.49
2024-07-10 11:00:00,57.21,30.983395318568927,35.0,33.76
2024-07-10 12:00:00,51.1,17.23682109086987,21.34,22.98
2024-07-10 13:00:00,50.77,9.809824721593843,14.0,31.98
2024-07-10 14:00:00,45.06,4.402789127863608,8.68,35.0
2024-07-10 15:00:00,48.78,-0.7641118160564841,3.6,38.5
2024-07-10 16:00:00,52.5,7.718043656424414,12.17,41.99
2024-07-10 17:00:00,75.0,29.7292401798846,34.27,44.88
2024-07-10 18:00:00,99.58,30.392294832909013,35.02,81.0
2024-07-10 19:00:00,105.0,85.18096093983833,89.9,103.21
2024-07-10 20:00:00,120.18,102.7025840453723,107.51,115.15
2024-07-10 21:00:00,131.98,101.59554964933582,106.49,109.0
2024-07-10 22:00:00,111.87,90.6791590423878,95.66,98.01
2024-07-10 23:00:00,105.0,89.87183103154766,94.94,95.92
2024-07-11 00:00:00,101.78,108.71217343195502,80.0,106.81
2024-07-11 01:00:00,101.74,101.12534142463868,72.5,104.22
2024-07-11 02:00:00,100.0,112.07699638742682,83.54,102.61
2024-07-11 03:00:00,99.5,108.4498285011192,80.0,101.92
2024-07-11 04:00:00,99.92,114.63181816624082,86.27,104.22
2024-07-11 05:00:00,100.0,124.31344200235252,96.04,101.5
2024-07-11 06:00:00,107.34,128.06540639714248,99.88,108.43
2024-07-11 07:00:00,100.96,111.91881771589664,83.82,101.92
2024-07-11 08:00:00,90.69,68.01437677842989,40.0,94.99
2024-07-11 09:00:00,81.0,32.75924991466048,4.83,65.0
2024-07-11 10:00:00,68.49,27.841780194926624,0.0,57.75
2024-07-11 11:00:00,60.0,27.55409201908778,-0.2,57.21
2024-07-11 12:00:00,54.19,27.256540265288827,-0.41,51.1
2024-07-11 13:00:00,52.0,26.95910675013252,-0.62,8.3
2024-07-11 14:00:00,50.98,26.671786289119098,-0.82,15.59
2024-07-11 15:00:00,55.99,26.99453692002361,-0.41,29.39
2024-07-11 16:00:00,57.61,27.317427146382,0.0,48.8
2024-07-11 17:00:00,61.49,33.999959187835046,6.77,60.7
2024-07-11 18:00:00,84.19,69.52026820692166,42.38,84.77
2024-07-11 19:00:00,101.78,113.94986333875572,86.9,106.18
2024-07-11 20:00:00,109.55,126.60193212457644,99.64,120.09
2024-07-11 21:00:00,111.39,125.3749574136751,98.5,141.94
2024-07-11 22:00:00,97.15,116.78843865799575,90.0,116.38
2024-07-11 23:00:00,85.0,108.36182173868168,81.66,107.94
2024-07-12 00:00:00,71.32,135.09009282441178,81.54,101.78
2024-07-12 01:00:00,74.44,134.88276598158805,81.42,101.74
2024-07-12 02:00:00,62.7,141.12489008083497,87.75,100.0
2024-07-12 03:00:00,56.5,141.48745904156306,88.2,99.5
2024-07-12 04:00:00,60.3,143.20986644026527,90.01,99.92
2024-07-12 05:00:00,70.0,148.44191658242457,95.33,100.0
2024-07-12 06:00:00,75.6,157.27355605701078,104.25,107.34
2024-07-12 07:00:00,73.72,144.366818285784,91.43,100.96
2024-07-12 08:00:00,49.0,112.35152124548848,59.5,90.69
2024-07-12 09:00:00,41.75,87.77559265593975,35.01,81.0
2024-07-12 10:00:00,41.36,81.67820555007114,29.0,68.49
2024-07-12 11:00:00,41.49,60.03218444871492,7.44,60.0
2024-07-12 12:00:00,41.3,55.82486859786243,3.32,54.19
2024-07-12 13:00:00,41.1,54.69745413502586,2.28,50.77
2024-07-12 14:00:00,36.03,53.560194374650095,1.23,45.06
2024-07-12 15:00:00,24.45,55.56283889744964,3.32,48.78
2024-07-12 16:00:00,38.36,69.57465807937004,17.42,52.5
2024-07-12 17:00:00,41.49,90.06606625104011,38.0,75.0
2024-07-12 18:00:00,52.2,115.28713495369632,63.31,99.58
2024-07-12 19:00:00,75.58,134.58865410672612,82.7,105.0
2024-07-12 20:00:00,89.93,146.8006557786455,95.0,120.18
2024-07-12 21:00:00,87.0,158.04259724412572,106.33,131.98
2024-07-12 22:00:00,79.97,142.02663103118303,90.4,111.87
2024-07-12 23:00:00,90.22,152.53838219721246,101.0,105.0
2024-07-13 00:00:00,86.11,133.88795456293423,96.96,71.32
2024-07-13 01:00:00,75.9,116.58178515923817,79.74,74.44
2024-07-13 02:00:00,75.59,108.66479875704182,71.91,62.7
2024-07-13 03:00:00,79.0,113.91670376339847,77.25,56.5
2024-07-13 04:00:00,83.61,107.23953291483603,70.66,60.3
2024-07-13 05:00:00,86.22,104.5719630279509,68.08,70.0
2024-07-13 06:00:00,86.46,101.90430286508348,65.5,75.6
2024-07-13 07:00:00,50.01,67.18919113832321,30.87,73.72
2024-07-13 08:00:00,43.99,36.23379578582805,0.0,49.0
2024-07-13 09:00:00,10.0,36.14598990485681,-0.0,41.75
2024-07-13 10:00:00,3.32,36.04830565214457,-0.01,41.36
2024-07-13 11:00:00,0.44,35.460751717306124,-0.51,41.49
2024-07-13 12:00:00,0.22,35.12324796243008,-0.76,41.3
2024-07-13 13:00:00,0.0,34.84579806050668,-0.95,52.0
2024-07-13 14:00:00,0.3,34.708389239193444,-1.0,50.98
2024-07-13 15:00:00,0.6,34.61102864823901,-1.01,55.99
2024-07-13 16:00:00,0.9,34.533722173966794,-1.0,57.61
2024-07-13 17:00:00,30.51,34.62646752108188,-0.82,61.49
2024-07-13 18:00:00,49.38,35.359241855870486,0.0,84.19
2024-07-13 19:00:00,75.45,44.50141812384425,9.23,101.78
2024-07-13 20:00:00,97.81,76.281787586668,41.1,109.55
2024-07-13 21:00:00,107.48,94.793189229343,59.7,111.39
2024-07-13 22:00:00,100.16,81.89705613606931,46.89,97.15
2024-07-13 23:00:00,107.51,91.46899609163545,56.55,85.0
2024-07-14 00:00:00,99.22,48.8807645098759,48.95,86.11
2024-07-14 01:00:00,97.94,44.00377785521251,44.16,75.9
2024-07-14 02:00:00,96.71,44.65631426859409,44.9,75.59
2024-07-14 03:00:00,96.06,43.828953676451206,44.16,79.0
2024-07-14 04:00:00,95.41,56.13047911618117,56.55,83.61
2024-07-14 05:00:00,96.8,56.10293103365574,56.61,86.22
2024-07-14 06:00:00,86.32,56.0852634813905,56.68,86.46
2024-07-14 07:00:00,46.0,24.19010829849586,24.87,50.01
2024-07-14 08:00:00,0.44,-0.7756139387920716,-0.01,43.99
2024-07-14 09:00:00,-0.01,-1.3632434846225403,-0.51,10.0
2024-07-14 10:00:00,-0.62,-1.7207917752795272,-0.78,3.32
2024-07-14 11:00:00,-0.8,-1.6882892956702604,-0.66,0.44
2024-07-14 12:00:00,-0.62,-1.135757372679931,-0.02,0.22
2024-07-14 13:00:00,-0.78,-1.9830415977045108,-0.78,41.1
2024-07-14 14:00:00,-0.95,-2.290293309974077,-1.0,36.03
2024-07-14 15:00:00,-0.48,-2.387469362260432,-1.01,24.45
2024-07-14 16:00:00,0.0,-1.4646128420808762,0.0,38.36
2024-07-14 17:00:00,9.79,1.768199495436714,3.32,41.49
2024-07-14 18:00:00,44.81,34.29874778659482,35.94,52.2
2024-07-14 19:00:00,74.57,57.84009134549985,59.57,75.58
2024-07-14 20:00:00,99.31,98.90994393408216,100.73,89.93
2024-07-14 21:00:00,109.91,102.67269293879964,104.58,87.0
2024-07-14 22:00:00,97.89,98.25593441333588,100.25,79.97
2024-07-14 23:00:00,89.61,96.6188122919034,98.7,90.22
2024-07-15 00:00:00,75.0,85.0095981984679,86.66,99.22
2024-07-15 01:00:00,60.31,84.20228550563219,85.94,97.94
2024-07-15 02:00:00,60.05,83.8749139090254,85.7,96.71
2024-07-15 03:00:00,59.79,81.51769523713712,83.43,96.06
2024-07-15 04:00:00,59.92,83.94007481256088,85.94,95.41
2024-07-15 05:00:00,66.56,87.6323281220506,89.72,96.8
2024-07-15 06:00:00,89.87,101.0337230647041,103.21,86.32
2024-07-15 07:00:00,82.15,98.34631713850436,100.61,46.0
2024-07-15 08:00:00,62.01,75.8704112074467,78.22,0.44
2024-07-15 09:00:00,39.49,52.16455904631327,54.6,-0.01
2024-07-15 10:00:00,15.84,38.35793697376966,40.88,-0.62
2024-07-15 11:00:00,6.06,32.39076457989262,35.0,-0.8
2024-07-15 12:00:00,3.74,29.953410281461323,32.65,-0.62
2024-07-15 13:00:00,3.9,29.19602692783015,31.98,0.0
2024-07-15 14:00:00,7.48,32.128446688063946,35.0,0.3
2024-07-15 15:00:00,5.99,35.54092583558038,38.5,0.6
2024-07-15 16:00:00,14.0,38.94350151550383,41.99,0.9
2024-07-15 17:00:00,40.0,41.74622980278122,44.88,30.51
2024-07-15 18:00:00,60.0,77.77630962783356,81.0,49.38
2024-07-15 19:00:00,80.0,99.89749694473636,103.21,75.45
2024-07-15 20:00:00,108.78,111.74939371580886,115.15,97.81
2024-07-15 21:00:00,109.37,105.51260795410238,109.0,107.48
2024-07-15 22:00:00,94.7,94.43608449680184,98.01,100.16
2024-07-15 23:00:00,105.48,92.25874281243934,95.92,107.51
2024-07-16 00:00:00,97.15,42.29389377473944,72.25,75.0
2024-07-16 01:00:00,97.08,46.955985101841726,77.0,60.31
2024-07-16 02:00:00,97.0,43.088792345772376,73.22,60.05
2024-07-16 03:00:00,97.15,36.49184380608222,66.71,59.79
2024-07-16 04:00:00,100.1,35.1945010313133,65.5,59.92
2024-07-16 05:00:00,98.7,49.60589820506895,80.0,66.56
2024-07-16 06:00:00,108.0,71.02666889323119,101.51,89.87
2024-07-16 07:00:00,98.45,57.76015084929135,88.33,82.15
2024-07-16 08:00:00,86.75,40.14387287912712,70.8,62.01
2024-07-16 09:00:00,73.28,15.888101113111295,46.63,39.49
2024-07-16 10:00:00,61.59,11.660722417347026,42.49,15.84
2024-07-16 11:00:00,61.38,2.843782139059804,33.76,6.06
2024-07-16 12:00:00,60.84,-8.022905244960434,22.98,3.74
2024-07-16 13:00:00,60.31,-22.78913675995014,8.3,-0.78
2024-07-16 14:00:00,59.92,-15.586983215308026,15.59,-0.95
2024-07-16 15:00:00,59.79,-1.875183621840213,29.39,-0.48
2024-07-16 16:00:00,60.18,17.446287009158475,48.8,0.0
2024-07-16 17:00:00,67.77,29.25845266726192,60.7,9.79
2024-07-16 18:00:00,94.5,53.23965600360391,84.77,44.81
2024-07-16 19:00:00,109.11,74.5610471387907,106.18,74.57
2024-07-16 20:00:00,125.02,88.38295587821085,120.09,99.31
2024-07-16 21:00:00,115.0,110.14405597648808,141.94,109.91
2024-07-16 22:00:00,98.7,84.49886139874037,116.38,97.89
2024-07-16 23:00:00,101.78,75.97215931027006,107.94,89.61
2024-07-17 00:00:00,96.02,143.62049695821986,106.81,97.15
2024-07-17 01:00:00,92.23,140.94327455205465,104.22,97.08
2024-07-17 02:00:00,94.95,139.24595496577516,102.61,97.0
2024-07-17 03:00:00,96.25,138.46854752954022,101.92,97.15
2024-07-17 04:00:00,101.62,140.68087670299826,104.22,100.1
2024-07-17 05:00:00,107.0,137.87358736887134,101.5,98.7
2024-07-17 06:00:00,113.22,144.71545994400086,108.43,108.0
2024-07-17 07:00:00,105.7,138.1183602441667,101.92,98.45
2024-07-17 08:00:00,97.55,131.1012167953976,94.99,86.75
2024-07-17 09:00:00,93.65,101.02592790473544,65.0,73.28
2024-07-17 10:00:00,75.0,93.6888211566244,57.75,61.59
2024-07-17 11:00:00,71.38,93.06124642293516,57.21,61.38
2024-07-17 12:00:00,70.18,86.86420765863909,51.1,60.84
2024-07-17 13:00:00,70.0,86.446780547121,50.77,3.9
2024-07-17 14:00:00,69.79,80.64989238892566,45.06,7.48
2024-07-17 15:00:00,69.66,84.28234779611097,48.78,5.99
2024-07-17 16:00:00,70.18,87.91492793188738,52.5,14.0
2024-07-17 17:00:00,87.69,110.32607361124286,75.0,40.0
2024-07-17 18:00:00,104.63,134.81708034377672,99.58,60.0
2024-07-17 19:00:00,115.75,140.14961293906185,105.0,80.0
2024-07-17 20:00:00,125.26,155.2412655028131,120.18,108.78
2024-07-17 21:00:00,127.0,166.95307205672202,131.98,109.37
2024-07-17 22:00:00,115.01,146.75735851297284,111.87,94.7
2024-07-17 23:00:00,108.13,139.80048719473433,105.0,105.48
2024-07-18 00:00:00,100.5,119.81326213592436,101.78,96.02
2024-07-18 01:00:00,96.37,119.68583022785486,101.74,92.23
2024-07-18 02:00:00,96.08,117.85852794949328,100.0,94.95
2024-07-18 03:00:00,96.18,117.27111583298596,99.5,96.25
2024-07-18 04:00:00,97.48,117.60361778633374,99.92,101.62
2024-07-18 05:00:00,107.31,117.59612924262667,100.0,107.0
2024-07-18 06:00:00,111.94,124.84800639727789,107.34,113.22
2024-07-18 07:00:00,107.21,118.38094062287296,100.96,105.7
2024-07-18 08:00:00,93.58,108.02413073109038,90.69,97.55
2024-07-18 09:00:00,94.0,98.24724024196505,81.0,93.65
2024-07-18 10:00:00,90.98,85.65058214427727,68.49,75.0
2024-07-18 11:00:00,86.38,77.07363271185145,60.0,71.38
2024-07-18 12:00:00,84.61,71.17652985262356,54.19,70.18
2024-07-18 13:00:00,83.0,68.89921171984699,52.0,60.31
2024-07-18 14:00:00,79.21,67.79188564770581,50.98,59.92
2024-07-18 15:00:00,80.0,72.7141513136579,55.99,59.79
2024-07-18 16:00:00,90.0,74.24677173591527,57.61,60.18
2024-07-18 17:00:00,102.85,78.03928204944555,61.49,67.77
2024-07-18 18:00:00,121.22,100.65030108731632,84.19,94.5
2024-07-18 19:00:00,130.05,118.15171431383018,101.78,109.11
2024-07-18 20:00:00,138.23,125.83383260476177,109.55,125.02
2024-07-18 21:00:00,124.24,127.58629968054728,111.39,115.0
2024-07-18 22:00:00,113.22,113.2599528970857,97.15,98.7
2024-07-18 23:00:00,108.49,101.0233525307564,85.0,101.78
2024-07-19 00:00:00,106.37,100.69432999493762,71.32,100.5
2024-07-19 01:00:00,103.99,103.7264891685248,74.44,96.37
2024-07-19 02:00:00,103.98,91.89987657275952,62.7,96.08
2024-07-19 03:00:00,104.93,85.61284405122395,56.5,96.18
2024-07-19 04:00:00,105.87,89.32504268100139,60.3,97.48
2024-07-19 05:00:00,109.8,98.93678083950894,70.0,107.31
2024-07-19 06:00:00,116.22,104.44882485541852,75.6,111.94
2024-07-19 07:00:00,108.85,102.48141097822185,73.72,107.21
2024-07-19 08:00:00,101.0,77.67581417936978,49.0,93.58
2024-07-19 09:00:00,95.46,70.33880082013901,41.75,94.0
2024-07-19 10:00:00,83.8,69.86127875265392,41.36,90.98
2024-07-19 11:00:00,80.35,69.90376245505192,41.49,86.38
2024-07-19 12:00:00,78.59,69.62630950794345,41.3,84.61
2024-07-19 13:00:00,77.92,69.33888761123079,41.1,70.0
2024-07-19 14:00:00,75.0,64.18189927570555,36.03,69.79
2024-07-19 15:00:00,68.72,52.515512576245584,24.45,69.66
2024-07-19 16:00:00,78.05,66.3371366373135,38.36,70.18
2024-07-19 17:00:00,85.06,69.37972899900677,41.49,87.69
2024-07-19 18:00:00,98.1,80.00176524516827,52.2,104.63
2024-07-19 19:00:00,111.9,103.29278802803928,75.58,115.75
2024-07-19 20:00:00,121.22,117.55449900609403,89.93,125.26
2024-07-19 21:00:00,114.94,114.5375282799362,87.0,127.0
2024-07-19 22:00:00,109.11,107.42081505278628,79.97,115.01
2024-07-19 23:00:00,101.7,117.58263128486225,90.22,108.13
2024-07-20 00:00:00,98.65,122.35245352568435,86.11,106.37
2024-07-20 01:00:00,101.01,112.05584600787468,75.9,103.99
2024-07-20 02:00:00,98.65,111.65840250375976,75.59,103.98
2024-07-20 03:00:00,96.86,114.98063299715518,79.0,104.93
2024-07-20 04:00:00,96.05,119.50271644807208,83.61,105.87
2024-07-20 05:00:00,94.75,122.02487569702056,86.22,109.8
2024-07-20 06:00:00,92.9,122.17710025781072,86.46,116.22
2024-07-20 07:00:00,67.74,85.64221335444029,50.01,108.85
2024-07-20 08:00:00,50.0,79.53478988566951,43.99,101.0
2024-07-20 09:00:00,9.96,45.45968396848097,10.0,95.46
2024-07-20 10:00:00,1.57,38.69244121317789,3.32,83.8
2024-07-20 11:00:00,0.44,35.72502229661765,0.44,80.35
2024-07-20 12:00:00,0.0,35.41751225808647,0.22,78.59
2024-07-20 13:00:00,-0.01,35.110120278213145,0.0,83.0
2024-07-20 14:00:00,0.0,35.32280315293857,0.3,79.21
2024-07-20 15:00:00,0.63,35.53561412389047,0.6,80.0
2024-07-20 16:00:00,1.27,35.74857712249351,0.9,90.0
2024-07-20 17:00:00,1.9,65.26928694064004,30.51,102.85
2024-07-20 18:00:00,6.15,84.05095923687298,49.38,121.22
2024-07-20 19:00:00,60.05,110.03204679902628,75.45,130.05
2024-07-20 20:00:00,87.93,132.30336540728158,97.81,138.23
2024-07-20 21:00:00,88.31,141.88558498096197,107.48,124.24
2024-07-20 22:00:00,80.68,134.4790490397871,100.16,113.22
2024-07-20 23:00:00,67.98,141.74119039380454,107.51,108.49
2024-07-21 00:00:00,49.77,97.94924849610544,99.22,98.65
2024-07-21 01:00:00,42.26,96.5819206725458,97.94,101.01
2024-07-21 02:00:00,43.41,95.2645153813472,96.71,98.65
2024-07-21 03:00:00,35.35,94.5269843417808,96.06,96.86
2024-07-21 04:00:00,30.8,93.78935967135337,95.41,96.05
2024-07-21 05:00:00,32.0,95.09144456091768,96.8,94.75
2024-07-21 06:00:00,34.57,84.52434687506496,86.32,92.9
2024-07-21 07:00:00,25.07,44.1195704837743,46.0,67.74
2024-07-21 08:00:00,0.49,-1.5247600146926006,0.44,50.0
2024-07-21 09:00:00,0.0,-2.062634197744712,-0.01,9.96
2024-07-21 10:00:00,-0.0,-2.7603278428126,-0.62,1.57
2024-07-21 11:00:00,-0.01,-3.027924232728178,-0.8,0.44
2024-07-21 12:00:00,-0.1,-2.935439699728071,-0.62,0.0
2024-07-21 13:00:00,-0.25,-3.182828117008881,-0.78,77.92
2024-07-21 14:00:00,-0.01,-3.440116276818181,-0.95,75.0
2024-07-21 15:00:00,0.0,-3.0573466801046885,-0.48,68.72
2024-07-21 16:00:00,0.05,-2.664446904238869,0.0,78.05
2024-07-21 17:00:00,0.1,7.037841176523061,9.79,85.06
2024-07-21 18:00:00,25.06,41.96818163037287,44.81,98.1
2024-07-21 19:00:00,59.0,71.63896663309322,74.57,111.9
2024-07-21 20:00:00,95.0,96.29005841230034,99.31,121.22
2024-07-21 21:00:00,95.44,106.8021201810742,109.91,114.94
2024-07-21 22:00:00,93.98,94.69582948067702,97.89,109.11
2024-07-21 23:00:00,94.5,86.32907542413888,89.61,101.7
2024-07-22 00:00:00,90.9,74.46913810694474,75.0,49.77
2024-07-22 01:00:00,80.0,59.69279537738878,60.31,42.26
2024-07-22 02:00:00,77.98,59.34529654210052,60.05,43.41
2024-07-22 03:00:00,76.31,58.9978340831743,59.79,35.35
2024-07-22 04:00:00,82.0,59.04036778640039,59.92,30.8
2024-07-22 05:00:00,92.21,65.59237993313616,66.56,32.0
2024-07-22 06:00:00,96.11,88.81297624826,89.87,34.57
2024-07-22 07:00:00,94.81,81.00598095383955,82.15,25.07
2024-07-22 08:00:00,63.37,60.77986425204416,62.01,0.49
2024-07-22 09:00:00,56.18,38.173873911173246,39.49,0.0
2024-07-22 10:00:00,54.99,14.437998548797612,15.84,-0.0
2024-07-22 11:00:00,55.66,4.571088907610036,6.06,-0.01
2024-07-22 12:00:00,56.05,2.1637068009032934,3.74,-0.1
2024-07-22 13:00:00,56.18,2.236263294800735,3.9,-0.01
2024-07-22 14:00:00,55.92,5.72867551801544,7.48,0.0
2024-07-22 15:00:00,55.79,4.151641060148069,5.99,0.63
2024-07-22 16:00:00,56.31,12.073980087457024,14.0,1.27
2024-07-22 17:00:00,63.37,37.9849773883917,40.0,1.9
2024-07-22 18:00:00,91.32,57.89653012379578,60.0,6.15
2024-07-22 19:00:00,106.55,77.80807741220761,80.0,60.05
2024-07-22 20:00:00,133.58,106.49882578863098,108.78,87.93
2024-07-22 21:00:00,114.43,107.00173584799232,109.37,88.31
2024-07-22 22:00:00,104.21,92.24576423394709,94.7,80.68
2024-07-22 23:00:00,101.98,102.93763037315794,105.48,67.98
2024-07-23 00:00:00,99.74,148.40874422085068,97.15,90.9
2024-07-23 01:00:00,96.02,148.25140624049982,97.08,80.0
2024-07-23 02:00:00,97.32,148.08404470907467,97.0,77.98
2024-07-23 03:00:00,98.62,148.14664352052918,97.15,76.31
2024-07-23 04:00:00,102.0,151.00898840857462,100.1,82.0
2024-07-23 05:00:00,103.92,149.5216560068411,98.7,92.21
2024-07-23 06:00:00,106.05,158.73339391900453,108.0,96.11
2024-07-23 07:00:00,102.5,149.0965987492975,98.45,94.81
2024-07-23 08:00:00,90.82,137.3099170514063,86.75,63.37
2024-07-23 09:00:00,70.7,123.75336380554003,73.28,56.18
2024-07-23 10:00:00,66.18,111.97669871446736,61.59,54.99
2024-07-23 11:00:00,70.0,111.67916087873344,61.38,55.66
2024-07-23 12:00:00,72.2,111.05171999729065,60.84,56.05
2024-07-23 13:00:00,74.14,110.43434163011206,60.31,-0.25
2024-07-23 14:00:00,70.7,109.95701576139024,59.92,-0.01
2024-07-23 15:00:00,75.35,109.73973936654706,59.79,0.0
2024-07-23 16:00:00,80.0,110.04250389271746,60.18,0.05
2024-07-23 17:00:00,84.32,117.54477098203463,67.77,0.1
2024-07-23 18:00:00,100.0,144.18552846399666,94.5,25.06
2024-07-23 19:00:00,106.57,158.70725580777807,109.11,59.0
2024-07-23 20:00:00,122.23,174.52877731611736,125.02,95.0
2024-07-23 21:00:00,110.0,164.42229038982023,115.0,95.44
2024-07-23 22:00:00,106.04,148.03622800623242,98.7,93.98
2024-07-23 23:00:00,104.38,151.02855101675863,101.78,94.5
2024-07-24 00:00:00,100.0,106.33378994740222,96.02,99.74
2024-07-24 01:00:00,98.0,102.45670129140456,92.23,96.02
2024-07-24 02:00:00,99.07,105.08909786089647,94.95,97.32
2024-07-24 03:00:00,100.0,106.301626427822,96.25,98.62
2024-07-24 04:00:00,102.43,111.58382450009582,101.62,102.0
2024-07-24 05:00:00,107.9,116.8760013755242,107.0,103.92
2024-07-24 06:00:00,110.62,123.00805598964384,113.22,106.05
2024-07-24 07:00:00,105.3,115.40116207755074,105.7,102.5
2024-07-24 08:00:00,92.57,107.16426050000244,97.55,90.82
2024-07-24 09:00:00,84.77,103.17697631654802,93.65,70.7
2024-07-24 10:00:00,76.0,84.4408969489414,75.0,66.18
2024-07-24 11:00:00,80.0,80.73363111111746,71.38,70.0
2024-07-24 12:00:00,82.0,79.44623578104542,70.18,72.2
2024-07-24 13:00:00,80.0,79.17882490970308,70.0,56.18
2024-07-24 14:00:00,75.8,78.88148433914253,69.79,55.92
2024-07-24 15:00:00,75.31,78.66421075821667,69.66,55.79
2024-07-24 16:00:00,75.99,79.09697005462023,70.18,56.31
2024-07-24 17:00:00,76.01,96.5184175480887,87.69,63.37
2024-07-24 18:00:00,99.07,113.36993996492336,104.63,91.32
2024-07-24 19:00:00,108.98,124.40190345845753,115.75,106.55
2024-07-24 20:00:00,124.11,133.82391724471927,125.26,133.58
2024-07-24 21:00:00,111.7,135.47645699218276,127.0,114.43
2024-07-24 22:00:00,107.11,123.4000181249691,115.01,104.21
2024-07-24 23:00:00,105.35,116.43310107648055,108.13,101.98
2024-07-25 00:00:00,100.0,111.27434115571069,100.5,100.0
2024-07-25 01:00:00,99.6,107.0572199364959,96.37,98.0
2024-07-25 02:00:00,100.84,106.67980746032327,96.08,99.07
2024-07-25 03:00:00,101.59,106.69238936490076,96.18,100.0
2024-07-25 04:00:00,103.82,107.90489625578586,97.48,102.43
2024-07-25 05:00:00,105.64,117.64670971402148,107.31,107.9
2024-07-25 06:00:00,110.61,122.18891596430046,111.94,110.62
2024-07-25 07:00:00,101.96,117.3718315122564,107.21,105.3
2024-07-25 08:00:00,75.04,103.65543956116502,93.58,92.57
2024-07-25 09:00:00,70.79,103.9878982199353,94.0,84.77
2024-07-25 10:00:00,70.02,100.88065251862297,90.98,76.0
2024-07-25 11:00:00,70.92,96.1935558110346,86.38,80.0
2024-07-25 12:00:00,71.05,94.33626069219244,84.61,82.0
2024-07-25 13:00:00,70.79,92.63899654044484,83.0,74.14
2024-07-25 14:00:00,63.37,88.76196904105346,79.21,70.7
2024-07-25 15:00:00,59.1,89.46464452403272,80.0,75.35
2024-07-25 16:00:00,59.33,99.37664701069282,90.0,80.0
2024-07-25 17:00:00,70.92,112.13846896495431,102.85,84.32
2024-07-25 18:00:00,86.93,130.41983731163998,121.22,100.0
2024-07-25 19:00:00,106.44,139.16192382263165,130.05,106.57
2024-07-25 20:00:00,116.52,147.25395440228183,138.23,122.23
2024-07-25 21:00:00,113.97,133.177684663238,124.24,110.0
2024-07-25 22:00:00,107.74,122.07110240909276,113.22,106.04
2024-07-25 23:00:00,105.44,117.25399008724293,108.49,104.38
2024-07-26 00:00:00,104.71,91.76557436376278,106.37,100.0
2024-07-26 01:00:00,104.31,89.2983240283234,103.99,99.6
2024-07-26 02:00:00,104.71,89.20089129505284,103.98,100.84
2024-07-26 03:00:00,104.98,90.06339011167584,104.93,101.59
2024-07-26 04:00:00,105.22,90.9158928248735,105.87,103.82
2024-07-26 05:00:00,106.2,94.75814089464122,109.8,105.64
2024-07-26 06:00:00,110.1,101.09014807954904,116.22,110.61
2024-07-26 07:00:00,106.01,93.6332253118617,108.85,101.96
2024-07-26 08:00:00,102.88,85.69629400318021,101.0,75.04
2024-07-26 09:00:00,84.0,80.06915117565197,95.46,70.79
2024-07-26 10:00:00,75.99,68.32251323665687,83.8,70.02
2024-07-26 11:00:00,75.29,64.78523599131952,80.35,70.92
2024-07-26 12:00:00,75.01,62.93786743451364,78.59,71.05
2024-07-26 13:00:00,72.8,62.18045616168082,77.92,80.0
2024-07-26 14:00:00,71.97,59.17327771789789,75.0,75.8
2024-07-26 15:00:00,71.2,52.80644096601629,68.72,75.31
2024-07-26 16:00:00,72.8,62.048407458756415,78.05,75.99
2024-07-26 17:00:00,76.0,68.97062934985208,85.06,76.01
2024-07-26 18:00:00,95.0,81.92238748140679,98.1,99.07
2024-07-26 19:00:00,107.26,95.6340648594846,111.9,108.98
2024-07-26 20:00:00,122.23,104.8660351998666,121.22,124.11
2024-07-26 21:00:00,113.97,98.49918277269596,114.94,111.7
2024-07-26 22:00:00,109.44,92.58221107477031,109.11,107.11
2024-07-26 23:00:00,106.51,85.08532046367245,101.7,105.35
2024-07-27 00:00:00,108.47,94.02535970643336,98.65,104.71
2024-07-27 01:00:00,104.48,96.29765744197658,101.01,104.31
2024-07-27 02:00:00,106.09,93.8503017910324,98.65,104.71
2024-07-27 03:00:00,106.8,91.97284961013251,96.86,104.98
2024-07-27 04:00:00,107.5,91.07525593666156,96.05,105.22
2024-07-27 05:00:00,108.21,89.68761983062144,94.75,106.2
2024-07-27 06:00:00,107.71,87.74991667758036,92.9,110.1
2024-07-27 07:00:00,102.2,62.50400724244174,67.74,106.01
2024-07-27 08:00:00,72.96,44.67742173466879,50.0,102.88
2024-07-27 09:00:00,58.99,4.552680868226192,9.96,84.0
2024-07-27 10:00:00,58.5,-3.9245352737501378,1.57,75.99
2024-07-27 11:00:00,36.0,-5.14219435935326,0.44,75.29
2024-07-27 12:00:00,17.8,-5.669779816924139,0.0,75.01
2024-07-27 13:00:00,17.92,-5.767291637093173,-0.01,70.79
2024-07-27 14:00:00,18.8,-5.844708014725252,0.0,63.37
2024-07-27 15:00:00,15.0,-5.302080879128301,0.63,59.1
2024-07-27 16:00:00,31.51,-4.749354698277514,1.27,59.33
2024-07-27 17:00:00,55.24,-4.206512257979996,1.9,70.92
2024-07-27 18:00:00,67.84,-0.0438281744801851,6.15,86.93
2024-07-27 19:00:00,103.18,53.76487730241534,60.05,106.44
2024-07-27 20:00:00,117.92,81.55563871647574,87.93,116.52
2024-07-27 21:00:00,115.19,81.84845405963581,88.31,113.97
2024-07-27 22:00:00,104.61,74.13172156773597,80.68,107.74
2024-07-27 23:00:00,108.33,61.34524820850991,67.98,105.44
2024-07-28 00:00:00,105.25,77.16761873942356,49.77,108.47
2024-07-28 01:00:00,98.88,70.95221875571684,42.26,104.48
2024-07-28 02:00:00,101.87,71.52856575267721,43.41,106.09
2024-07-28 03:00:00,102.37,65.12532357192893,35.35,106.8
2024-07-28 04:00:00,102.87,61.74765698772528,30.8,107.5
2024-07-28 05:00:00,104.07,62.88931862459853,32.0,108.21
2024-07-28 06:00:00,103.87,62.61592958820715,34.57,107.71
2024-07-28 07:00:00,70.0,46.07706350888006,25.07,102.2
2024-07-28 08:00:00,50.0,17.06228582816752,0.49,72.96
2024-07-28 09:00:00,0.44,16.51153507946718,0.0,58.99
2024-07-28 10:00:00,0.0,16.309139756374346,-0.0,58.5
2024-07-28 11:00:00,0.02,16.19832540718188,-0.01,36.0
2024-07-28 12:00:00,0.05,16.114180035553904,-0.1,17.8
2024-07-28 13:00:00,0.08,15.877777897975111,-0.25,72.8
2024-07-28 14:00:00,0.1,15.952096537106591,-0.01,71.97
2024-07-28 15:00:00,0.12,15.988341062030948,0.0,71.2
2024-07-28 16:00:00,0.15,16.083285094749186,0.05,72.8
2024-07-28 17:00:00,41.26,18.17103742149679,0.1,76.0
2024-07-28 18:00:00,66.84,45.34694452211246,25.06,95.0
2024-07-28 19:00:00,105.47,78.08749564104896,59.0,107.26
2024-07-28 20:00:00,115.98,111.81082413763257,95.0,122.23
2024-07-28 21:00:00,125.5,114.37938805606392,95.44,113.97
2024-07-28 22:00:00,117.2,110.5838544113074,93.98,109.44
2024-07-28 23:00:00,113.64,109.15429177696716,94.5,106.51
2024-07-29 00:00:00,110.98,90.39238256936856,90.9,105.25
2024-07-29 01:00:00,106.91,79.43789560430204,80.0,98.88
2024-07-29 02:00:00,106.41,77.36326996812112,77.98,101.87
2024-07-29 03:00:00,106.91,75.63862525286098,76.31,102.37
2024-07-29 04:00:00,108.03,81.27385686844478,82.0,102.87
2024-07-29 05:00:00,109.15,91.42901507170436,92.21,104.07
2024-07-29 06:00:00,112.03,95.27426834924312,96.11,103.87
2024-07-29 07:00:00,112.46,93.91964442971332,94.81,70.0
2024-07-29 08:00:00,111.93,62.425495775650994,63.37,50.0
2024-07-29 09:00:00,111.41,55.180971598090935,56.18,0.44
2024-07-29 10:00:00,106.91,53.9363187995082,54.99,0.0
2024-07-29 11:00:00,104.31,54.551640643712126,55.66,0.02
2024-07-29 12:00:00,100.0,54.886963989202265,56.05,0.05
2024-07-29 13:00:00,99.09,54.96229311214668,56.18,17.92
2024-07-29 14:00:00,93.0,54.64762875793811,55.92,18.8
2024-07-29 15:00:00,93.56,54.46296121749143,55.79,15.0
2024-07-29 16:00:00,102.76,54.92828552667746,56.31,31.51
2024-07-29 17:00:00,106.41,61.93347840300618,63.37,55.24
2024-07-29 18:00:00,107.67,89.82834395783478,91.32,67.84
2024-07-29 19:00:00,112.22,105.00337716276256,106.55,103.18
2024-07-29 20:00:00,135.01,131.97827509485109,133.58,117.92
2024-07-29 21:00:00,129.0,112.77390575042276,114.43,115.19
2024-07-29 22:00:00,111.98,102.49942874615776,104.21,104.61
2024-07-29 23:00:00,110.2,100.21479761331086,101.98,108.33
2024-07-30 00:00:00,108.83,143.0330303517297,99.74,110.98
2024-07-30 01:00:00,107.83,139.25842245717303,96.02,106.91
2024-07-30 02:00:00,108.33,140.50373480924094,97.32,106.41
2024-07-30 03:00:00,108.48,141.7490400699886,98.62,106.91
2024-07-30 04:00:00,108.95,145.07431473349902,102.0,108.03
2024-07-30 05:00:00,109.13,146.93960945784733,103.92,109.15
2024-07-30 06:00:00,111.43,149.01490651063875,106.05,112.03
2024-07-30 07:00:00,110.06,145.4102986201035,102.5,112.46
2024-07-30 08:00:00,106.23,133.67583932119695,90.82,111.93
2024-07-30 09:00:00,88.5,113.50151233000815,70.7,111.41
2024-07-30 10:00:00,75.97,108.92692835783907,66.18,106.91
2024-07-30 11:00:00,75.58,112.69219525680636,70.0,104.31
2024-07-30 12:00:00,75.0,114.8374845905052,72.2,100.0
2024-07-30 13:00:00,74.98,116.7227869161934,74.14,0.08
2024-07-30 14:00:00,68.43,113.2281702940206,70.7,0.1
2024-07-30 15:00:00,64.0,117.82342462458328,75.35,0.12
2024-07-30 16:00:00,73.99,122.4186755955405,80.0,0.15
2024-07-30 17:00:00,83.74,126.68392063444142,84.32,41.26
2024-07-30 18:00:00,108.31,142.30899293985712,100.0,66.84
2024-07-30 19:00:00,113.03,148.8241880023229,106.57,105.47
2024-07-30 20:00:00,142.48,164.42927142325794,122.23,115.98
2024-07-30 21:00:00,129.74,152.14479251013964,110.0,125.5
2024-07-30 22:00:00,117.0,148.13020336227498,106.04,117.2
2024-07-30 23:00:00,115.82,146.41556292424215,104.38,113.64
2024-07-31 00:00:00,112.14,102.14327998652286,100.0,108.83
2024-07-31 01:00:00,111.14,100.08864602638644,98.0,107.83
2024-07-31 02:00:00,112.14,101.10395979350018,99.07,108.33
2024-07-31 03:00:00,112.44,101.9792737694706,100.0,108.48
2024-07-31 04:00:00,113.03,104.35456108332946,102.43,108.95
2024-07-31 05:00:00,115.34,109.76979822751242,107.9,109.13
2024-07-31 06:00:00,118.48,112.43508220215593,110.62,111.43
2024-07-31 07:00:00,115.34,107.06050869402225,105.3,110.06
2024-07-31 08:00:00,111.14,94.27605614796016,92.57,106.23
2024-07-31 09:00:00,105.0,86.42153208390907,84.77,88.5
2024-07-31 10:00:00,86.1,77.59700705621972,76.0,75.97
2024-07-31 11:00:00,82.1,81.54227720191471,80.0,75.58
2024-07-31 12:00:00,81.97,83.48757075454246,82.0,75.0
2024-07-31 13:00:00,81.71,81.43293777823459,80.0,99.09
2024-07-31 14:00:00,80.01,77.17834039414241,75.8,93.0
2024-07-31 15:00:00,79.59,76.63367975479623,75.31,93.56
2024-07-31 16:00:00,79.8,77.25900545455266,75.99,102.76
2024-07-31 17:00:00,94.37,77.224317263358,76.01,106.41
2024-07-31 18:00:00,111.14,100.2292691517442,99.07,107.67
2024-07-31 19:00:00,117.53,110.0844028761408,108.98,112.22
2024-07-31 20:00:00,142.48,125.15949453041615,124.11,135.01
2024-07-31 21:00:00,132.4,112.69501977541285,111.7,129.0
2024-07-31 22:00:00,116.98,108.05044052663656,107.11,111.98
2024-07-31 23:00:00,117.02,106.23580352056337,105.35,110.2
2024-08-01 00:00:00,113.14,99.31342311502998,100.0,112.14
2024-08-01 01:00:00,112.38,98.85876358191064,99.6,111.14
2024-08-01 02:00:00,112.64,100.04407343567225,100.84,112.14
2024-08-01 03:00:00,112.58,100.73938971134709,101.59,112.44
2024-08-01 04:00:00,112.88,102.91468389663925,103.82,113.03
2024-08-01 05:00:00,116.84,104.67997932139474,105.64,115.34
2024-08-01 06:00:00,120.72,109.59522828046887,110.61,118.48
2024-08-01 07:00:00,116.84,100.89071839034318,101.96,115.34
2024-08-01 08:00:00,112.82,73.9165007794513,75.04,111.14
2024-08-01 09:00:00,111.92,69.61192210453075,70.79,105.0
2024-08-01 10:00:00,98.0,68.78726166502966,70.02,86.1
2024-08-01 11:00:00,92.98,69.63258023526504,70.92,82.1
2024-08-01 12:00:00,92.79,69.70790625110922,71.05,81.97
2024-08-01 13:00:00,88.99,69.39324724751091,70.79,74.98
2024-08-01 14:00:00,83.0,61.91870243597718,63.37,68.43
2024-08-01 15:00:00,81.8,57.59411160042863,59.1,64.0
2024-08-01 16:00:00,88.08,57.76943363440592,59.33,73.99
2024-08-01 17:00:00,94.37,69.30456589862479,70.92,83.74
2024-08-01 18:00:00,109.2,85.25961250205889,86.93,108.31
2024-08-01 19:00:00,117.6,104.71460609652976,106.44,113.03
2024-08-01 20:00:00,132.66,114.73976019079971,116.52,142.48
2024-08-01 21:00:00,125.5,112.1351334637892,113.97,129.74
2024-08-01 22:00:00,117.14,105.85057158950232,107.74,117.0
2024-08-01 23:00:00,113.84,103.49594475634318,105.44,115.82
2024-08-02 00:00:00,114.24,125.7931839998745,104.71,113.14
2024-08-02 01:00:00,111.64,125.33852172566527,104.31,112.38
2024-08-02 02:00:00,112.64,125.68384640985391,104.71,112.64
2024-08-02 03:00:00,111.64,125.89917221313036,104.98,112.58
2024-08-02 04:00:00,112.14,126.08450007547316,105.22,112.88
2024-08-02 05:00:00,112.64,127.00981025828644,106.2,116.84
2024-08-02 06:00:00,114.0,130.85508109653077,110.1,120.72
2024-08-02 07:00:00,109.92,126.71047383440454,106.01,116.84
2024-08-02 08:00:00,104.42,123.52587432290632,102.88,112.82
2024-08-02 09:00:00,75.59,104.59152121429604,84.0,111.92
2024-08-02 10:00:00,65.16,96.5269994084102,75.99,98.0
2024-08-02 11:00:00,69.83,95.77234300887918,75.29,92.98
2024-08-02 12:00:00,60.0,95.43768055722884,75.01,92.79
2024-08-02 13:00:00,58.1,93.17304815528291,72.8,81.71
2024-08-02 14:00:00,52.43,92.2883959651903,71.97,80.01
2024-08-02 15:00:00,49.95,91.4637376100464,71.2,79.59
2024-08-02 16:00:00,58.77,93.00904537159468,72.8,79.8
2024-08-02 17:00:00,65.0,96.15430834887526,76.0,94.37
2024-08-02 18:00:00,88.0,115.09932180158808,95.0,111.14
2024-08-02 19:00:00,114.0,127.30442259952326,107.26,117.53
2024-08-02 20:00:00,128.53,142.21951032056484,122.23,142.48
2024-08-02 21:00:00,126.63,133.90496791025663,113.97,132.4
2024-08-02 22:00:00,115.36,129.320387182639,109.44,116.98
2024-08-02 23:00:00,119.34,126.3357633077863,106.51,117.02
2024-08-03 00:00:00,116.1,92.80312597546704,108.47,114.24
2024-08-03 01:00:00,113.85,88.75851849441912,104.48,111.64
2024-08-03 02:00:00,113.11,90.31382702886236,106.09,112.64
2024-08-03 03:00:00,112.37,90.9691434632149,106.8,111.64
2024-08-03 04:00:00,112.67,91.61446247398791,107.5,112.14
2024-08-03 05:00:00,114.3,92.26978244570834,108.21,112.64
2024-08-03 06:00:00,115.65,91.71511909449158,107.71,114.0
2024-08-03 07:00:00,103.02,86.15056094341449,102.2,109.92
2024-08-03 08:00:00,68.3,56.856387078057296,72.96,104.42
2024-08-03 09:00:00,32.44,42.83196513124246,58.99,75.59
2024-08-03 10:00:00,20.36,42.28732207157901,58.5,65.16
2024-08-03 11:00:00,14.66,19.733034626995803,36.0,69.83
2024-08-03 12:00:00,6.41,1.478682994215064,17.8,60.0
2024-08-03 13:00:00,5.0,1.5440182521877652,17.92,88.99
2024-08-03 14:00:00,10.07,2.369337603546295,18.8,83.0
2024-08-03 15:00:00,10.2,-1.485276346320131,15.0,81.8
2024-08-03 16:00:00,20.0,14.969768892380886,31.51,88.08
2024-08-03 17:00:00,58.75,38.64469573197396,55.24,94.37
2024-08-03 18:00:00,80.0,51.18978028314426,67.84,109.2
2024-08-03 19:00:00,121.49,86.47451689134256,103.18,117.6
2024-08-03 20:00:00,136.53,101.15957816298372,117.92,132.66
2024-08-03 21:00:00,131.49,98.37496099520082,115.19,125.5
2024-08-03 22:00:00,126.63,87.74046474652215,104.61,117.14
2024-08-03 23:00:00,115.34,91.40574345547728,108.33,113.84
2024-08-04 00:00:00,112.82,93.20235002019147,105.25,116.1
2024-08-04 01:00:00,106.0,86.7777871449313,98.88,113.85
2024-08-04 02:00:00,111.47,89.71307324639992,101.87,113.11
2024-08-04 03:00:00,111.92,90.1583911597842,102.37,112.37
2024-08-04 04:00:00,113.27,90.60371713940222,102.87,112.67
2024-08-04 05:00:00,113.72,91.74901857958642,104.07,114.3
2024-08-04 06:00:00,113.53,91.49438002393978,103.87,115.65
2024-08-04 07:00:00,97.89,57.570266986161776,70.0,103.02
2024-08-04 08:00:00,68.1,37.51599508145075,50.0,68.3
2024-08-04 09:00:00,15.0,-12.097857379008472,0.44,32.44
2024-08-04 10:00:00,2.05,-12.592479527805912,0.0,20.36
2024-08-04 11:00:00,0.44,-12.627161790247252,0.02,14.66
2024-08-04 12:00:00,4.55,-12.651827167098352,0.05,6.41
2024-08-04 13:00:00,10.0,-12.676496898510427,0.08,58.1
2024-08-04 14:00:00,2.0,-12.71116926370669,0.1,52.43
2024-08-04 15:00:00,1.45,-12.745828103243728,0.12,49.95
2024-08-04 16:00:00,22.05,-12.77052857639186,0.15,58.77
2024-08-04 17:00:00,63.37,28.28412037060016,41.26,65.0
2024-08-04 18:00:00,82.97,53.80896811003341,66.84,88.0
2024-08-04 19:00:00,123.44,92.38365346638348,105.47,114.0
2024-08-04 20:00:00,142.76,102.83877336982286,115.98,128.53
2024-08-04 21:00:00,144.24,112.3039563628532,125.5,126.63
2024-08-04 22:00:00,133.06,103.94941707388936,117.2,115.36
2024-08-04 23:00:00,119.96,100.33481733722716,113.64,119.34
2024-08-05 00:00:00,116.42,114.82204590532731,110.98,112.82
2024-08-05 01:00:00,114.17,110.69744626709983,106.91,106.0
2024-08-05 02:00:00,115.97,110.14278803655232,106.41,111.47
2024-08-05 03:00:00,117.0,110.58810959850598,106.91,111.92
2024-08-05 04:00:00,118.04,111.65342195703488,108.03,113.27
2024-08-05 05:00:00,121.28,112.7187316632646,109.15,113.72
2024-08-05 06:00:00,126.1,115.54401448286612,112.03,113.53
2024-08-05 07:00:00,123.0,115.9193370392365,112.46,97.89
2024-08-05 08:00:00,117.23,115.33467640759832,111.93,68.1
2024-08-05 09:00:00,114.17,114.7600198238188,111.41,15.0
2024-08-05 10:00:00,88.62,110.20542555615305,106.91,2.05
2024-08-05 11:00:00,83.01,107.55080670961416,104.31,0.44
2024-08-05 12:00:00,82.59,103.18620831093553,100.0,4.55
2024-08-05 13:00:00,82.1,102.22156211223312,99.09,5.0
2024-08-05 14:00:00,81.58,96.0769941329473,93.0,10.07
2024-08-05 15:00:00,81.45,96.58231438606252,93.56,10.2
2024-08-05 16:00:00,81.97,105.72749063033234,102.76,20.0
2024-08-05 17:00:00,86.69,109.32275309310592,106.41,58.75
2024-08-05 18:00:00,118.85,110.52806569160076,107.67,80.0
2024-08-05 19:00:00,129.38,115.02330221823856,112.22,121.49
2024-08-05 20:00:00,150.89,137.75825810186552,135.01,136.53
2024-08-05 21:00:00,140.0,131.69368317249862,129.0,131.49
2024-08-05 22:00:00,126.34,114.6193045563462,111.98,126.63
2024-08-05 23:00:00,114.76,112.78467612310286,110.2,115.34
2024-08-06 00:00:00,109.86,90.76353457400349,108.83,116.42
2024-08-06 01:00:00,100.0,89.70888340798217,107.83,114.17
2024-08-06 02:00:00,110.56,90.1542066299006,108.33,115.97
2024-08-06 03:00:00,110.09,90.2495341435358,108.48,117.0
2024-08-06 04:00:00,113.32,90.6648582762667,108.95,118.04
2024-08-06 05:00:00,119.69,90.79018358548645,109.13,121.28
2024-08-06 06:00:00,130.0,93.03547850859717,111.43,126.1
2024-08-06 07:00:00,120.3,91.61082935719136,110.06,123.0
2024-08-06 08:00:00,110.56,87.72623621659044,106.23,117.23
2024-08-06 09:00:00,102.73,69.94186992604752,88.5,114.17
2024-08-06 10:00:00,90.0,57.35741970623487,75.97,88.62
2024-08-06 11:00:00,83.78,56.91276384447817,75.58,83.01
2024-08-06 12:00:00,83.4,56.27810163160978,75.0,82.59
2024-08-06 13:00:00,83.18,56.20343741630426,74.98,10.0
2024-08-06 14:00:00,82.44,49.59888165370924,68.43,2.0
2024-08-06 15:00:00,82.31,45.11428241787736,64.0,1.45
2024-08-06 16:00:00,83.18,55.04945175092172,73.99,22.05
2024-08-06 17:00:00,90.4,64.74459190240525,83.74,63.37
2024-08-06 18:00:00,113.32,89.25952217982332,108.31,82.97
2024-08-06 19:00:00,123.21,93.92472966763806,113.03,123.44
2024-08-06 20:00:00,132.34,123.31958977153718,142.48,142.76
2024-08-06 21:00:00,126.1,110.52511370266834,129.74,144.24
2024-08-06 22:00:00,117.86,97.73067242659894,117.0,133.06
2024-08-06 23:00:00,107.22,96.49602963841276,115.82,119.96
2024-08-07 00:00:00,107.22,119.8831110592308,112.14,109.86
2024-08-07 01:00:00,107.21,118.82846094388306,111.14,100.0
2024-08-07 02:00:00,101.1,119.77377526044978,112.14,110.56
2024-08-07 03:00:00,95.0,120.01910049112196,112.44,110.09
2024-08-07 04:00:00,102.44,120.55442107111968,113.03,113.32
2024-08-07 05:00:00,105.0,122.80971078780054,115.34,119.69
2024-08-07 06:00:00,115.1,125.8949903033018,118.48,130.0
2024-08-07 07:00:00,102.44,122.70037410429426,115.34,120.3
2024-08-07 08:00:00,87.97,118.44577723177788,111.14,110.56
2024-08-07 09:00:00,78.7,112.25122586876482,105.0,102.73
2024-08-07 10:00:00,79.6,93.29687312328826,86.1,90.0
2024-08-07 11:00:00,81.1,89.24228427151043,82.1,83.78
2024-08-07 12:00:00,82.0,89.05761559079352,81.97,83.4
2024-08-07 13:00:00,82.49,88.74295315603085,81.71,82.1
2024-08-07 14:00:00,79.6,86.98831156166277,80.01,81.58
2024-08-07 15:00:00,80.8,86.51365324366964,79.59,81.45
2024-08-07 16:00:00,82.0,86.66897351166381,79.8,81.97
2024-08-07 17:00:00,84.23,101.18405165998604,94.37,86.69
2024-08-07 18:00:00,89.0,117.89909898564122,111.14,118.85
2024-08-07 19:00:00,116.2,124.23429319189084,117.53,129.38
2024-08-07 20:00:00,128.9,149.1292190550789,142.48,150.89
2024-08-07 21:00:00,122.42,138.99470760342527,132.4,140.0
2024-08-07 22:00:00,115.58,123.52030483443164,116.98,126.34
2024-08-07 23:00:00,107.75,123.50564611650996,117.02,114.76
2024-08-08 00:00:00,103.79,112.5131984604308,113.14,107.22
2024-08-08 01:00:00,98.38,111.69854597746456,112.38,107.21
2024-08-08 02:00:00,101.81,111.90387193118956,112.64,101.1
2024-08-08 03:00:00,101.87,111.78920448375062,112.58,95.0
2024-08-08 04:00:00,101.93,112.03452867934426,112.88,102.44
2024-08-08 05:00:00,107.75,115.93979095716396,116.84,105.0
2024-08-08 06:00:00,115.1,119.76505725889734,120.72,115.1
2024-08-08 07:00:00,107.82,115.83045384364482,116.84,102.44
2024-08-08 08:00:00,109.1,111.75585182290074,112.82,87.97
2024-08-08 09:00:00,89.0,110.8012099548343,111.92,78.7
2024-08-08 10:00:00,83.1,96.8267727093121,98.0,79.6
2024-08-08 11:00:00,83.0,91.75219707271998,92.98,81.1
2024-08-08 12:00:00,82.67,91.50753330492348,92.79,82.0
2024-08-08 13:00:00,82.33,87.65293066152012,88.99,83.18
2024-08-08 14:00:00,82.0,81.60836539468396,83.0,82.44
2024-08-08 15:00:00,84.6,80.3537151757878,81.8,82.31
2024-08-08 16:00:00,87.19,86.57894211331502,88.08,83.18
2024-08-08 17:00:00,96.5,92.81415351273886,94.37,90.4
2024-08-08 18:00:00,110.5,107.5892367032504,109.2,113.32
2024-08-08 19:00:00,115.5,115.9344051434249,117.6,123.21
2024-08-08 20:00:00,140.01,130.93949122951196,132.66,132.34
2024-08-08 21:00:00,126.48,123.72493348662552,125.5,126.1
2024-08-08 22:00:00,111.95,115.31041430475656,117.14,117.86
2024-08-08 23:00:00,118.06,111.9558016830151,113.84,107.22
2024-08-09 00:00:00,116.92,103.46333783614207,114.24,103.79
2024-08-09 01:00:00,111.7,100.8087092779371,111.64,98.38
2024-08-09 02:00:00,117.1,101.75402759940472,112.64,101.81
2024-08-09 03:00:00,112.32,100.69937271794636,111.64,101.87
2024-08-09 04:00:00,110.46,101.14469754290172,112.14,101.93
2024-08-09 05:00:00,116.92,101.590016941567,112.64,107.75
2024-08-09 06:00:00,118.85,102.89532999883338,114.0,115.1
2024-08-09 07:00:00,116.92,98.7607241725527,109.92,107.82
2024-08-09 08:00:00,111.2,93.2061695545178,104.42,109.1
2024-08-09 09:00:00,85.0,64.32198568144806,75.59,89.0
2024-08-09 10:00:00,81.81,53.83750357929321,65.16,83.1
2024-08-09 11:00:00,81.68,58.4527675284976,69.83,83.0
2024-08-09 12:00:00,81.62,48.56825527297809,60.0,82.67
2024-08-09 13:00:00,81.55,46.61363043427697,58.1,82.49
2024-08-09 14:00:00,80.0,40.88905690266293,52.43,79.6
2024-08-09 15:00:00,80.59,38.35442662934238,49.95,80.8
2024-08-09 16:00:00,81.18,47.11961329739055,58.77,82.0
2024-08-09 17:00:00,82.07,53.29482176723157,65.0,84.23
2024-08-09 18:00:00,97.7,76.239756654284,88.0,89.0
2024-08-09 19:00:00,113.3,102.18463317774878,114.0,116.2
2024-08-09 20:00:00,127.71,116.65970926101824,128.53,128.9
2024-08-09 21:00:00,120.33,114.7050753586852,126.63,122.42
2024-08-09 22:00:00,111.2,103.3805902543312,115.36,115.58
2024-08-09 23:00:00,109.56,107.30586674789669,119.34,107.75
2024-08-10 00:00:00,105.0,137.06281841642624,116.1,116.92
2024-08-10 01:00:00,99.0,134.75819149141532,113.85,111.7
2024-08-10 02:00:00,117.75,133.96353556092447,113.11,117.1
2024-08-10 03:00:00,115.01,133.16887919854193,112.37,112.32
2024-08-10 04:00:00,115.43,133.414205286634,112.67,110.46
2024-08-10 05:00:00,116.93,134.98950690720704,114.3,116.92
2024-08-10 06:00:00,117.89,136.28481855905238,115.65,118.85
2024-08-10 07:00:00,113.3,123.60037524070756,103.02,116.92
2024-08-10 08:00:00,68.99,88.82631123097644,68.3,111.2
2024-08-10 09:00:00,12.55,52.912262642110456,32.44,85.0
2024-08-10 10:00:00,0.44,40.77781531233181,20.36,81.81
2024-08-10 11:00:00,1.17,35.023248423617254,14.66,81.68
2024-08-10 12:00:00,1.9,26.71872059196796,6.41,81.62
2024-08-10 13:00:00,2.4,25.25407634556318,5.0,82.33
2024-08-10 14:00:00,0.45,30.26932314938137,10.07,82.0
2024-08-10 15:00:00,1.88,30.344650070871825,10.2,84.6
2024-08-10 16:00:00,3.32,40.08979218649607,20.0,87.19
2024-08-10 17:00:00,50.0,78.7844744271766,58.75,96.5
2024-08-10 18:00:00,81.67,99.97939834635112,80.0,110.5
2024-08-10 19:00:00,115.43,141.4140303177724,121.49,115.5
2024-08-10 20:00:00,127.57,156.39908737695202,136.53,140.01
2024-08-10 21:00:00,124.29,151.30449986386242,131.49,126.48
2024-08-10 22:00:00,112.82,146.38992483989634,126.63,111.95
2024-08-10 23:00:00,119.2,135.04544227740092,115.34,118.06
2024-08-11 00:00:00,116.7,107.6520919273259,112.82,105.0
2024-08-11 01:00:00,105.0,100.77752879820028,106.0,99.0
2024-08-11 02:00:00,109.74,106.1927767819742,111.47,117.75
2024-08-11 03:00:00,108.11,106.5880924281382,111.92,115.01
2024-08-11 04:00:00,110.0,107.88340406011424,113.27,115.43
2024-08-11 05:00:00,113.2,108.27872292811304,113.72,116.93
2024-08-11 06:00:00,110.0,108.03406683862264,113.53,117.89
2024-08-11 07:00:00,94.5,92.33966438796216,97.89,113.3
2024-08-11 08:00:00,50.0,62.49553648587872,68.1,68.99
2024-08-11 09:00:00,0.0,9.341765358988727,15.0,12.55
2024-08-11 10:00:00,0.59,-3.6626523955523247,2.05,0.44
2024-08-11 11:00:00,1.18,-5.327298226126984,0.44,1.17
2024-08-11 12:00:00,1.77,-1.2720388207882587,4.55,1.9
2024-08-11 13:00:00,2.35,4.123205037166945,10.0,81.55
2024-08-11 14:00:00,2.94,-3.931333897444629,2.0,80.0
2024-08-11 15:00:00,3.53,-4.535992252788677,1.45,80.59
2024-08-11 16:00:00,4.12,16.008967592782387,22.05,81.18
2024-08-11 17:00:00,36.42,57.27360087951509,63.37,82.07
2024-08-11 18:00:00,80.54,76.81855352495002,82.97,97.7
2024-08-11 19:00:00,116.34,117.23320221266324,123.44,113.3
2024-08-11 20:00:00,128.58,136.49818257748913,142.76,127.71
2024-08-11 21:00:00,136.29,137.92349001213393,144.24,120.33
2024-08-11 22:00:00,122.6,126.68901454103536,133.06,111.2
2024-08-11 23:00:00,114.7,113.53457092252938,119.96,109.56
2024-08-12 00:00:00,107.0,112.98200631036438,116.42,116.7
2024-08-12 01:00:00,104.0,110.6773731282119,114.17,105.0
2024-08-12 02:00:00,110.0,112.42267592543053,115.97,109.74
2024-08-12 03:00:00,110.1,113.39798761544606,117.0,108.11
2024-08-12 04:00:00,119.26,114.38330028486855,118.04,110.0
2024-08-12 05:00:00,120.34,117.56857340492355,121.28,113.2
2024-08-12 06:00:00,128.22,122.3338238263686,126.1,110.0
2024-08-12 07:00:00,120.82,119.1792086078098,123.0,94.5
2024-08-12 08:00:00,116.45,113.35463334674556,117.23,50.0
2024-08-12 09:00:00,97.5,110.24003810870528,114.17,0.0
2024-08-12 10:00:00,83.18,84.63579222815103,88.62,0.59
2024-08-12 11:00:00,81.99,78.97123634739427,83.01,1.18
2024-08-12 12:00:00,82.0,78.4965721740919,82.59,1.77
2024-08-12 13:00:00,81.8,77.95191261155833,82.1,2.4
2024-08-12 14:00:00,81.28,77.37725304342763,81.58,0.45
2024-08-12 15:00:00,80.1,77.1925845166549,81.45,1.88
2024-08-12 16:00:00,82.1,77.65791215876396,81.97,3.32
2024-08-12 17:00:00,90.57,82.32313913144752,86.69,50.0
2024-08-12 18:00:00,117.15,114.42793953036237,118.85,81.67
2024-08-12 19:00:00,124.95,124.90305228958428,129.38,115.43
2024-08-12 20:00:00,136.13,146.35803868197496,150.89,127.57
2024-08-12 21:00:00,128.72,135.41353752176695,140.0,124.29
2024-08-12 22:00:00,121.06,121.69911678550233,126.34,112.82
2024-08-12 23:00:00,116.1,110.06464340454563,114.76,119.2
2024-08-13 00:00:00,115.0,108.61326950562736,109.86,107.0
2024-08-13 01:00:00,110.0,98.69875369418712,100.0,104.0
2024-08-13 02:00:00,115.92,109.20392142299774,110.56,110.0
2024-08-13 03:00:00,113.2,108.67924638117798,110.09,110.1
2024-08-13 04:00:00,110.0,111.85452738124472,113.32,119.26
2024-08-13 05:00:00,116.1,118.16973952255135,119.69,120.34
2024-08-13 06:00:00,125.5,128.4249042140888,130.0,128.22
2024-08-13 07:00:00,117.89,118.67039325998448,120.3,120.82
2024-08-13 08:00:00,104.88,108.87589763954698,110.56,116.45
2024-08-13 09:00:00,106.51,100.9913701669802,102.73,97.5
2024-08-13 10:00:00,96.0,88.20691926944815,90.0,83.18
2024-08-13 11:00:00,90.0,81.93236126884723,83.78,81.99
2024-08-13 12:00:00,88.0,81.49770075748744,83.4,82.0
2024-08-13 13:00:00,85.0,81.22303552111157,83.18,2.35
2024-08-13 14:00:00,81.39,80.42837936617677,82.44,2.94
2024-08-13 15:00:00,80.05,80.24371238820274,82.31,3.53
2024-08-13 16:00:00,84.5,81.05902910268284,83.18,4.12
2024-08-13 17:00:00,96.02,88.2242239735323,90.4,36.42
2024-08-13 18:00:00,101.51,111.089169813586,113.32,80.54
2024-08-13 19:00:00,118.71,120.92431292270022,123.21,116.34
2024-08-13 20:00:00,130.48,129.99949651350596,132.34,128.58
2024-08-13 21:00:00,129.2,123.704926468369,126.1,136.29
2024-08-13 22:00:00,120.96,115.41040863425552,117.86,122.6
2024-08-13 23:00:00,115.02,104.71591805802402,107.22,114.7
2024-08-14 00:00:00,108.64,111.16331524320304,107.22,115.0
2024-08-14 01:00:00,104.63,111.09864654296804,107.21,110.0
2024-08-14 02:00:00,105.25,104.93408576086324,101.1,115.92
2024-08-14 03:00:00,93.63,98.77951441492864,95.0,113.2
2024-08-14 04:00:00,94.37,106.16472921830749,102.44,110.0
2024-08-14 05:00:00,99.45,108.66999986751368,105.0,116.1
2024-08-14 06:00:00,113.3,118.71517400385228,115.1,125.5
2024-08-14 07:00:00,109.87,106.00071255590076,102.44,117.89
2024-08-14 08:00:00,90.0,91.47630152612062,87.97,104.88
2024-08-14 09:00:00,75.0,82.15179114849698,78.7,106.51
2024-08-14 10:00:00,64.88,82.99711165424218,79.6,96.0
2024-08-14 11:00:00,64.55,84.44241539732872,81.1,90.0
2024-08-14 12:00:00,64.99,85.28773002786214,82.0,88.0
2024-08-14 13:00:00,64.88,85.72305528174012,82.49,81.8
2024-08-14 14:00:00,63.37,82.7784323444099,79.6,81.28
2024-08-14 15:00:00,60.0,83.92374627802307,80.8,80.1
2024-08-14 16:00:00,63.91,85.0690531845167,82.0,82.1
2024-08-14 17:00:00,69.99,87.24434990548058,84.23,90.57
2024-08-14 18:00:00,85.53,91.95958244252805,89.0,117.15
2024-08-14 19:00:00,109.02,119.10445393198763,116.2,124.95
2024-08-14 20:00:00,114.26,131.7495600576546,128.9,136.13
2024-08-14 21:00:00,108.54,125.2149973036196,122.42,128.72
2024-08-14 22:00:00,94.18,118.32045280750452,115.58,121.06
2024-08-14 23:00:00,74.23,110.43591669797348,107.75,116.1
2024-08-15 00:00:00,61.77,86.1233659801268,103.79,108.64
2024-08-15 01:00:00,61.53,80.65878403735047,98.38,104.63
2024-08-15 02:00:00,61.28,84.0340629800572,101.81,105.25
2024-08-15 03:00:00,61.32,84.03938935898543,101.87,93.63
2024-08-15 04:00:00,61.37,84.04471904062568,101.93,94.37
2024-08-15 05:00:00,61.41,89.80994551804694,107.75,99.45
2024-08-15 06:00:00,61.67,97.1051602327796,115.1,113.3
2024-08-15 07:00:00,49.65,89.77059918165328,107.82,109.87
2024-08-15 08:00:00,3.6,90.99593250646028,109.1,90.0
2024-08-15 09:00:00,0.0,70.84159291266005,89.0,75.0
2024-08-15 10:00:00,0.22,64.88703862740604,83.1,64.88
2024-08-15 11:00:00,0.44,64.73237038772454,83.0,64.55
2024-08-15 12:00:00,0.66,64.34770734764332,82.67,64.99
2024-08-15 13:00:00,0.87,63.95304500371124,82.33,85.0
2024-08-15 14:00:00,1.09,63.5683798713798,82.0,81.39
2024-08-15 15:00:00,1.31,66.11366768911243,84.6,80.05
2024-08-15 16:00:00,1.53,68.64895080160528,87.19,84.5
2024-08-15 17:00:00,15.98,77.90411538675725,96.5,96.02
2024-08-15 18:00:00,62.0,91.8492142037638,110.5,101.51
2024-08-15 19:00:00,97.64,96.79443120706668,115.5,118.71
2024-08-15 20:00:00,117.13,121.24936795850932,140.01,130.48
2024-08-15 21:00:00,112.45,107.66491337003728,126.48,129.2
2024-08-15 22:00:00,98.3,93.08049528286853,111.95,120.96
2024-08-15 23:00:00,106.09,99.13573149999786,118.06,115.02
2024-08-16 00:00:00,104.44,34.25314266569022,116.92,61.77
2024-08-16 01:00:00,90.0,28.97855678060065,111.7,61.53
2024-08-16 02:00:00,88.33,34.32380598153789,117.1,61.28
2024-08-16 03:00:00,103.27,29.489212542581043,112.32,61.32
2024-08-16 04:00:00,104.71,27.57457534821487,110.46,61.37
2024-08-16 05:00:00,105.61,33.979798057558625,116.92,61.41
2024-08-16 06:00:00,114.02,35.85509478246684,118.85,61.67
2024-08-16 07:00:00,100.57,33.87045512573276,116.92,49.65
2024-08-16 08:00:00,70.0,28.09590248524385,111.2,3.6
2024-08-16 09:00:00,63.87,1.84166817780282,85.0,0.0
2024-08-16 10:00:00,63.37,-1.4029278394449132,81.81,0.22
2024-08-16 11:00:00,59.22,-1.5875988265289276,81.68,0.44
2024-08-16 12:00:00,53.93,-1.7022655467343557,81.62,0.66
2024-08-16 13:00:00,50.72,-1.826932493954609,81.55,64.88
2024-08-16 14:00:00,56.27,-3.4315758901698845,80.0,63.37
2024-08-16 15:00:00,62.17,-2.896254638895075,80.59,60.0
2024-08-16 16:00:00,63.37,-2.3609313363847613,81.18,63.91
2024-08-16 17:00:00,65.4,-1.5256252940317374,82.07,69.99
2024-08-16 18:00:00,103.52,14.049441376186454,97.7,85.53
2024-08-16 19:00:00,118.92,29.594491291344585,113.3,109.02
2024-08-16 20:00:00,129.78,43.94958217720185,127.71,114.26
2024-08-16 21:00:00,123.72,36.515031771747225,120.33,108.54
2024-08-16 22:00:00,116.16,27.330522612547565,111.2,94.18
2024-08-16 23:00:00,114.02,25.635885199557507,109.56,74.23
2024-08-17 00:00:00,112.94,76.65331761857745,105.0,104.44
2024-08-17 01:00:00,113.37,70.5987338443133,99.0,90.0
2024-08-17 02:00:00,110.68,89.29376496786564,117.75,88.33
2024-08-17 03:00:00,105.5,86.4991236923044,115.01,103.27
2024-08-17 04:00:00,101.5,86.8644546880037,115.43,104.71
2024-08-17 05:00:00,100.64,88.30975861418821,116.93,105.61
2024-08-17 06:00:00,101.1,89.21507005621358,117.89,114.02
2024-08-17 07:00:00,90.0,84.57049781653076,113.3,100.57
2024-08-17 08:00:00,71.74,40.206600584108735,68.99,70.0
2024-08-17 09:00:00,68.01,-16.287100494780315,12.55,63.87
2024-08-17 10:00:00,52.66,-28.451536761166544,0.44,63.37
2024-08-17 11:00:00,43.31,-27.77621953698746,1.17,59.22
2024-08-17 12:00:00,37.37,-27.100901887508847,1.9,53.93
2024-08-17 13:00:00,34.72,-26.655576329570675,2.4,0.87
2024-08-17 14:00:00,37.57,-28.660218316729225,0.45,1.09
2024-08-17 15:00:00,47.81,-27.28489866084513,1.88,1.31
2024-08-17 16:00:00,56.1,-25.899626305799096,3.32,1.53
2024-08-17 17:00:00,68.54,20.72492406363249,50.0,15.98
2024-08-17 18:00:00,87.41,52.33967354123709,81.67,62.0
2024-08-17 19:00:00,103.92,86.04443026551385,115.43,97.64
2024-08-17 20:00:00,120.0,98.1295380320866,127.57,117.13
2024-08-17 21:00:00,113.2,94.79493193887134,124.29,112.45
2024-08-17 22:00:00,105.02,83.27044891304283,112.82,98.3
2024-08-17 23:00:00,119.5,89.59568262997074,119.2,106.09
2024-08-18 00:00:00,111.62,151.51192955492743,116.7,112.94
2024-08-18 01:00:00,103.9,139.75745199045485,105.0,113.37
2024-08-18 02:00:00,93.38,144.44271554497917,109.74,110.68
2024-08-18 03:00:00,85.0,142.75806582409277,108.11,105.5
2024-08-18 04:00:00,84.5,144.5933667459913,110.0,101.5
2024-08-18 05:00:00,79.44,147.73864366900793,113.2,100.64
2024-08-18 06:00:00,76.23,144.48403047217897,110.0,101.1
2024-08-18 07:00:00,63.1,128.9296411109672,94.5,90.0
2024-08-18 08:00:00,40.71,84.37575309485749,50.0,71.74
2024-08-18 09:00:00,0.44,34.32193353137632,0.0,68.01
2024-08-18 10:00:00,0.0,34.857285575422594,0.59,52.66
2024-08-18 11:00:00,0.47,35.392595667094554,1.18,43.31
2024-08-18 12:00:00,0.95,35.9279197970666,1.77,37.37
2024-08-18 13:00:00,1.42,36.45324012233508,2.35,50.72
2024-08-18 14:00:00,1.9,36.98855922452828,2.94,56.27
2024-08-18 15:00:00,2.37,37.5238857713445,3.53,62.17
2024-08-18 16:00:00,2.85,38.05918898802187,4.12,63.37
2024-08-18 17:00:00,3.32,70.30396461336262,36.42,65.4
2024-08-18 18:00:00,61.99,114.36852031537582,80.54,103.52
2024-08-18 19:00:00,89.5,150.11323195566928,116.34,118.92
2024-08-18 20:00:00,110.34,162.2983325400579,128.58,129.78
2024-08-18 21:00:00,111.64,169.95354441598258,136.29,123.72
2024-08-18 22:00:00,99.69,156.20909852011084,122.6,116.16
2024-08-18 23:00:00,91.7,148.25457698673128,114.7,114.02
2024-08-19 00:00:00,76.6,105.52212287386917,107.0,111.62
2024-08-19 01:00:00,74.8,102.46750268454802,104.0,103.9
2024-08-19 02:00:00,75.92,108.41273922890254,110.0,93.38
2024-08-19 03:00:00,75.65,108.4580548900656,110.1,85.0
2024-08-19 04:00:00,79.97,117.56324031661102,119.26,84.5
2024-08-19 05:00:00,85.1,118.58853652157086,120.34,79.44
2024-08-19 06:00:00,116.02,126.4137473674001,128.22,76.23
2024-08-19 07:00:00,116.92,118.95919146357438,120.82,63.1
2024-08-19 08:00:00,112.58,114.53461473777736,116.45,40.71
2024-08-19 09:00:00,82.35,95.5302676185914,97.5,0.44
2024-08-19 10:00:00,74.28,81.15584930688875,83.18,0.0
2024-08-19 11:00:00,70.0,79.91120649415197,81.99,0.47
2024-08-19 12:00:00,69.0,79.86653632949229,82.0,0.95
2024-08-19 13:00:00,68.05,79.61187100849797,81.8,34.72
2024-08-19 14:00:00,67.1,79.03721220672558,81.28,37.57
2024-08-19 15:00:00,70.0,77.80256122674129,80.1,47.81
2024-08-19 16:00:00,79.44,79.74786070256113,82.1,56.1
2024-08-19 17:00:00,103.0,88.16302995507338,90.57,68.54
2024-08-19 18:00:00,116.26,114.68791788194412,117.15,87.41
2024-08-19 19:00:00,129.72,122.4330902384602,124.95,103.92
2024-08-19 20:00:00,157.48,133.5582437943295,136.13,120.0
2024-08-19 21:00:00,131.3,126.09369114450372,128.72,113.2
2024-08-19 22:00:00,125.0,118.3791614218444,121.06,105.02
2024-08-19 23:00:00,119.81,113.36457555574955,116.1,119.5
2024-08-20 00:00:00,113.2,101.3431688636505,115.0,76.6
2024-08-20 01:00:00,119.88,96.28857601079308,110.0,74.8
2024-08-20 02:00:00,117.78,102.15381590113267,115.92,75.92
2024-08-20 03:00:00,117.08,99.37918835388064,113.2,75.65
2024-08-20 04:00:00,115.0,96.12457399388074,110.0,79.97
2024-08-20 05:00:00,120.78,102.16979795044514,116.1,85.1
2024-08-20 06:00:00,125.08,111.51497228711254,125.5,116.02
2024-08-20 07:00:00,120.78,103.85043386711862,117.89,116.92
2024-08-20 08:00:00,96.76,90.78598193794372,104.88,112.58
2024-08-20 09:00:00,71.5,92.3613018865337,106.51,82.35
2024-08-20 10:00:00,63.37,81.79680504838683,96.0,74.28
2024-08-20 11:00:00,65.16,75.74224554025241,90.0,70.0
2024-08-20 12:00:00,68.14,73.68761249188162,88.0,69.0
2024-08-20 13:00:00,65.16,70.63299632045641,85.0,1.42
2024-08-20 14:00:00,63.1,66.96838979662141,81.39,1.9
2024-08-20 15:00:00,60.0,65.5737445494362,80.05,2.37
2024-08-20 16:00:00,61.99,69.96899384197513,84.5,2.85
2024-08-20 17:00:00,63.37,81.43413221287632,96.02,3.32
2024-08-20 18:00:00,95.0,86.86935393988527,101.51,61.99
2024-08-20 19:00:00,110.0,104.01439283364309,118.71,89.5
2024-08-20 20:00:00,121.5,115.72951696033708,130.48,110.34
2024-08-20 21:00:00,113.86,114.3948694361094,129.2,111.64
2024-08-20 22:00:00,106.64,106.1003416216674,120.96,99.69
2024-08-20 23:00:00,105.29,100.1057794725602,115.02,91.7
2024-08-21 00:00:00,82.8,88.12337659088156,108.64,113.2
2024-08-21 01:00:00,80.18,84.05877357343306,104.63,119.88
2024-08-21 02:00:00,65.16,84.62410647748503,105.25,117.78
2024-08-21 03:00:00,60.0,72.94962557017536,93.63,117.08
2024-08-21 04:00:00,65.16,73.63495435464777,94.37,115.0
2024-08-21 05:00:00,82.28,78.66018721273218,99.45,120.78
2024-08-21 06:00:00,104.76,92.45528766095424,113.3,125.08
2024-08-21 07:00:00,89.16,88.9706774691388,109.87,120.78
2024-08-21 08:00:00,57.27,69.04634928950674,90.0,96.76
2024-08-21 09:00:00,8.0,53.99194827055225,75.0,71.5
2024-08-21 10:00:00,5.22,43.81745268870891,64.88,63.37
2024-08-21 11:00:00,7.48,43.43279471297862,64.55,65.16
2024-08-21 12:00:00,40.0,43.81811695171327,64.99,68.14
2024-08-21 13:00:00,53.1,43.65345008705513,64.88,68.05
2024-08-21 14:00:00,60.5,42.088809508163465,63.37,67.1
2024-08-21 15:00:00,65.33,38.66419449643213,60.0,70.0
2024-08-21 16:00:00,80.39,42.51946142180752,63.91,79.44
2024-08-21 17:00:00,98.27,48.54468212821973,69.99,103.0
2024-08-21 18:00:00,111.8,64.0297376708231,85.53,116.26
2024-08-21 19:00:00,129.2,87.4646682507577,109.02,129.72
2024-08-21 20:00:00,165.01,92.64990018072892,114.26,157.48
2024-08-21 21:00:00,150.34,86.87533323342845,108.54,131.3
2024-08-21 22:00:00,130.7,72.46091656265284,94.18,125.0
2024-08-21 23:00:00,120.3,52.45659443789568,74.23,119.81
2024-08-22 00:00:00,115.71,36.12400657757525,61.77,82.8
2024-08-22 01:00:00,118.85,35.82934785611542,61.53,80.18
2024-08-22 02:00:00,118.89,35.52468111300396,61.28,65.16
2024-08-22 03:00:00,118.85,35.51001244657984,61.32,60.0
2024-08-22 04:00:00,119.94,35.505342113769764,61.37,65.16
2024-08-22 05:00:00,121.02,35.49067333983567,61.41,82.28
2024-08-22 06:00:00,126.71,35.69599735488368,61.67,104.76
2024-08-22 07:00:00,121.02,23.62156247622128,49.65,89.16
2024-08-22 08:00:00,117.49,-22.48234150245363,3.6,57.27
2024-08-22 09:00:00,103.77,-26.13691618234381,0.0,8.0
2024-08-22 10:00:00,82.41,-25.971597917684324,0.22,5.22
2024-08-22 11:00:00,81.25,-25.806267641926105,0.44,7.48
2024-08-22 12:00:00,82.28,-25.64094147991453,0.66,40.0
2024-08-22 13:00:00,80.99,-25.485613677231925,0.87,65.16
2024-08-22 14:00:00,78.39,-25.320286767448547,1.09,63.1
2024-08-22 15:00:00,78.18,-25.154958939032053,1.31,60.0
2024-08-22 16:00:00,80.99,-24.98963341237259,1.53,61.99
2024-08-22 17:00:00,86.31,-10.59456895420485,15.98,63.37
2024-08-22 18:00:00,117.49,35.36997411684102,62.0,95.0
2024-08-22 19:00:00,131.99,70.95467233842155,97.64,110.0
2024-08-22 20:00:00,164.5,90.38966616688197,117.13,121.5
2024-08-22 21:00:00,137.79,85.65507736898392,112.45,113.86
2024-08-22 22:00:00,121.5,71.4506409862027,98.3,106.64
2024-08-22 23:00:00,115.85,79.1858522667975,106.09,105.29
2024-08-23 00:00:00,113.49,185.40215141876664,104.44,115.71
2024-08-23 01:00:00,109.21,170.90772845616675,90.0,118.85
2024-08-23 02:00:00,116.69,169.18308540414665,88.33,118.89
2024-08-23 03:00:00,116.27,184.0681685340759,103.27,118.85
2024-08-23 04:00:00,115.85,185.4534662244224,104.71,119.94
2024-08-23 05:00:00,117.27,186.2987772382012,105.61,121.02
2024-08-23 06:00:00,124.9,194.6539725259896,114.02,126.71
2024-08-23 07:00:00,119.39,181.14954071624967,100.57,121.02
2024-08-23 08:00:00,116.69,150.5253897238946,70.0,117.49
2024-08-23 09:00:00,104.92,144.34084175722185,63.87,103.77
2024-08-23 10:00:00,82.36,143.78618138989697,63.37,82.41
2024-08-23 11:00:00,81.87,139.58158449668588,59.22,81.25
2024-08-23 12:00:00,82.36,134.23700896304186,53.93,82.28
2024-08-23 13:00:00,81.74,130.9723924109912,50.72,53.1
2024-08-23 14:00:00,77.0,136.46763077021572,56.27,60.5
2024-08-23 15:00:00,77.95,142.3128565006063,62.17,65.33
2024-08-23 16:00:00,82.15,143.45817298901997,63.37,80.39
2024-08-23 17:00:00,104.76,145.43344190273098,65.4,98.27
2024-08-23 18:00:00,116.57,183.49813953628708,103.52,111.8
2024-08-23 19:00:00,124.9,198.8431772083319,118.92,129.2
2024-08-23 20:00:00,141.2,209.6483319394205,129.78,165.01
2024-08-23 21:00:00,125.99,203.53375940378425,123.72,150.34
2024-08-23 22:00:00,120.29,195.91922332513,116.16,130.7
2024-08-23 23:00:00,115.23,193.72459419310653,114.02,120.3
2024-08-24 00:00:00,113.92,140.71277819304683,112.94,113.49
2024-08-24 01:00:00,104.92,141.08810411419836,113.37,109.21
2024-08-24 02:00:00,109.02,138.34348188740938,110.68,116.69
2024-08-24 03:00:00,98.75,133.10890294970332,105.5,116.27
2024-08-24 04:00:00,98.0,129.0543042062869,101.5,115.85
2024-08-24 05:00:00,103.42,128.13964973432067,100.64,117.27
2024-08-24 06:00:00,105.91,128.544977376518,101.1,124.9
2024-08-24 07:00:00,82.9,117.3905049259826,90.0,119.39
2024-08-24 08:00:00,15.0,99.07614305817404,71.74,116.69
2024-08-24 09:00:00,0.01,95.29155810209764,68.01,104.92
2024-08-24 10:00:00,0.0,79.88714518026697,52.66,82.36
2024-08-24 11:00:00,0.55,70.48264652353402,43.31,81.87
2024-08-24 12:00:00,1.11,64.48808019203956,37.37,82.36
2024-08-24 13:00:00,1.66,61.78345839358074,34.72,80.99
2024-08-24 14:00:00,2.21,64.57873687557974,37.57,78.39
2024-08-24 15:00:00,2.77,74.76389316677572,47.81,78.18
2024-08-24 16:00:00,3.32,82.99907502506532,56.1,80.99
2024-08-24 17:00:00,16.77,95.38418578610734,68.54,86.31
2024-08-24 18:00:00,71.41,114.19919067770358,87.41,117.49
2024-08-24 19:00:00,103.42,130.65422511289088,103.92,131.99
2024-08-24 20:00:00,116.62,146.67928592526454,120.0,164.5
2024-08-24 21:00:00,98.75,139.82472935843154,113.2,137.79
2024-08-24 22:00:00,90.41,131.5901891871667,105.02,121.5
2024-08-24 23:00:00,70.0,146.01529292921674,119.5,115.85
2024-08-25 00:00:00,56.44,74.702558207287,111.62,113.92
2024-08-25 01:00:00,50.0,66.92803300200373,103.9,104.92
2024-08-25 02:00:00,42.02,56.35354595631362,93.38,109.02
2024-08-25 03:00:00,8.0,47.91902075917485,85.0,98.75
2024-08-25 04:00:00,6.99,47.36436876380822,84.5,98.0
2024-08-25 05:00:00,14.0,42.249781144278536,79.44,103.42
2024-08-25 06:00:00,8.66,38.985177912830245,76.23,105.91
2024-08-25 07:00:00,3.32,25.8007318280171,63.1,82.9
2024-08-25 08:00:00,0.0,3.3564731493543607,40.71,15.0
2024-08-25 09:00:00,-0.72,-36.967522730904015,0.44,0.01
2024-08-25 10:00:00,-0.95,-37.46215575505856,0.0,0.0
2024-08-25 11:00:00,-0.66,-37.04684222527143,0.47,0.55
2024-08-25 12:00:00,-0.01,-36.621516221219856,0.95,1.11
2024-08-25 13:00:00,0.0,-36.20619507864741,1.42,81.74
2024-08-25 14:00:00,0.15,-35.780870324563075,1.9,77.0
2024-08-25 15:00:00,0.29,-35.36555270382608,2.37,77.95
2024-08-25 16:00:00,0.44,-34.94021517335059,2.85,82.15
2024-08-25 17:00:00,14.2,-34.52493584593469,3.32,104.76
2024-08-25 18:00:00,71.41,24.08941961345916,61.99,116.57
2024-08-25 19:00:00,94.02,51.54423572678523,89.5,124.9
2024-08-25 20:00:00,109.91,72.32921603676286,110.34,141.2
2024-08-25 21:00:00,102.88,73.57451963264877,111.64,125.99
2024-08-25 22:00:00,93.53,61.57005259199867,99.69,120.29
2024-08-25 23:00:00,97.14,53.52553491849424,91.7,115.23
2024-08-26 00:00:00,85.23,74.98263617453303,76.6,56.44
2024-08-26 01:00:00,75.0,73.12800652397331,74.8,50.0
2024-08-26 02:00:00,74.87,74.19331895588343,75.92,42.02
2024-08-26 03:00:00,75.18,73.86864904773167,75.65,8.0
2024-08-26 04:00:00,75.5,78.13391459380412,79.97,6.99
2024-08-26 05:00:00,105.0,83.20913167054394,85.1,14.0
2024-08-26 06:00:00,122.2,114.07395580046791,116.02,8.66
2024-08-26 07:00:00,120.01,114.91924256682827,116.92,3.32
2024-08-26 08:00:00,83.06,110.52467606198252,112.58,0.0
2024-08-26 09:00:00,64.99,80.24050722495659,82.35,-0.72
2024-08-26 10:00:00,63.37,72.11599874166276,74.28,-0.95
2024-08-26 11:00:00,64.99,67.7813986255174,70.0,-0.66
2024-08-26 12:00:00,73.94,66.7267506213716,69.0,-0.01
2024-08-26 13:00:00,74.87,65.72209797482834,68.05,1.66
2024-08-26 14:00:00,74.07,64.71744395380567,67.1,2.21
2024-08-26 15:00:00,73.81,67.56272571002033,70.0,2.77
2024-08-26 16:00:00,85.34,76.94788382206626,79.44,3.32
2024-08-26 17:00:00,110.78,100.45281234976002,103.0,16.77
2024-08-26 18:00:00,120.0,113.65790845157866,116.26,71.41
2024-08-26 19:00:00,127.04,127.06298398028424,129.72,103.42
2024-08-26 20:00:00,160.0,154.7678730001699,157.48,116.62
2024-08-26 21:00:00,130.0,128.53361580622874,131.3,98.75
2024-08-26 22:00:00,124.54,122.1790806346608,125.0,90.41
2024-08-26 23:00:00,129.21,116.93449960506824,119.81,70.0
2024-08-27 00:00:00,122.73,113.93750003414168,113.2,85.23
2024-08-27 01:00:00,119.0,115.17286625069514,119.88,75.0
2024-08-27 02:00:00,115.7,116.83068532222228,117.78,74.87
2024-08-27 03:00:00,112.39,115.23729916868606,117.08,75.18
2024-08-27 04:00:00,109.99,112.7435775367966,115.0,75.5
2024-08-27 05:00:00,114.76,118.67411024177012,120.78,105.0
2024-08-27 06:00:00,124.1,125.33118699312227,125.08,122.2
2024-08-27 07:00:00,119.58,119.47640017608384,120.78,120.01
2024-08-27 08:00:00,110.78,100.56646439490888,96.76,83.06
2024-08-27 09:00:00,94.2,87.51208487847744,71.5,64.99
2024-08-27 10:00:00,81.2,78.25257943701132,63.37,63.37
2024-08-27 11:00:00,77.5,76.45879812338684,65.16,64.99
2024-08-27 12:00:00,76.72,77.17532046467598,68.14,73.94
2024-08-27 13:00:00,75.93,74.22932195387341,65.16,0.0
2024-08-27 14:00:00,75.0,71.5017081956794,63.1,0.15
2024-08-27 15:00:00,75.31,69.2287923026772,60.0,0.29
2024-08-27 16:00:00,87.95,72.291767521973,61.99,0.44
2024-08-27 17:00:00,114.0,78.2623333376437,63.37,14.2
2024-08-27 18:00:00,123.85,98.15583929099144,95.0,71.41
2024-08-27 19:00:00,125.14,114.05034808555492,110.0,94.02
2024-08-27 20:00:00,153.2,125.63187982399316,121.5,109.91
2024-08-27 21:00:00,123.78,120.83508846046628,113.86,102.88
2024-08-27 22:00:00,119.0,113.1456184889475,106.64,93.53
2024-08-27 23:00:00,122.92,109.61138786580482,105.29,97.14
2024-08-28 00:00:00,119.33,91.37163341584476,82.8,122.73
2024-08-28 01:00:00,117.8,88.75149138463267,80.18,119.0
2024-08-28 02:00:00,118.63,73.73194413755827,65.16,115.7
2024-08-28 03:00:00,118.09,68.57180972619123,60.0,112.39
2024-08-28 04:00:00,117.54,73.73089153858669,65.16,109.99
2024-08-28 05:00:00,117.0,90.84911051467758,82.28,114.76
2024-08-28 06:00:00,124.28,113.32714523322696,104.76,124.1
2024-08-28 07:00:00,120.76,97.7276355481887,89.16,119.58
2024-08-28 08:00:00,118.85,65.83951546460372,57.27,110.78
2024-08-28 09:00:00,105.91,16.57228535461748,8.0,94.2
2024-08-28 10:00:00,83.7,13.792214975415275,5.22,81.2
2024-08-28 11:00:00,80.2,16.051345837540374,7.48,77.5
2024-08-28 12:00:00,79.94,48.568684988962346,40.0,76.72
2024-08-28 13:00:00,77.16,61.66709747401051,53.1,74.87
2024-08-28 14:00:00,75.0,69.06602599097641,60.5,74.07
2024-08-28 15:00:00,82.0,73.89507686379505,65.33,73.81
2024-08-28 16:00:00,94.38,88.95347721985135,80.39,85.34
2024-08-28 17:00:00,108.26,106.8316642957454,98.27,110.78
2024-08-28 18:00:00,123.16,120.36010703023308,111.8,120.0
2024-08-28 19:00:00,125.78,137.7581912846451,129.2,127.04
2024-08-28 20:00:00,138.58,173.56538867774432,165.01,160.0
2024-08-28 21:00:00,119.93,158.8956921138794,150.34,130.0
2024-08-28 22:00:00,111.53,139.256569780099,130.7,124.54
2024-08-28 23:00:00,124.36,128.85683240394584,120.3,129.21
2024-08-29 00:00:00,119.0,155.63763454464882,115.71,119.33
2024-08-29 01:00:00,117.13,158.7769311327547,118.85,117.8
2024-08-29 02:00:00,118.53,158.8163809702817,118.89,118.63
2024-08-29 03:00:00,118.85,158.77585182811197,118.85,118.09
2024-08-29 04:00:00,119.82,159.86525335152567,119.94,117.54
2024-08-29 05:00:00,124.5,160.94461390291465,121.02,117.0
2024-08-29 06:00:00,128.45,166.63375505894538,126.71,124.28
2024-08-29 07:00:00,128.85,160.9435662558535,121.02,120.76
2024-08-29 08:00:00,120.0,157.41336722658656,117.49,118.85
2024-08-29 09:00:00,112.84,143.6938476704742,103.77,105.91
2024-08-29 10:00:00,114.6,122.3347529567778,82.41,83.7
2024-08-29 11:00:00,107.42,121.1744109887508,81.25,80.2
2024-08-29 12:00:00,111.11,122.2038190422152,82.28,79.94
2024-08-29 13:00:00,117.13,120.9133825401594,80.99,75.93
2024-08-29 14:00:00,114.0,118.31303002825732,78.39,75.0
2024-08-29 15:00:00,111.48,118.10251504124128,78.18,75.31
2024-08-29 16:00:00,108.96,120.91179773960636,80.99,87.95
2024-08-29 17:00:00,117.89,126.230738929834,86.31,114.0
2024-08-29 18:00:00,128.18,157.40815414661577,117.49,123.85
2024-08-29 19:00:00,131.99,171.90632004180793,131.99,125.14
2024-08-29 20:00:00,138.0,204.41382844188544,164.5,153.2
2024-08-29 21:00:00,128.45,177.70488927769026,137.79,123.78
2024-08-29 22:00:00,124.73,161.41559985850648,121.5,119.0
2024-08-29 23:00:00,122.0,155.7655173152346,115.85,122.92
2024-08-30 00:00:00,120.16,142.31047464503462,113.49,119.0
2024-08-30 01:00:00,111.17,138.0301831076461,109.21,117.13
2024-08-30 02:00:00,120.16,145.50921136316865,116.69,118.53
2024-08-30 03:00:00,119.46,145.0886658992479,116.27,118.85
2024-08-30 04:00:00,116.2,144.6681692227287,115.85,119.82
2024-08-30 05:00:00,123.16,146.08750506557388,117.27,124.5
2024-08-30 06:00:00,129.0,153.7165204823318,124.9,128.45
2024-08-30 07:00:00,126.0,148.20630541671594,119.39,128.85
2024-08-30 08:00:00,125.5,145.50604177832875,116.69,120.0
2024-08-30 09:00:00,116.66,133.73640212512888,104.92,112.84
2024-08-30 10:00:00,99.54,111.17736741092872,82.36,114.6
2024-08-30 11:00:00,92.29,110.68699544029894,81.87,107.42
2024-08-30 12:00:00,92.12,111.1764271330047,82.36,111.11
2024-08-30 13:00:00,91.94,110.55596579069868,81.74,77.16
2024-08-30 14:00:00,91.81,105.81573623348427,77.0,75.0
2024-08-30 15:00:00,92.07,106.76516549008194,77.95,82.0
2024-08-30 16:00:00,105.97,110.96423681899488,82.15,94.38
2024-08-30 17:00:00,120.0,133.57219516718254,104.76,108.26
2024-08-30 18:00:00,125.5,145.38075309539337,116.57,123.16
2024-08-30 19:00:00,131.99,153.70953786700085,124.9,125.78
2024-08-30 20:00:00,140.01,170.00802812882435,141.2,138.58
2024-08-30 21:00:00,131.99,154.79839634970966,125.99,119.93
2024-08-30 22:00:00,128.78,149.09835877535588,120.29,111.53
2024-08-30 23:00:00,128.5,144.03817500909508,115.23,124.36
2024-08-31 00:00:00,124.9,123.67040903022054,113.92,120.16
2024-08-31 01:00:00,121.26,114.67042211514917,104.92,111.17
2024-08-31 02:00:00,119.51,118.76975051902556,109.02,120.16
2024-08-31 03:00:00,120.0,108.49984712455684,98.75,119.46
2024-08-31 04:00:00,124.36,107.74940183741369,98.0,116.2
2024-08-31 05:00:00,126.26,113.1685057143646,103.42,123.16
2024-08-31 06:00:00,127.38,115.65788472218804,105.91,129.0
2024-08-31 07:00:00,128.5,92.64919115780717,82.9,126.0
2024-08-31 08:00:00,124.64,24.75316710112769,15.0,125.5
2024-08-31 09:00:00,115.91,9.763975205439207,0.01,116.66
2024-08-31 10:00:00,89.63,9.753493389338445,0.0,99.54
2024-08-31 11:00:00,85.45,10.302923261166724,0.55,92.29
2024-08-31 12:00:00,88.2,10.862354856928905,1.11,92.12
2024-08-31 13:00:00,87.94,11.411786844131065,1.66,117.13
2024-08-31 14:00:00,85.23,11.961218294909528,2.21,114.0
2024-08-31 15:00:00,88.07,12.52065444150253,2.77,111.48
2024-08-31 16:00:00,100.0,13.07004169126817,3.32,108.96
2024-08-31 17:00:00,118.85,26.518357036195667,16.77,117.89
2024-08-31 18:00:00,127.42,81.15412754210483,71.41,128.18
2024-08-31 19:00:00,133.0,113.16117656195196,103.42,131.99
2024-08-31 20:00:00,154.15,126.35976343104971,116.62,138.0
2024-08-31 21:00:00,145.68,108.49033665604264,98.75,128.45
2024-08-31 22:00:00,135.01,100.1505617061908,90.41,124.73
2024-08-31 23:00:00,134.02,79.74143435883356,70.0,122.0
2024-09-01 00:00:00,129.16,143.51960186185087,56.44,124.9
2024-09-01 01:00:00,125.92,137.0795745852211,50.0,121.26
2024-09-01 02:00:00,124.3,129.0997831629111,42.02,119.51
2024-09-01 03:00:00,122.68,95.0814528266442,8.0,120.0
2024-09-01 04:00:00,121.39,94.07114278366276,6.99,124.36
2024-09-01 05:00:00,124.09,101.08018763601764,14.0,126.26
2024-09-01 06:00:00,124.9,95.73998596910891,8.66,127.38
2024-09-01 07:00:00,113.08,90.39985041471812,3.32,128.5
2024-09-01 08:00:00,100.66,87.07956424554627,0.0,124.64
2024-09-01 09:00:00,78.5,86.35910054298094,-0.72,115.91
2024-09-01 10:00:00,51.99,86.12858879550048,-0.95,89.63
2024-09-01 11:00:00,43.0,86.41804033879566,-0.66,85.45
2024-09-01 12:00:00,44.76,87.06747016791728,-0.01,88.2
2024-09-01 13:00:00,46.53,87.07693766987806,0.0,91.94
2024-09-01 14:00:00,30.1,87.22639986446633,0.15,91.81
2024-09-01 15:00:00,28.98,87.36586684124774,0.29,92.07
2024-09-01 16:00:00,81.37,87.51528200463231,0.44,105.97
2024-09-01 17:00:00,99.64,101.27355850680937,14.2,120.0
2024-09-01 18:00:00,123.6,158.47922231646908,71.41,125.5
2024-09-01 19:00:00,134.02,181.0868390514817,94.02,131.99
2024-09-01 20:00:00,141.74,196.97524730154217,109.91,140.01
2024-09-01 21:00:00,139.7,189.9451370248273,102.88,131.99
2024-09-01 22:00:00,129.1,180.5952208248736,93.53,128.78
2024-09-01 23:00:00,132.16,184.2045813610676,97.14,128.5
2024-09-02 00:00:00,128.0,129.98741188733055,85.23,129.16
2024-09-02 01:00:00,125.14,119.75760381441648,75.0,125.92
2024-09-02 02:00:00,120.0,119.62713434477487,74.87,124.3
2024-09-02 03:00:00,118.5,119.93659825309052,75.18,122.68
2024-09-02 04:00:00,122.5,120.25588374113892,75.5,121.39
2024-09-02 05:00:00,127.14,149.7533953818792,105.0,124.09
2024-09-02 06:00:00,131.95,166.95159953787984,122.2,124.9
2024-09-02 07:00:00,131.52,164.76133554244407,120.01,113.08
2024-09-02 08:00:00,122.98,127.81326351525692,83.06,100.66
2024-09-02 09:00:00,109.9,109.74410257367184,64.99,78.5
2024-09-02 10:00:00,90.98,108.12375788109397,63.37,51.99
2024-09-02 11:00:00,89.87,109.74307621814758,64.99,43.0
2024-09-02 12:00:00,90.29,118.6919695758747,73.94,44.76
2024-09-02 13:00:00,90.08,119.6213351189315,74.87,87.94
2024-09-02 14:00:00,91.9,118.82086534930488,74.07,85.23
2024-09-02 15:00:00,95.97,118.5603057317764,73.81,88.07
2024-09-02 16:00:00,104.9,130.08890692512733,85.34,100.0
2024-09-02 17:00:00,122.09,155.52665564655445,110.78,118.85
2024-09-02 18:00:00,130.0,164.74538383866212,120.0,127.42
2024-09-02 19:00:00,138.0,171.78415756879517,127.04,133.0
2024-09-02 20:00:00,134.53,204.74169281068305,160.0,154.15
2024-09-02 21:00:00,128.72,174.74289704490008,130.0,145.68
2024-09-02 22:00:00,122.74,169.28288161281014,124.54,135.01
2024-09-02 23:00:00,124.9,173.95210810124286,129.21,134.02
2024-09-03 00:00:00,122.29,139.06918085833564,122.73,128.0
2024-09-03 01:00:00,114.51,135.33894797123597,119.0,125.14
2024-09-03 02:00:00,108.0,132.0386641822655,115.7,120.0
2024-09-03 03:00:00,105.0,128.72837973409807,112.39,118.5
2024-09-03 04:00:00,106.21,126.32799899400403,109.99,122.5
2024-09-03 05:00:00,115.74,131.09712544496332,114.76,127.14
2024-09-03 06:00:00,125.0,140.43600260089272,124.1,131.95
2024-09-03 07:00:00,133.95,135.9157499883803,119.58,131.52
2024-09-03 08:00:00,115.98,127.1159004054316,110.78,122.98
2024-09-03 09:00:00,98.88,110.53654145493914,94.2,109.9
2024-09-03 10:00:00,90.02,97.53694812438091,81.2,90.98
2024-09-03 11:00:00,85.0,93.83672562675724,77.5,89.87
2024-09-03 12:00:00,83.08,93.05626641157934,76.72,90.29
2024-09-03 13:00:00,84.68,92.26579689100672,75.93,46.53
2024-09-03 14:00:00,87.2,91.33533693395272,75.0,30.1
2024-09-03 15:00:00,86.08,91.64473541067512,75.31,28.98
2024-09-03 16:00:00,90.49,104.28326038526151,87.95,81.37
2024-09-03 17:00:00,101.92,130.33095732838268,114.0,99.64
2024-09-03 18:00:00,120.94,140.17967411655368,123.85,123.6
2024-09-03 19:00:00,131.0,141.46883603410717,125.14,134.02
2024-09-03 20:00:00,130.01,169.5267115719735,153.2,141.74
2024-09-03 21:00:00,126.57,140.10790016716103,123.78,139.7
2024-09-03 22:00:00,115.19,135.32784193211592,119.0,129.1
2024-09-03 23:00:00,108.38,139.24709608327288,122.92,132.16
2024-09-04 00:00:00,99.35,125.67956386865391,119.33,122.29
2024-09-04 01:00:00,94.5,124.1491515637987,117.8,114.51
2024-09-04 02:00:00,101.31,124.97858145083067,118.63,108.0
2024-09-04 03:00:00,101.0,124.43808478931628,118.09,105.0
2024-09-04 04:00:00,98.0,123.8876039438713,117.54,106.21
2024-09-04 05:00:00,109.28,123.3470676601402,117.0,115.74
2024-09-04 06:00:00,122.3,130.62610539580118,124.28,125.0
2024-09-04 07:00:00,127.42,127.105760382836,120.76,133.95
2024-09-04 08:00:00,117.99,125.1954424351484,118.85,115.98
2024-09-04 09:00:00,89.5,112.25586901527308,105.91,98.88
2024-09-04 10:00:00,79.96,90.04683732383309,83.7,90.02
2024-09-04 11:00:00,75.5,86.54665494693121,80.2,85.0
2024-09-04 12:00:00,76.0,86.28616639587504,79.94,83.08
2024-09-04 13:00:00,70.5,83.5058313784918,77.16,90.08
2024-09-04 14:00:00,60.89,81.34542168698374,75.0,91.9
2024-09-04 15:00:00,51.99,88.34439850769179,82.0,95.97
2024-09-04 16:00:00,53.1,100.7229750013244,94.38,104.9
2024-09-04 17:00:00,76.99,114.60141579086948,108.26,122.09
2024-09-04 18:00:00,103.0,129.49986836248527,123.16,130.0
2024-09-04 19:00:00,122.81,132.11900711428652,125.78,138.0
2024-09-04 20:00:00,124.44,144.91777211449153,138.58,134.53
2024-09-04 21:00:00,117.14,126.26840182411831,119.93,128.72
2024-09-04 22:00:00,108.55,117.86844287637764,111.53,122.74
2024-09-04 23:00:00,105.0,130.69717598319443,124.36,124.9
2024-09-05 00:00:00,105.7,115.04980886894587,119.0,99.35
2024-09-05 01:00:00,99.35,113.17943165589904,117.13,94.5
2024-09-05 02:00:00,99.41,114.57882136144816,118.53,101.31
2024-09-05 03:00:00,96.0,114.89826161559868,118.85,101.0
2024-09-05 04:00:00,100.0,115.86764662269182,119.82,98.0
2024-09-05 05:00:00,118.06,120.54679603317604,124.5,109.28
2024-09-05 06:00:00,124.9,124.49598500920412,128.45,122.3
2024-09-05 07:00:00,125.0,124.895459902963,128.85,127.42
2024-09-05 08:00:00,113.42,116.04553394777214,120.0,117.99
2024-09-05 09:00:00,92.5,108.8854949597867,112.84,89.5
2024-09-05 10:00:00,84.81,110.64493880282124,114.6,79.96
2024-09-05 11:00:00,84.77,103.46483089115044,107.42,75.5
2024-09-05 12:00:00,84.72,107.15407779591688,111.11,76.0
2024-09-05 13:00:00,84.68,113.17316189792466,117.13,84.68
2024-09-05 14:00:00,81.18,110.0428113178643,114.0,87.2
2024-09-05 15:00:00,84.55,107.522484912064,111.48,86.08
2024-09-05 16:00:00,87.87,105.00208178367023,108.96,90.49
2024-09-05 17:00:00,105.7,113.93094626951016,117.89,101.92
2024-09-05 18:00:00,118.22,124.2196977945212,128.18,120.94
2024-09-05 19:00:00,129.7,128.02883298699848,131.99,131.0
2024-09-05 20:00:00,134.0,134.03796528133145,138.0,130.01
2024-09-05 21:00:00,124.9,124.4880255208987,128.45,126.57
2024-09-05 22:00:00,118.22,120.7678089197121,124.73,115.19
2024-09-05 23:00:00,111.98,118.03747381058292,122.0,108.38
2024-09-06 00:00:00,109.0,93.76175325773993,120.16,105.7
2024-09-06 01:00:00,103.35,84.77174731568176,111.17,99.35
2024-09-06 02:00:00,98.0,93.76070836314732,120.16,99.41
2024-09-06 03:00:00,97.55,93.0601891300107,119.46,96.0
2024-09-06 04:00:00,98.0,89.7998397731037,116.2,100.0
2024-09-06 05:00:00,110.0,96.75885568109152,123.16,118.06
2024-09-06 06:00:00,116.0,102.5979351033372,129.0,124.9
2024-09-06 07:00:00,115.0,99.59756473548154,126.0,125.0
2024-09-06 08:00:00,102.25,99.09713243133744,125.5,113.42
2024-09-06 09:00:00,85.23,90.25726010170456,116.66,92.5
2024-09-06 10:00:00,74.99,73.13790660913818,99.54,84.81
2024-09-06 11:00:00,63.37,65.88793333061446,92.29,84.77
2024-09-06 12:00:00,46.22,65.71745073527237,92.12,84.72
2024-09-06 13:00:00,31.2,65.53693223941328,91.94,70.5
2024-09-06 14:00:00,26.85,65.40642074562074,91.81,60.89
2024-09-06 15:00:00,19.56,65.66580305394076,92.07,51.99
2024-09-06 16:00:00,43.6,79.56431809606272,105.97,53.1
2024-09-06 17:00:00,70.2,93.59279503112953,120.0,76.99
2024-09-06 18:00:00,104.41,99.09181307289047,125.5,103.0
2024-09-06 19:00:00,114.81,105.58079928496548,131.99,122.81
2024-09-06 20:00:00,118.2,113.599776702469,140.01,124.44
2024-09-06 21:00:00,112.46,105.5797293306832,131.99,117.14
2024-09-06 22:00:00,109.14,102.3694563079235,128.78,108.55
2024-09-06 23:00:00,117.32,102.08897943949655,128.5,105.0
2024-09-07 00:00:00,116.42,78.98984649580949,124.9,109.0
2024-09-07 01:00:00,103.35,75.34958025767396,121.26,103.35
2024-09-07 02:00:00,102.24,73.59918222780102,119.51,98.0
2024-09-07 03:00:00,101.12,74.08860741643991,120.0,97.55
2024-09-07 04:00:00,99.34,78.44779092538737,124.36,98.0
2024-09-07 05:00:00,104.0,80.3471124463646,126.26,110.0
2024-09-07 06:00:00,108.83,81.46649713197858,127.38,116.0
2024-09-07 07:00:00,104.68,82.58591270102788,128.5,115.0
2024-09-07 08:00:00,77.95,78.72565798335089,124.64,102.25
2024-09-07 09:00:00,51.52,69.99585829917983,115.91,85.23
2024-09-07 10:00:00,3.32,43.71706186983614,89.63,74.99
2024-09-07 11:00:00,2.17,39.53693311891251,85.45,63.37
2024-09-07 12:00:00,1.02,42.28624107983217,88.2,46.22
2024-09-07 13:00:00,0.44,42.02572998471425,87.94,84.68
2024-09-07 14:00:00,3.32,39.315365992244224,85.23,81.18
2024-09-07 15:00:00,14.0,42.15461571925261,88.07,84.55
2024-09-07 16:00:00,50.24,54.08321101034441,100.0,87.87
2024-09-07 17:00:00,83.32,72.9313782552657,118.85,105.7
2024-09-07 18:00:00,116.51,81.50018652757056,127.42,118.22
2024-09-07 19:00:00,136.07,87.07913655979233,133.0,129.7
2024-09-07 20:00:00,148.56,108.22729237039384,154.15,134.0
2024-09-07 21:00:00,124.44,99.75723829112904,145.68,124.9
2024-09-07 22:00:00,123.86,89.0874495021286,135.01,118.22
2024-09-07 23:00:00,120.86,88.0970685483154,134.02,111.98
2024-09-08 00:00:00,117.14,41.96955986357736,129.16,116.42
2024-09-08 01:00:00,114.32,38.72927428694511,125.92,103.35
2024-09-08 02:00:00,110.0,37.108873842506085,124.3,102.24
2024-09-08 03:00:00,107.8,35.488465680585016,122.68,101.12
2024-09-08 04:00:00,106.87,34.198013416140014,121.39,99.34
2024-09-08 05:00:00,110.11,36.89731110480608,124.09,104.0
2024-09-08 06:00:00,113.3,37.70677992959352,124.9,108.83
2024-09-08 07:00:00,108.04,25.88705553174668,113.08,104.68
2024-09-08 08:00:00,78.87,13.467497373110406,100.66,77.95
2024-09-08 09:00:00,8.29,-8.69141540152918,78.5,51.52
2024-09-08 10:00:00,0.44,-35.20009367544455,51.99,3.32
2024-09-08 11:00:00,0.04,-44.18991821138301,43.0,2.17
2024-09-08 12:00:00,0.0,-42.4305387644736,44.76,1.02
2024-09-08 13:00:00,0.66,-40.66109810036131,46.53,31.2
2024-09-08 14:00:00,1.33,-57.09056110084223,30.1,26.85
2024-09-08 15:00:00,1.99,-58.21122207917071,28.98,19.56
2024-09-08 16:00:00,2.66,-5.825146410263699,81.37,43.6
2024-09-08 17:00:00,3.32,12.442725694027748,99.64,70.2
2024-09-08 18:00:00,76.16,36.40055653246349,123.6,104.41
2024-09-08 19:00:00,106.87,46.81919110841552,134.02,114.81
2024-09-08 20:00:00,117.22,54.53813494697924,141.74,118.2
2024-09-08 21:00:00,116.42,52.49776052269497,139.7,112.46
2024-09-08 22:00:00,110.11,41.897896242535126,129.1,109.14
2024-09-08 23:00:00,115.7,44.95726122057298,132.16,117.32
2024-09-09 00:00:00,110.3,83.22700148071463,128.0,117.14
2024-09-09 01:00:00,108.75,80.36671121595263,125.14,114.32
2024-09-09 02:00:00,108.66,75.22653282086507,120.0,110.0
2024-09-09 03:00:00,100.2,73.72610778554306,118.5,107.8
2024-09-09 04:00:00,108.36,77.7253096788572,122.5,106.87
2024-09-09 05:00:00,116.42,82.36443703329093,127.14,110.11
2024-09-09 06:00:00,120.0,87.1735795264881,131.95,113.3
2024-09-09 07:00:00,117.55,86.74309711182083,131.52,108.04
2024-09-09 08:00:00,115.1,78.20317897086825,122.98,78.87
2024-09-09 09:00:00,72.2,65.12363801435716,109.9,8.29
2024-09-09 10:00:00,50.24,46.20438155877677,90.98,0.44
2024-09-09 11:00:00,45.31,45.094026698868895,89.87,0.04
2024-09-09 12:00:00,40.5,45.51347043108019,90.29,0.0
2024-09-09 13:00:00,20.0,45.302945433954136,90.08,0.44
2024-09-09 14:00:00,6.12,47.12228513583374,91.9,3.32
2024-09-09 15:00:00,9.54,51.19144750062485,95.97,14.0
2024-09-09 16:00:00,40.5,60.12023633986912,104.9,50.24
2024-09-09 17:00:00,71.94,77.30853370496831,122.09,83.32
2024-09-09 18:00:00,116.5,85.21736116076839,130.0,116.51
2024-09-09 19:00:00,121.56,93.21631062374468,138.0,136.07
2024-09-09 20:00:00,132.0,89.74598853242438,134.53,148.56
2024-09-09 21:00:00,118.3,83.93588962454784,128.72,124.44
2024-09-09 22:00:00,108.66,77.95575663842924,122.74,123.86
2024-09-09 23:00:00,110.32,80.11513666316311,124.9,120.86
2024-09-10 00:00:00,103.83,72.49016699869499,122.29,110.3
2024-09-10 01:00:00,105.0,64.7101837681903,114.51,108.75
2024-09-10 02:00:00,103.92,58.20012903074177,108.0,108.66
2024-09-10 03:00:00,99.42,55.19982295698024,105.0,100.2
2024-09-10 04:00:00,100.01,56.409181831303925,106.21,108.36
2024-09-10 05:00:00,109.47,65.937997078724,115.74,116.42
2024-09-10 06:00:00,112.64,75.19676668701467,125.0,120.0
2024-09-10 07:00:00,114.59,84.14572354454003,133.95,117.55
2024-09-10 08:00:00,100.0,66.1763761830043,115.98,115.1
2024-09-10 09:00:00,62.0,49.07708794414053,98.88,72.2
2024-09-10 10:00:00,30.1,40.21723734064449,90.02,50.24
2024-09-10 11:00:00,14.74,35.19708167480674,85.0,45.31
2024-09-10 12:00:00,19.56,33.276692680615085,83.08,40.5
2024-09-10 13:00:00,6.31,34.876057287019606,84.68,0.66
2024-09-10 14:00:00,3.04,37.39536957517621,87.2,1.33
2024-09-10 15:00:00,4.59,36.27487840478472,86.08,1.99
2024-09-10 16:00:00,28.41,40.68402459702352,90.49,2.66
2024-09-10 17:00:00,53.1,52.11264299615702,101.92,3.32
2024-09-10 18:00:00,99.42,71.13079198667454,120.94,76.16
2024-09-10 19:00:00,109.0,81.18952886731097,131.0,106.87
2024-09-10 20:00:00,111.74,80.19902870637213,130.01,117.22
2024-09-10 21:00:00,105.5,76.75879330224015,126.57,116.42
2024-09-10 22:00:00,98.42,65.37903709930904,115.19,110.11
2024-09-10 23:00:00,80.89,58.569054905368624,108.38,115.7
2024-09-11 00:00:00,77.75,35.82157441009155,99.35,103.83
2024-09-11 01:00:00,71.0,30.971362105172982,94.5,105.0
2024-09-11 02:00:00,79.77,37.780428846334914,101.31,103.92
2024-09-11 03:00:00,84.84,37.46990198541745,101.0,99.42
2024-09-11 04:00:00,89.84,34.46951033869578,98.0,100.01
2024-09-11 05:00:00,97.63,45.748215830780254,109.28,109.47
2024-09-11 06:00:00,102.98,58.766764604564976,122.3,112.64
2024-09-11 07:00:00,103.7,63.885883198574895,127.42,114.59
2024-09-11 08:00:00,94.44,54.45609103011638,117.99,100.0
2024-09-11 09:00:00,70.1,25.967470324874714,89.5,62.0
2024-09-11 10:00:00,51.99,16.427735003439803,79.96,30.1
2024-09-11 11:00:00,50.24,11.96752203562126,75.5,14.74
2024-09-11 12:00:00,47.7,12.467012973042015,76.0,19.56
2024-09-11 13:00:00,45.0,6.966878331702463,70.5,20.0
2024-09-11 14:00:00,23.75,-2.642958079735908,60.89,6.12
2024-09-11 15:00:00,15.0,-11.542864275354171,51.99,9.54
2024-09-11 16:00:00,50.24,-10.433541740877311,53.1,40.5
2024-09-11 17:00:00,76.16,13.454271948113604,76.99,71.94
2024-09-11 18:00:00,99.95,39.46184828444623,103.0,116.5
2024-09-11 19:00:00,113.0,59.269919323242895,122.81,121.56
2024-09-11 20:00:00,110.04,60.89922419780182,124.44,132.0
2024-09-11 21:00:00,102.98,53.599206694572864,117.14,118.3
2024-09-11 22:00:00,102.74,45.00928574157338,108.55,108.66
2024-09-11 23:00:00,100.64,41.45902030350537,105.0,110.32
2024-09-12 00:00:00,99.83,77.39054002476438,105.7,77.75
2024-09-12 01:00:00,99.5,71.04040378885182,99.35,71.0
2024-09-12 02:00:00,95.0,71.09993298834634,99.41,79.77
2024-09-12 03:00:00,95.42,67.6896029153134,96.0,84.84
2024-09-12 04:00:00,98.42,71.68874078884892,100.0,89.84
2024-09-12 05:00:00,100.64,89.74700998152872,118.06,97.63
2024-09-12 06:00:00,113.55,96.5859400586596,124.9,102.98
2024-09-12 07:00:00,116.37,96.68543310468053,125.0,103.7
2024-09-12 08:00:00,101.46,85.10575756030151,113.42,94.44
2024-09-12 09:00:00,73.6,64.1866622133393,92.5,70.1
2024-09-12 10:00:00,52.1,56.49673692177547,84.81,51.99
2024-09-12 11:00:00,44.3,56.45624600238822,84.77,50.24
2024-09-12 12:00:00,14.0,56.40571619480454,84.72,47.7
2024-09-12 13:00:00,3.6,56.36521493443895,84.68,6.31
2024-09-12 14:00:00,3.32,52.8648888662431,81.18,3.04
2024-09-12 15:00:00,3.46,56.23416094362821,84.55,4.59
2024-09-12 16:00:00,3.6,59.55330268982911,87.87,28.41
2024-09-12 17:00:00,51.55,77.38156732898912,105.7,53.1
2024-09-12 18:00:00,80.0,89.90008151297474,118.22,99.42
2024-09-12 19:00:00,101.46,101.37873649544514,129.7,109.0
2024-09-12 20:00:00,100.5,105.677927062527,134.0,111.74
2024-09-12 21:00:00,93.53,96.57798958549388,124.9,105.5
2024-09-12 22:00:00,87.35,89.8979749845939,118.22,98.42
2024-09-12 23:00:00,78.89,83.65788895019062,111.98,80.89
2024-09-13 00:00:00,75.05,38.27033085407324,109.0,99.83
2024-09-13 01:00:00,74.76,32.62020515402507,103.35,99.5
2024-09-13 02:00:00,71.14,27.27004905207356,98.0,95.0
2024-09-13 03:00:00,67.52,26.819583087558165,97.55,95.42
2024-09-13 04:00:00,62.2,27.268959011120504,98.0,98.42
2024-09-13 05:00:00,76.5,39.2676376635138,110.0,100.64
2024-09-13 06:00:00,89.74,45.26665993147537,116.0,113.55
2024-09-13 07:00:00,85.23,44.26623324679727,115.0,116.37
2024-09-13 08:00:00,61.0,31.5166135083356,102.25,101.46
2024-09-13 09:00:00,3.32,14.497287861575678,85.23,73.6
2024-09-13 10:00:00,0.0,4.257558498488669,74.99,52.1
2024-09-13 11:00:00,0.29,-7.362092843463898,63.37,44.3
2024-09-13 12:00:00,0.57,-24.51138874585018,46.22,14.0
2024-09-13 13:00:00,0.86,-39.53085485972876,31.2,45.0
2024-09-13 14:00:00,1.14,-43.88097138318825,26.85,23.75
2024-09-13 15:00:00,1.43,-51.17115141164757,19.56,15.0
2024-09-13 16:00:00,1.71,-27.133288581057627,43.6,50.24
2024-09-13 17:00:00,2.0,-0.5358372473582501,70.2,76.16
2024-09-13 18:00:00,62.07,33.67127852761529,104.41,99.95
2024-09-13 19:00:00,89.98,44.06988331183135,114.81,113.0
2024-09-13 20:00:00,85.29,47.45913211431873,118.2,110.04
2024-09-13 21:00:00,80.01,41.71897532478558,112.46,102.98
2024-09-13 22:00:00,62.2,38.39864432359722,109.14,102.74
2024-09-13 23:00:00,55.2,46.57761504683905,117.32,100.64
2024-09-14 00:00:00,54.0,70.75792614655806,116.42,75.05
2024-09-14 01:00:00,49.86,57.68823845199654,103.35,74.76
2024-09-14 02:00:00,45.98,56.5778632448922,102.24,71.14
2024-09-14 03:00:00,49.08,55.45741804813884,101.12,67.52
2024-09-14 04:00:00,48.88,53.67698487285047,99.34,62.2
2024-09-14 05:00:00,55.07,58.336144109819216,104.0,76.5
2024-09-14 06:00:00,65.0,63.16529289370689,108.83,89.74
2024-09-14 07:00:00,68.86,59.0151472662399,104.68,85.23
2024-09-14 08:00:00,56.18,32.28645773195128,77.95,61.0
2024-09-14 09:00:00,10.0,5.858038963872579,51.52,3.32
2024-09-14 10:00:00,0.44,-42.339306302986046,3.32,0.0
2024-09-14 11:00:00,0.62,-43.48948166902333,2.17,0.29
2024-09-14 12:00:00,0.79,-44.63995412726639,1.02,0.57
2024-09-14 13:00:00,0.44,-45.22044843970387,0.44,3.6
2024-09-14 14:00:00,4.04,-42.34119748824084,3.32,3.32
2024-09-14 15:00:00,7.65,-31.66261262064604,14.0,3.46
2024-09-14 16:00:00,11.25,4.574338391746385,50.24,3.6
2024-09-14 17:00:00,55.2,37.65133102846415,83.32,51.55
2024-09-14 18:00:00,89.55,70.83843114104843,116.51,80.0
2024-09-14 19:00:00,101.72,90.39640233100616,136.07,101.46
2024-09-14 20:00:00,106.85,102.88513483986932,148.56,100.5
2024-09-14 21:00:00,87.99,78.76606347049166,124.44,93.53
2024-09-14 22:00:00,80.98,78.1857394618154,123.86,87.35
2024-09-14 23:00:00,61.7,75.1854090039841,120.86,78.89
2024-09-15 00:00:00,60.5,116.89508519687392,117.14,54.0
2024-09-15 01:00:00,55.3,114.07478004412498,114.32,49.86
2024-09-15 02:00:00,54.05,109.75455169592531,110.0,45.98
2024-09-15 03:00:00,54.1,107.55419445459574,107.8,49.08
2024-09-15 04:00:00,54.16,106.62371901372688,106.87,48.88
2024-09-15 05:00:00,54.05,109.862971088364,110.11,55.07
2024-09-15 06:00:00,43.26,113.05224058298784,113.3,65.0
2024-09-15 07:00:00,32.48,107.79215737076464,108.04,68.86
2024-09-15 08:00:00,6.0,78.62391698148352,78.87,56.18
2024-09-15 09:00:00,0.0,8.048050809268451,8.29,10.0
2024-09-15 10:00:00,-0.01,0.1984239573013706,0.44,0.44
2024-09-15 11:00:00,-0.25,-0.202073780294464,0.04,0.62
2024-09-15 12:00:00,-0.01,-0.2426002547035361,0.0,0.79
2024-09-15 13:00:00,-0.36,0.4168271229037505,0.66,0.86
2024-09-15 14:00:00,-0.24,1.0862505128630575,1.33,1.14
2024-09-15 15:00:00,-0.13,1.7456696289041276,1.99,1.43
2024-09-15 16:00:00,-0.01,2.415136974162197,2.66,1.71
2024-09-15 17:00:00,0.44,3.074147495104152,3.32,2.0
2024-09-15 18:00:00,49.85,75.9088535483428,76.16,62.07
2024-09-15 19:00:00,65.08,106.61589534858216,106.87,89.98
2024-09-15 20:00:00,64.39,116.96457936706592,117.22,85.29
2024-09-15 21:00:00,60.74,116.1640967107048,116.42,80.01
2024-09-15 22:00:00,54.91,109.85393961052984,110.11,62.2
2024-09-15 23:00:00,30.0,115.44312821764684,115.7,55.2
2024-09-16 00:00:00,13.03,110.27551829750014,110.3,60.5
2024-09-16 01:00:00,15.0,108.72511939673396,108.75,55.3
2024-09-16 02:00:00,11.85,108.63465834777332,108.66,54.05
2024-09-16 03:00:00,6.0,100.1746195788173,100.2,54.1
2024-09-16 04:00:00,10.15,108.33358328764646,108.36,54.16
2024-09-16 05:00:00,41.1,116.39247110631077,116.42,54.05
2024-09-16 06:00:00,60.0,119.97169172025258,120.0,43.26
2024-09-16 07:00:00,52.55,117.521290406118,117.55,32.48
2024-09-16 08:00:00,45.1,115.071176652396,115.1,6.0
2024-09-16 09:00:00,3.32,72.17349145187147,72.2,0.0
2024-09-16 10:00:00,0.0,50.21462958588699,50.24,-0.01
2024-09-16 11:00:00,0.01,45.28453334998807,45.31,-0.25
2024-09-16 12:00:00,0.02,40.47444090622996,40.5,-0.01
2024-09-16 13:00:00,0.03,19.975314249040345,20.0,0.44
2024-09-16 14:00:00,0.04,6.095777944384749,6.12,4.04
2024-09-16 15:00:00,0.05,9.51493731013512,9.54,7.65
2024-09-16 16:00:00,0.06,40.47227284303823,40.5,11.25
2024-09-16 17:00:00,29.68,71.90931963435699,71.94,55.2
2024-09-16 18:00:00,60.98,116.46579540716048,116.5,89.55
2024-09-16 19:00:00,88.4,121.52463030086834,121.56,101.72
2024-09-16 20:00:00,81.82,131.9635174937835,132.0,106.85
2024-09-16 21:00:00,55.92,118.2638497247166,118.3,87.99
2024-09-16 22:00:00,40.06,108.62400364570712,108.66,80.98
2024-09-16 23:00:00,26.3,110.28345955933676,110.32,61.7
2024-09-17 00:00:00,12.18,63.33836941842621,103.83,13.03
2024-09-17 01:00:00,6.99,64.5078123922278,105.0,15.0
2024-09-17 02:00:00,9.24,63.42736833354808,103.92,11.85
2024-09-17 03:00:00,5.15,58.92713420771302,99.42,6.0
2024-09-17 04:00:00,5.0,59.51654096571017,100.01,10.15
2024-09-17 05:00:00,33.88,68.97539467398147,109.47,41.1
2024-09-17 06:00:00,49.71,72.14459315113709,112.64,60.0
2024-09-17 07:00:00,53.34,74.09399506163095,114.59,52.55
2024-09-17 08:00:00,33.99,59.50458399654482,100.0,45.1
2024-09-17 09:00:00,0.44,21.50671798393049,62.0,3.32
2024-09-17 10:00:00,0.0,-10.391487318070189,30.1,0.0
2024-09-17 11:00:00,0.5,-25.750917169137296,14.74,0.01
2024-09-17 12:00:00,1.0,-20.931596789288985,19.56,0.02
2024-09-17 13:00:00,1.5,-34.181307668298345,6.31,-0.36
2024-09-17 14:00:00,2.0,-37.45154145302059,3.04,-0.24
2024-09-17 15:00:00,2.5,-35.902285599709,4.59,-0.13
2024-09-17 16:00:00,3.0,-12.084441870711007,28.41,-0.01
2024-09-17 17:00:00,32.26,12.603063660107336,53.1,0.44
2024-09-17 18:00:00,50.76,58.919432225908565,99.42,49.85
2024-09-17 19:00:00,93.52,68.4980186873281,109.0,65.08
2024-09-17 20:00:00,85.23,71.23732348729897,111.74,64.39
2024-09-17 21:00:00,60.74,64.99720698773993,105.5,60.74
2024-09-17 22:00:00,55.0,57.917267450107616,98.42,54.91
2024-09-17 23:00:00,70.59,40.387895825216106,80.89,30.0
2024-09-18 00:00:00,81.0,59.179117779358194,77.75,12.18
2024-09-18 01:00:00,81.22,52.42897384410707,71.0,6.99
2024-09-18 02:00:00,81.83,61.1979061786345,79.77,9.24
2024-09-18 03:00:00,82.44,66.26697758717317,84.84,5.15
2024-09-18 04:00:00,88.01,71.26606780478765,89.84,5.0
2024-09-18 05:00:00,99.22,79.0549915436273,97.63,33.88
2024-09-18 06:00:00,113.22,84.40407492258095,102.98,49.71
2024-09-18 07:00:00,123.0,85.12351592004654,103.7,53.34
2024-09-18 08:00:00,108.65,75.86370426517891,94.44,33.99
2024-09-18 09:00:00,85.74,51.52487218685637,70.1,0.44
2024-09-18 10:00:00,65.82,33.41563351753632,51.99,0.0
2024-09-18 11:00:00,60.0,31.66532455467729,50.24,0.5
2024-09-18 12:00:00,58.8,29.12496098335488,47.7,1.0
2024-09-18 13:00:00,57.61,26.42473801543766,45.0,0.03
2024-09-18 14:00:00,56.47,5.175636221440011,23.75,0.04
2024-09-18 15:00:00,61.0,-3.5744105454813013,15.0,0.05
2024-09-18 16:00:00,85.5,31.66274156394644,50.24,0.06
2024-09-18 17:00:00,88.0,57.58023344989214,76.16,29.68
2024-09-18 18:00:00,120.01,81.3679966427855,99.95,60.98
2024-09-18 19:00:00,143.02,94.41653259866092,113.0,88.4
2024-09-18 20:00:00,148.26,91.45616936094324,110.04,81.82
2024-09-18 21:00:00,112.24,84.39611115527312,102.98,55.92
2024-09-18 22:00:00,109.85,84.15565050118326,102.74,40.06
2024-09-18 23:00:00,100.67,82.05525744959509,100.64,26.3
2024-09-19 00:00:00,97.89,110.9192310456516,99.83,81.0
2024-09-19 01:00:00,98.02,110.58875487156956,99.5,81.22
2024-09-19 02:00:00,98.42,106.088511710041,95.0,81.83
2024-09-19 03:00:00,100.67,106.50796722200803,95.42,82.44
2024-09-19 04:00:00,93.0,109.50724024159798,98.42,88.01
2024-09-19 05:00:00,106.42,111.7264810758315,100.64,99.22
2024-09-19 06:00:00,118.23,124.63510480468246,113.55,113.22
2024-09-19 07:00:00,120.85,127.45439668499698,116.37,123.0
2024-09-19 08:00:00,114.7,112.54495248252026,101.46,108.65
2024-09-19 09:00:00,97.94,84.68639484249572,73.6,85.74
2024-09-19 10:00:00,97.89,63.18740612009879,52.1,65.82
2024-09-19 11:00:00,97.33,55.38765631122287,44.3,60.0
2024-09-19 12:00:00,95.5,25.089133248111285,14.0,58.8
2024-09-19 13:00:00,95.0,14.689440244088198,3.6,1.5
2024-09-19 14:00:00,88.0,14.408969917201263,3.32,2.0
2024-09-19 15:00:00,95.4,14.548458720988595,3.46,2.5
2024-09-19 16:00:00,95.5,14.687651791037602,3.6,3.0
2024-09-19 17:00:00,102.0,62.633948269327895,51.55,32.26
2024-09-19 18:00:00,119.44,91.08121435740578,80.0,50.76
2024-09-19 19:00:00,146.5,112.53919790273284,101.46,93.52
2024-09-19 20:00:00,155.01,111.57865573284592,100.5,85.23
2024-09-19 21:00:00,120.69,104.60861681624186,93.53,60.74
2024-09-19 22:00:00,112.46,98.42856643309342,87.35,55.0
2024-09-19 23:00:00,115.31,89.96862738190403,78.89,70.59
2024-09-20 00:00:00,108.9,156.53889454189655,75.05,97.89
2024-09-20 01:00:00,104.61,156.2484231336555,74.76,98.02
2024-09-20 02:00:00,105.62,152.62814083346902,71.14,98.42
2024-09-20 03:00:00,106.62,149.00790303177402,67.52,100.67
2024-09-20 04:00:00,107.9,143.6876529682434,62.2,93.0
2024-09-20 05:00:00,111.6,157.9861741644974,76.5,106.42
2024-09-20 06:00:00,124.9,171.22473988365223,89.74,118.23
2024-09-20 07:00:00,119.91,166.71453504536672,85.23,120.85
2024-09-20 08:00:00,114.92,142.48591045655778,61.0,114.7
2024-09-20 09:00:00,115.98,84.80917576713132,3.32,97.94
2024-09-20 10:00:00,106.62,81.48918580428754,0.0,97.89
2024-09-20 11:00:00,87.0,81.77862329120215,0.29,97.33
2024-09-20 12:00:00,81.34,82.05807657706495,0.57,95.5
2024-09-20 13:00:00,77.84,82.34752768720091,0.86,57.61
2024-09-20 14:00:00,72.85,82.62697992299589,1.14,56.47
2024-09-20 15:00:00,77.1,82.91642736838621,1.43,61.0
2024-09-20 16:00:00,85.5,83.19591540941359,1.71,85.5
2024-09-20 17:00:00,106.62,83.48502695526044,2.0,88.0
2024-09-20 18:00:00,113.0,143.55054635494645,62.07,120.01
2024-09-20 19:00:00,145.73,171.4579284301548,89.98,143.02
2024-09-20 20:00:00,146.97,166.76758831501195,85.29,148.26
2024-09-20 21:00:00,125.0,161.4875372344422,80.01,112.24
2024-09-20 22:00:00,118.72,143.67819959356942,62.2,109.85
2024-09-20 23:00:00,104.64,136.67822136321135,55.2,100.67
2024-09-21 00:00:00,100.28,134.75965954508112,54.0,108.9
2024-09-21 01:00:00,98.02,130.61942190758597,49.86,104.61
2024-09-21 02:00:00,102.55,126.73914409415666,45.98,105.62
2024-09-21 03:00:00,100.07,129.83844662788383,49.08,106.62
2024-09-21 04:00:00,100.28,129.63788004208172,48.88,107.9
2024-09-21 05:00:00,94.9,135.8269099160149,55.07,111.6
2024-09-21 06:00:00,95.9,145.75569182220084,65.0,124.9
2024-09-21 07:00:00,100.07,149.61491301700602,68.86,119.91
2024-09-21 08:00:00,100.87,136.9354368892689,56.18,114.92
2024-09-21 09:00:00,95.01,90.757951850324,10.0,115.98
2024-09-21 10:00:00,74.29,81.19829337986243,0.44,106.62
2024-09-21 11:00:00,64.7,81.37778178641611,0.62,87.0
2024-09-21 12:00:00,50.24,81.54724367872416,0.79,81.34
2024-09-21 13:00:00,30.0,81.1967185350107,0.44,95.0
2024-09-21 14:00:00,3.32,84.79594457546342,4.04,88.0
2024-09-21 15:00:00,20.22,88.40517236270631,7.65,95.4
2024-09-21 16:00:00,49.77,92.00415722676252,11.25,95.5
2024-09-21 17:00:00,75.0,135.950645111388,55.2,102.0
2024-09-21 18:00:00,108.67,170.29762594778396,89.55,119.44
2024-09-21 19:00:00,117.31,182.46611226552227,101.72,146.5
2024-09-21 20:00:00,133.02,187.5953176820382,106.85,155.01
2024-09-21 21:00:00,115.14,168.7359823861228,87.99,120.69
2024-09-21 22:00:00,115.0,161.72612671933803,80.98,112.46
2024-09-21 23:00:00,99.98,142.4468466988615,61.7,115.31
2024-09-22 00:00:00,95.58,109.93902676039988,60.5,100.28
2024-09-22 01:00:00,95.55,104.73882945303856,55.3,98.02
2024-09-22 02:00:00,95.84,103.48841202815642,54.05,102.55
2024-09-22 03:00:00,93.9,103.53788581679127,54.1,100.07
2024-09-22 04:00:00,97.9,103.59734820583614,54.16,100.28
2024-09-22 05:00:00,102.55,103.48688686685342,54.05,94.9
2024-09-22 06:00:00,102.98,92.69708745996448,43.26,95.9
2024-09-22 07:00:00,96.31,81.91745779730435,32.48,100.07
2024-09-22 08:00:00,90.63,55.43869102855203,6.0,100.87
2024-09-22 09:00:00,50.24,49.43869352131963,0.0,95.01
2024-09-22 10:00:00,11.87,49.42818800440289,-0.01,74.29
2024-09-22 11:00:00,11.68,49.18767199449015,-0.25,64.7
2024-09-22 12:00:00,0.1,49.4271332885993,-0.01,50.24
2024-09-22 13:00:00,0.01,49.07662560571628,-0.36,77.84
2024-09-22 14:00:00,2.0,49.1960926347239,-0.24,72.85
2024-09-22 15:00:00,15.22,49.30555365151999,-0.13,77.1
2024-09-22 16:00:00,28.45,49.42504591735681,-0.01,85.5
2024-09-22 17:00:00,70.0,49.87420365199861,0.44,106.62
2024-09-22 18:00:00,102.69,99.28047153445884,49.85,113.0
2024-09-22 19:00:00,110.22,114.50869197869102,65.08,145.73
2024-09-22 20:00:00,114.53,113.81816806937664,64.39,146.97
2024-09-22 21:00:00,102.74,110.16790109189412,60.74,125.0
2024-09-22 22:00:00,99.98,104.33789948471517,54.91,118.72
2024-09-22 23:00:00,102.55,79.42907596995931,30.0,104.64
2024-09-23 00:00:00,95.58,13.132398806957625,13.03,95.58
2024-09-23 01:00:00,90.0,15.101848406476254,15.0,95.55
2024-09-23 02:00:00,93.17,11.9515340325694,11.85,95.84
2024-09-23 03:00:00,93.88,6.101389580657856,6.0,93.9
2024-09-23 04:00:00,95.58,10.250461021516788,10.15,97.9
2024-09-23 05:00:00,96.4,41.19783912128069,41.1,102.55
2024-09-23 06:00:00,115.26,60.09598229623158,60.0,102.98
2024-09-23 07:00:00,120.01,52.64584840967792,52.55,96.31
2024-09-23 08:00:00,101.7,45.19609241964931,45.1,90.63
2024-09-23 09:00:00,85.0,3.418254002873144,3.32,50.24
2024-09-23 10:00:00,66.54,0.0981813716629204,0.0,11.87
2024-09-23 11:00:00,51.1,0.1076469208120899,0.01,11.68
2024-09-23 12:00:00,50.24,0.1171194178422919,0.02,0.1
2024-09-23 13:00:00,39.9,0.1265913850048184,0.03,30.0
2024-09-23 14:00:00,20.5,0.1360614293658468,0.04,3.32
2024-09-23 15:00:00,40.65,0.1455502387708139,0.05,20.22
2024-09-23 16:00:00,60.81,0.1548630098699341,0.06,49.77
2024-09-23 17:00:00,95.58,29.77230123780678,29.68,75.0
2024-09-23 18:00:00,116.05,61.06945945830476,60.98,108.67
2024-09-23 19:00:00,155.01,88.4870612103521,88.4,117.31
2024-09-23 20:00:00,157.66,81.90694763670564,81.82,133.02
2024-09-23 21:00:00,112.55,56.00819279949276,55.92,115.14
2024-09-23 22:00:00,105.08,40.14888666804546,40.06,115.0
2024-09-23 23:00:00,95.52,26.389385518423868,26.3,99.98
2024-09-24 00:00:00,95.0,62.39273565479043,12.18,95.58
2024-09-24 01:00:00,94.5,57.20259572071253,6.99,90.0
2024-09-24 02:00:00,93.84,59.45197204926013,9.24,93.17
2024-09-24 03:00:00,98.47,55.36170451400355,5.15,93.88
2024-09-24 04:00:00,103.11,55.211049667059285,5.0,95.58
2024-09-24 05:00:00,107.74,84.08861081979505,33.88,96.4
2024-09-24 06:00:00,120.1,99.9168824223923,49.71,115.26
2024-09-24 07:00:00,127.67,103.54614455977575,53.34,120.01
2024-09-24 08:00:00,117.9,84.19702220224521,33.99,101.7
2024-09-24 09:00:00,94.08,50.648727153938815,0.44,85.0
2024-09-24 10:00:00,79.49,50.20841295131587,0.0,66.54
2024-09-24 11:00:00,64.96,50.70783391547172,0.5,51.1
2024-09-24 12:00:00,59.77,51.20727116447771,1.0,50.24
2024-09-24 13:00:00,57.31,51.70670689375128,1.5,0.01
2024-09-24 14:00:00,59.55,52.206140750785046,2.0,2.0
2024-09-24 15:00:00,60.2,52.70559388321801,2.5,15.22
2024-09-24 16:00:00,82.44,53.20486608675285,3.0,28.45
2024-09-24 17:00:00,83.65,82.46241081548365,32.26,70.0
2024-09-24 18:00:00,124.76,100.9602844259442,50.76,102.69
2024-09-24 19:00:00,140.0,143.71700735716954,93.52,110.22
2024-09-24 20:00:00,138.44,135.4268977278444,85.23,114.53
2024-09-24 21:00:00,112.55,110.93803155880026,60.74,102.74
2024-09-24 22:00:00,102.34,105.19791730965687,55.0,99.98
2024-09-24 23:00:00,92.4,120.78636577888912,70.59,102.55
2024-09-25 00:00:00,75.49,139.75772703718465,81.0,95.0
2024-09-25 01:00:00,73.08,139.97713009279815,81.22,94.5
2024-09-25 02:00:00,72.72,140.58656774766263,81.83,93.84
2024-09-25 03:00:00,60.8,141.1959707821608,82.44,98.47
2024-09-25 04:00:00,60.7,146.76503059241904,88.01,103.11
2024-09-25 05:00:00,72.47,157.97368774656093,99.22,107.74
2024-09-25 06:00:00,84.24,171.9721491261386,113.22,120.1
2024-09-25 07:00:00,88.09,181.7510015498793,123.0,127.67
2024-09-25 08:00:00,70.76,167.40145201845382,108.65,117.9
2024-09-25 09:00:00,61.5,144.4925737147415,85.74,94.08
2024-09-25 10:00:00,52.1,124.57346187663364,65.82,79.49
2024-09-25 11:00:00,40.0,118.75341297988189,60.0,64.96
2024-09-25 12:00:00,34.27,117.55299093258397,58.8,59.77
2024-09-25 13:00:00,36.23,116.36255114134752,57.61,39.9
2024-09-25 14:00:00,15.0,115.2220906936188,56.47,20.5
2024-09-25 15:00:00,14.0,119.75113719591714,61.0,40.65
2024-09-25 16:00:00,34.23,144.2490435249352,85.5,60.81
2024-09-25 17:00:00,41.91,146.74803766183055,88.0,95.58
2024-09-25 18:00:00,60.8,178.7553634474759,120.01,116.05
2024-09-25 19:00:00,74.0,201.7631415984624,143.02,155.01
2024-09-25 20:00:00,73.08,207.0023816222562,148.26,157.66
2024-09-25 21:00:00,57.3,170.98411173313164,112.24,112.55
2024-09-25 22:00:00,40.0,168.5940054262721,109.85,105.08
2024-09-25 23:00:00,20.3,159.4140637766907,100.67,95.52
2024-09-26 00:00:00,6.99,78.30502685904463,97.89,75.49
2024-09-26 01:00:00,10.29,79.40220711802237,98.02,73.08
2024-09-26 02:00:00,4.92,76.40098673253426,98.42,72.72
2024-09-26 03:00:00,3.32,78.49009571020653,100.67,60.8
2024-09-26 04:00:00,7.33,75.87515430650056,93.0,60.7
2024-09-26 05:00:00,33.83,80.45901795425357,106.42,72.47
2024-09-26 06:00:00,58.27,94.0205941347205,118.23,84.24
2024-09-26 07:00:00,65.0,97.26013714073228,120.85,88.09
2024-09-26 08:00:00,53.52,86.04481617350504,114.7,70.76
2024-09-26 09:00:00,3.6,62.31956660575773,97.94,61.5
2024-09-26 10:00:00,0.46,48.76154610388572,97.89,52.1
2024-09-26 11:00:00,0.0,42.98420797359088,97.33,40.0
2024-09-26 12:00:00,0.48,20.79829246605985,95.5,34.27
2024-09-26 13:00:00,0.96,13.228748387506426,95.0,57.31
2024-09-26 14:00:00,1.44,10.186731195941483,88.0,59.55
2024-09-26 15:00:00,1.92,13.286242581496747,95.4,60.2
2024-09-26 16:00:00,2.4,12.719214567917918,95.5,82.44
2024-09-26 17:00:00,11.99,45.918381002862446,102.0,83.65
2024-09-26 18:00:00,55.23,72.04588469338371,119.44,124.76
2024-09-26 19:00:00,65.5,98.33193393358803,146.5,140.0
2024-09-26 20:00:00,72.5,101.02919305461998,155.01,138.44
2024-09-26 21:00:00,54.9,80.68364522180674,120.69,112.55
2024-09-26 22:00:00,49.9,73.5372729538641,112.46,102.34
2024-09-26 23:00:00,7.0,70.28334193079249,115.31,92.4
2024-09-27 00:00:00,3.32,13.540648993012104,108.9,6.99
2024-09-27 01:00:00,3.68,9.223209888487611,104.61,10.29
2024-09-27 02:00:00,4.05,10.205046896462711,105.62,4.92
2024-09-27 03:00:00,4.41,11.17684262421202,106.62,3.32
2024-09-27 04:00:00,4.78,12.42864309186874,107.9,7.33
2024-09-27 05:00:00,5.14,16.099987852004766,111.6,33.83
2024-09-27 06:00:00,45.0,29.37021859910168,124.9,58.27
2024-09-27 07:00:00,52.1,24.35276592180312,119.91,65.0
2024-09-27 08:00:00,10.08,19.335429797424126,114.92,53.52
2024-09-27 09:00:00,0.44,20.36728410462602,115.98,3.6
2024-09-27 10:00:00,0.0,10.98058714812187,106.62,0.46
2024-09-27 11:00:00,-0.01,-8.664789312855335,87.0,0.0
2024-09-27 12:00:00,-0.15,-14.35195729851636,81.34,0.48
2024-09-27 13:00:00,-0.04,-17.879495310803723,77.84,36.23
2024-09-27 14:00:00,-0.01,-22.896900133439733,72.85,15.0
2024-09-27 15:00:00,0.0,-18.675462883717177,77.1,14.0
2024-09-27 16:00:00,0.44,-10.304836167268586,85.5,34.23
2024-09-27 17:00:00,34.21,10.78437124330862,106.62,41.91
2024-09-27 18:00:00,69.85,17.135092115782356,113.0,60.8
2024-09-27 19:00:00,98.07,49.83273919920328,145.73,74.0
2024-09-27 20:00:00,109.83,51.044436144839295,146.97,73.08
2024-09-27 21:00:00,87.0,29.04934007983201,125.0,57.3
2024-09-27 22:00:00,79.0,22.74237116538636,118.72,40.0
2024-09-27 23:00:00,86.04,8.636168342001852,104.64,20.3
2024-09-28 00:00:00,75.1,18.449992445418648,100.28,3.32
2024-09-28 01:00:00,54.0,16.162183347501266,98.02,3.68
2024-09-28 02:00:00,49.0,20.663602624715715,102.55,4.05
2024-09-28 03:00:00,45.0,18.15581381989906,100.07,4.41
2024-09-28 04:00:00,43.77,18.337824709538136,100.28,4.78
2024-09-28 05:00:00,45.0,12.93046428585008,94.9,5.14
2024-09-28 06:00:00,54.18,13.902307782430926,95.9,45.0
2024-09-28 07:00:00,50.0,18.043692438286417,100.07,52.1
2024-09-28 08:00:00,24.17,18.815509838158714,100.87,10.08
2024-09-28 09:00:00,3.6,12.928384866825224,95.01,0.44
2024-09-28 10:00:00,0.0,-7.816883204583514,74.29,0.0
2024-09-28 11:00:00,0.07,-17.4334351812505,64.7,-0.01
2024-09-28 12:00:00,0.15,-31.91950742605464,50.24,-0.15
2024-09-28 13:00:00,0.22,-52.18456739554042,30.0,0.96
2024-09-28 14:00:00,0.29,-78.88909551959179,3.32,1.44
2024-09-28 15:00:00,0.37,-62.01935928981421,20.22,1.92
2024-09-28 16:00:00,0.44,-32.50154587340671,49.77,2.4
2024-09-28 17:00:00,50.24,-7.303314442957329,75.0,11.99
2024-09-28 18:00:00,111.23,26.33413355727431,108.67,55.23
2024-09-28 19:00:00,114.29,34.944544386484694,117.31,65.5
2024-09-28 20:00:00,120.11,50.62464685774825,133.02,72.5
2024-09-28 21:00:00,106.0,32.71873603543525,115.14,54.9
2024-09-28 22:00:00,91.25,32.55102758058535,115.0,49.9
2024-09-28 23:00:00,84.99,17.504887481240136,99.98,7.0
2024-09-29 00:00:00,79.49,45.146499654826016,95.58,75.1
2024-09-29 01:00:00,74.9,45.08842655468586,95.55,54.0
2024-09-29 02:00:00,58.36,45.35037745577788,95.84,49.0
2024-09-29 03:00:00,49.2,43.382555055340106,93.9,45.0
2024-09-29 04:00:00,52.1,47.35398269087997,97.9,43.77
2024-09-29 05:00:00,55.0,51.97526615673036,102.55,45.0
2024-09-29 06:00:00,60.66,52.37721037933643,102.98,54.18
2024-09-29 07:00:00,57.94,45.68000166399824,96.31,50.0
2024-09-29 08:00:00,19.9,39.97296379957983,90.63,24.17
2024-09-29 09:00:00,0.0,-0.4394869120968135,50.24,3.6
2024-09-29 10:00:00,-0.12,-38.83226971713307,11.87,0.0
2024-09-29 11:00:00,-0.39,-39.04998602652751,11.68,0.07
2024-09-29 12:00:00,-0.5,-50.656613678097465,0.1,0.15
2024-09-29 13:00:00,-0.45,-50.77449821050511,0.01,-0.04
2024-09-29 14:00:00,-0.79,-48.81295243236339,2.0,-0.01
2024-09-29 15:00:00,-0.4,-35.62272492269536,15.22,0.0
2024-09-29 16:00:00,-0.01,-22.4228492835676,28.45,0.44
2024-09-29 17:00:00,8.6,19.093395382193403,70.0,34.21
2024-09-29 18:00:00,72.34,51.75075531653826,102.69,69.85
2024-09-29 19:00:00,95.0,59.25151111727806,110.22,98.07
2024-09-29 20:00:00,101.89,63.53298951020811,114.53,109.83
2024-09-29 21:00:00,95.98,51.71647272649138,102.74,87.0
2024-09-29 22:00:00,84.99,48.92886246153377,99.98,79.0
2024-09-29 23:00:00,80.35,51.47050426568245,102.55,86.04
2024-09-30 00:00:00,83.0,94.62992877707008,95.58,79.49
2024-09-30 01:00:00,94.4,89.02264213506837,90.0,74.9
2024-09-30 02:00:00,88.0,92.164215676046,93.17,58.36
2024-09-30 03:00:00,85.0,92.8460137451138,93.88,49.2
2024-09-30 04:00:00,95.98,94.5177974266098,95.58,52.1
2024-09-30 05:00:00,106.0,95.30950044473728,96.4,55.0
2024-09-30 06:00:00,141.94,114.13893055710572,115.26,60.66
2024-09-30 07:00:00,160.1,118.8602290255822,120.01,57.94
2024-09-30 08:00:00,106.0,100.5246743233243,101.7,19.9
2024-09-30 09:00:00,69.14,83.79904795467573,85.0,0.0
2024-09-30 10:00:00,47.77,65.31360815056493,66.54,-0.12
2024-09-30 11:00:00,29.21,49.84769096286392,51.1,-0.39
2024-09-30 12:00:00,25.2,48.959848968138,50.24,-0.5
2024-09-30 13:00:00,10.0,38.59333688138674,39.9,0.22
2024-09-30 14:00:00,2.4,19.16775461394704,20.5,0.29
2024-09-30 15:00:00,18.2,39.28716014991592,40.65,0.37
2024-09-30 16:00:00,49.54,59.41601890298213,60.81,0.44
2024-09-30 17:00:00,95.74,94.1533124502949,95.58,50.24
2024-09-30 18:00:00,119.72,114.59208513225364,116.05,111.23
2024-09-30 19:00:00,176.21,153.51876221037094,155.01,114.29
2024-09-30 20:00:00,174.5,156.14044282157917,157.66,120.11
2024-09-30 21:00:00,124.44,111.0083592016698,112.55,106.0
2024-09-30 22:00:00,125.45,103.51171078645103,105.08,91.25
2024-09-30 23:00:00,104.0,93.92484126473848,95.52,84.99
2024-10-01 00:00:00,97.68,69.61663127116938,95.0,83.0
2024-10-01 01:00:00,96.27,69.08863152732133,94.5,94.4
2024-10-01 02:00:00,94.86,68.40066349155346,93.84,88.0
2024-10-01 03:00:00,84.01,73.00198322449063,98.47,85.0
2024-10-01 04:00:00,80.35,77.6132889579538,103.11,95.98
2024-10-01 05:00:00,88.13,82.21454175248685,107.74,106.0
2024-10-01 06:00:00,117.04,94.54479620591488,120.1,141.94
2024-10-01 07:00:00,123.81,102.08569718669187,127.67,160.1
2024-10-01 08:00:00,100.0,92.28905930214032,117.9,106.0
2024-10-01 09:00:00,99.54,68.44427303685744,94.08,69.14
2024-10-01 10:00:00,79.49,53.82839642713345,79.49,47.77
2024-10-01 11:00:00,58.48,39.27232317558414,64.96,29.21
2024-10-01 12:00:00,55.41,34.05508973533276,59.77,25.2
2024-10-01 13:00:00,56.28,31.567321439721884,57.31,-0.45
2024-10-01 14:00:00,57.98,33.77908483718157,59.55,-0.79
2024-10-01 15:00:00,55.9,34.40070186716777,60.2,-0.4
2024-10-01 16:00:00,76.14,56.609888632682335,82.44,-0.01
2024-10-01 17:00:00,103.57,57.7911870564384,83.65,8.6
2024-10-01 18:00:00,143.44,98.8677759724687,124.76,72.34
2024-10-01 19:00:00,173.81,114.07732851898004,140.0,95.0
2024-10-01 20:00:00,165.98,112.48968751143086,138.44,101.89
2024-10-01 21:00:00,125.45,86.57507640073699,112.55,95.98
2024-10-01 22:00:00,110.6,76.33860483999705,102.34,84.99
2024-10-01 23:00:00,98.02,66.37198455262875,92.4,80.35
2024-10-02 00:00:00,99.0,70.79055813980906,75.49,97.68
2024-10-02 01:00:00,98.02,68.35290780438315,73.08,96.27
2024-10-02 02:00:00,88.66,67.96497893922209,72.72,94.86
2024-10-02 03:00:00,86.43,56.01851609454483,60.8,84.01
2024-10-02 04:00:00,81.59,55.89050778509567,60.7,80.35
2024-10-02 05:00:00,101.6,67.63083426278133,72.47,88.13
2024-10-02 06:00:00,119.48,79.37110027977724,84.24,117.04
2024-10-02 07:00:00,124.24,83.19261506160898,88.09,123.81
2024-10-02 08:00:00,109.25,65.83686455787047,70.76,100.0
2024-10-02 09:00:00,90.22,56.55022054717056,61.5,99.54
2024-10-02 10:00:00,88.66,47.12348953317683,52.1,79.49
2024-10-02 11:00:00,87.26,34.99715835964804,40.0,58.48
2024-10-02 12:00:00,78.38,29.23985722341525,34.27,55.41
2024-10-02 13:00:00,65.0,31.17173391386811,36.23,10.0
2024-10-02 14:00:00,68.25,9.916481840756065,15.0,2.4
2024-10-02 15:00:00,71.5,8.88859141887407,14.0,18.2
2024-10-02 16:00:00,79.44,29.087847457586385,34.23,49.54
2024-10-02 17:00:00,101.84,36.73853729770247,41.91,95.74
2024-10-02 18:00:00,116.86,55.59793665560783,60.8,119.72
2024-10-02 19:00:00,117.25,68.76799909118935,74.0,176.21
2024-10-02 20:00:00,100.0,67.82011562513853,73.08,174.5
2024-10-02 21:00:00,93.55,52.01424340765693,57.3,124.44
2024-10-02 22:00:00,85.0,34.688680400004195,40.0,125.45
2024-10-02 23:00:00,59.36,14.96341558000752,20.3,104.0
2024-10-03 00:00:00,40.0,50.766855118058565,6.99,99.0
2024-10-03 01:00:00,28.9,54.038492110762064,10.29,98.02
2024-10-03 02:00:00,17.8,48.641095171330704,4.92,88.66
2024-10-03 03:00:00,8.0,47.01334552370323,3.32,86.43
2024-10-03 04:00:00,32.57,50.99461832748607,7.33,81.59
2024-10-03 05:00:00,57.17,77.4629201331193,33.83,101.6
2024-10-03 06:00:00,77.63,101.87146288526078,58.27,119.48
2024-10-03 07:00:00,86.74,108.57236224711266,65.0,124.24
2024-10-03 08:00:00,74.61,97.06620894815336,53.52,109.25
2024-10-03 09:00:00,50.1,47.1247495049012,3.6,90.22
2024-10-03 10:00:00,45.0,43.95750333770072,0.46,88.66
2024-10-03 11:00:00,40.0,43.46939748749926,0.0,87.26
2024-10-03 12:00:00,31.67,43.92133636330479,0.48,78.38
2024-10-03 13:00:00,24.47,44.373202096359904,0.96,56.28
2024-10-03 14:00:00,15.1,44.82510370673573,1.44,57.98
2024-10-03 15:00:00,14.0,45.27696872519377,1.92,55.9
2024-10-03 16:00:00,47.88,45.72890978667184,2.4,76.14
2024-10-03 17:00:00,74.61,55.28926788883681,11.99,103.57
2024-10-03 18:00:00,109.52,98.49550815172374,55.23,143.44
2024-10-03 19:00:00,125.0,108.73566904794885,65.5,173.81
2024-10-03 20:00:00,126.98,115.70693995300677,72.5,165.98
2024-10-03 21:00:00,99.99,98.08100973742808,54.9,125.45
2024-10-03 22:00:00,91.88,93.05414257369463,49.9,110.6
2024-10-03 23:00:00,99.0,50.13165676333176,7.0,98.02
2024-10-04 00:00:00,100.2,34.17304458134564,3.32,40.0
2024-10-04 01:00:00,98.02,34.50483804181199,3.68,28.9
2024-10-04 02:00:00,94.8,34.84679425691811,4.05,17.8
2024-10-04 03:00:00,102.68,35.17864647758309,4.41,8.0
2024-10-04 04:00:00,99.54,35.52065510465369,4.78,32.57
2024-10-04 05:00:00,103.0,35.852288257454425,5.14,57.17
2024-10-04 06:00:00,127.79,75.67890230187345,45.0,77.63
2024-10-04 07:00:00,141.37,82.7499279225227,52.1,86.74
2024-10-04 08:00:00,116.57,40.70746639614456,10.08,74.61
2024-10-04 09:00:00,100.11,31.04100625129216,0.44,50.1
2024-10-04 10:00:00,76.39,30.57297557689095,0.0,45.0
2024-10-04 11:00:00,60.2,30.53495444447242,-0.01,40.0
2024-10-04 12:00:00,59.3,30.36691628881094,-0.15,31.67
2024-10-04 13:00:00,50.0,30.44887079137606,-0.04,65.0
2024-10-04 14:00:00,49.1,30.450793551506813,-0.01,68.25
2024-10-04 15:00:00,57.88,30.432818746166497,0.0,71.5
2024-10-04 16:00:00,77.42,30.844517345343853,0.44,79.44
2024-10-04 17:00:00,100.2,64.58186361536309,34.21,101.84
2024-10-04 18:00:00,137.24,100.1887406867726,69.85,116.86
2024-10-04 19:00:00,146.03,128.37668859180704,98.07,117.25
2024-10-04 20:00:00,146.41,140.10711448066627,109.83,100.0
2024-10-04 21:00:00,117.17,117.25208045895586,87.0,93.55
2024-10-04 22:00:00,115.0,109.2252080502128,79.0,85.0
2024-10-04 23:00:00,93.1,116.23627346488932,86.04,59.36
2024-10-05 00:00:00,85.98,134.202857338438,75.1,100.2
2024-10-05 01:00:00,85.5,113.07768741959096,54.0,98.02
2024-10-05 02:00:00,83.98,108.0504590413248,49.0,94.8
2024-10-05 03:00:00,82.47,104.02292822261208,45.0,102.68
2024-10-05 04:00:00,79.82,102.76509524691,43.77,99.54
2024-10-05 05:00:00,86.2,103.96681873973525,45.0,103.0
2024-10-05 06:00:00,100.4,113.11755347672772,54.18,127.79
2024-10-05 07:00:00,109.38,108.91013390966062,50.0,141.37
2024-10-05 08:00:00,89.02,83.05565825080694,24.17,116.57
2024-10-05 09:00:00,57.0,62.4605023484396,3.6,100.11
2024-10-05 10:00:00,39.99,58.83302446808974,0.0,76.39
2024-10-05 11:00:00,2.0,58.87496454715885,0.07,60.2
2024-10-05 12:00:00,0.01,58.92690681918258,0.15,59.3
2024-10-05 13:00:00,0.0,58.96886307456306,0.22,24.47
2024-10-05 14:00:00,0.15,59.010776972636,0.29,15.1
2024-10-05 15:00:00,0.29,59.062806441761424,0.37,14.0
2024-10-05 16:00:00,0.44,59.10452217636559,0.44,47.88
2024-10-05 17:00:00,45.0,108.86951331875738,50.24,74.61
2024-10-05 18:00:00,85.23,169.82315681228752,111.23,109.52
2024-10-05 19:00:00,95.18,172.8542763282925,114.29,125.0
2024-10-05 20:00:00,82.47,178.645665323665,120.11,126.98
2024-10-05 21:00:00,77.8,164.50946872438035,106.0,99.99
2024-10-05 22:00:00,67.0,149.7335217128145,91.25,91.88
2024-10-05 23:00:00,47.4,143.4464027787756,84.99,99.0
2024-10-06 00:00:00,30.83,79.00229139872582,79.49,85.98
2024-10-06 01:00:00,25.0,74.38498625631786,74.9,85.5
2024-10-06 02:00:00,10.39,57.8191919775156,58.36,83.98
2024-10-06 03:00:00,5.0,48.632445427434085,49.2,82.47
2024-10-06 04:00:00,4.69,51.50403763267045,52.1,79.82
2024-10-06 05:00:00,10.39,54.3755615942589,55.0,86.2
2024-10-06 06:00:00,8.62,60.00669923829247,60.66,100.4
2024-10-06 07:00:00,6.86,57.25922329428669,57.94,109.38
2024-10-06 08:00:00,5.09,19.19630935308484,19.9,89.02
2024-10-06 09:00:00,3.32,-0.7288511914112135,0.0,57.0
2024-10-06 10:00:00,0.01,-0.8768240365620056,-0.12,39.99
2024-10-06 11:00:00,0.0,-1.1748521004974657,-0.39,2.0
2024-10-06 12:00:00,-0.01,-1.312872850114038,-0.5,0.01
2024-10-06 13:00:00,-0.01,-1.2909283185963667,-0.45,50.0
2024-10-06 14:00:00,-0.0,-1.6589159368487507,-0.79,49.1
2024-10-06 15:00:00,0.0,-1.297050881720689,-0.4,57.88
2024-10-06 16:00:00,0.44,-0.9350450099809956,-0.01,77.42
2024-10-06 17:00:00,17.76,7.645314879544001,8.6,100.2
2024-10-06 18:00:00,59.03,71.34878203143948,72.34,137.24
2024-10-06 19:00:00,78.05,93.9772240382578,95.0,146.03
2024-10-06 20:00:00,85.23,100.83830691049496,101.89,146.41
2024-10-06 21:00:00,63.5,94.9010500127796,95.98,117.17
2024-10-06 22:00:00,54.9,83.88453207943306,84.99,115.0
2024-10-06 23:00:00,65.08,79.21717258603623,80.35,93.1
2024-10-07 00:00:00,46.34,83.1415667329337,83.0,30.83
2024-10-07 01:00:00,40.0,94.51205161799174,94.4,25.0
2024-10-07 02:00:00,30.1,88.08480720932141,88.0,10.39
2024-10-07 03:00:00,29.97,85.05714824144076,85.0,5.0
2024-10-07 04:00:00,30.1,96.00766469761744,95.98,4.69
2024-10-07 05:00:00,52.02,105.99803433942412,106.0,10.39
2024-10-07 06:00:00,84.5,141.90499923159652,141.94,8.62
2024-10-07 07:00:00,108.32,160.03467877733743,160.1,6.86
2024-10-07 08:00:00,91.75,105.91385420228262,106.0,5.09
2024-10-07 09:00:00,65.98,69.03117993066289,69.14,3.32
2024-10-07 10:00:00,56.01,47.6361941171004,47.77,0.01
2024-10-07 11:00:00,44.71,29.05068171823872,29.21,0.0
2024-10-07 12:00:00,30.1,25.01335810537387,25.2,-0.01
2024-10-07 13:00:00,27.08,9.787370862047432,10.0,0.0
2024-10-07 14:00:00,26.83,2.160354063109504,2.4,0.15
2024-10-07 15:00:00,30.25,17.93015390377341,18.2,0.29
2024-10-07 16:00:00,50.24,49.2375380996735,49.54,0.44
2024-10-07 17:00:00,68.0,95.40325473685924,95.74,45.0
2024-10-07 18:00:00,73.61,119.35137063940805,119.72,85.23
2024-10-07 19:00:00,85.01,175.80577557015172,176.21,95.18
2024-10-07 20:00:00,67.73,174.06795608250624,174.5,82.47
2024-10-07 21:00:00,65.8,123.986500034236,124.44,77.8
2024-10-07 22:00:00,61.39,124.96884818891932,125.45,67.0
2024-10-07 23:00:00,33.1,103.49348371769058,104.0,47.4
2024-10-08 00:00:00,24.35,102.23274505060236,97.68,46.34
2024-10-08 01:00:00,19.57,100.79483061537272,96.27,40.0
2024-10-08 02:00:00,7.0,99.35707458215816,94.86,30.1
2024-10-08 03:00:00,4.9,88.48046547265488,84.01,29.97
2024-10-08 04:00:00,21.54,84.79299188808889,80.35,30.1
2024-10-08 05:00:00,39.58,92.54374314537502,88.13,52.02
2024-10-08 06:00:00,52.98,121.4217546569434,117.04,84.5
2024-10-08 07:00:00,77.71,128.16282829648742,123.81,108.32
2024-10-08 08:00:00,48.38,104.32785333735669,100.0,91.75
2024-10-08 09:00:00,30.1,103.84016881685726,99.54,65.98
2024-10-08 10:00:00,3.32,83.7648203570386,79.49,56.01
2024-10-08 11:00:00,2.14,62.72971377262879,58.48,44.71
2024-10-08 12:00:00,0.97,59.63217879341211,55.41,30.1
2024-10-08 13:00:00,0.01,60.47397061959647,56.28,-0.01
2024-10-08 14:00:00,0.0,62.1457658903011,57.98,-0.0
2024-10-08 15:00:00,0.51,60.03785685981581,55.9,0.0
2024-10-08 16:00:00,5.0,80.24707573086931,76.14,0.44
2024-10-08 17:00:00,48.38,107.64505129140962,103.57,17.76
2024-10-08 18:00:00,79.9,147.48144183054495,143.44,59.03
2024-10-08 19:00:00,90.0,177.81914044307544,173.81,78.05
2024-10-08 20:00:00,83.19,169.96226639803103,165.98,85.23
2024-10-08 21:00:00,46.08,129.40967686432262,125.45,63.5
2024-10-08 22:00:00,33.1,114.53395912296892,110.6,54.9
2024-10-08 23:00:00,19.86,101.92755770254044,98.02,65.08
2024-10-09 00:00:00,3.6,44.21669902065346,99.0,24.35
2024-10-09 01:00:00,2.0,43.20881970277105,98.02,19.57
2024-10-09 02:00:00,0.98,33.82199826489401,88.66,7.0
2024-10-09 03:00:00,1.49,31.564399185298274,86.43,4.9
2024-10-09 04:00:00,2.0,26.69685085017483,81.59,21.54
2024-10-09 05:00:00,16.98,46.67613344231384,101.6,39.58
2024-10-09 06:00:00,40.0,64.52552250141609,119.48,52.98
2024-10-09 07:00:00,52.8,69.25684834608263,124.24,77.71
2024-10-09 08:00:00,47.59,54.240890579568,109.25,48.38
2024-10-09 09:00:00,35.06,35.185452458554934,90.22,30.1
2024-10-09 10:00:00,30.3,33.59772327832058,88.66,3.32
2024-10-09 11:00:00,26.5,32.169861491416526,87.26,2.14
2024-10-09 12:00:00,20.33,23.263109369708847,78.38,0.97
2024-10-09 13:00:00,6.0,9.8568441092428,65.0,27.08
2024-10-09 14:00:00,3.32,13.078444485334714,68.25,26.83
2024-10-09 15:00:00,6.04,16.299906889470698,71.5,30.25
2024-10-09 16:00:00,8.75,24.210679764274143,79.44,50.24
2024-10-09 17:00:00,30.3,46.57956222548289,101.84,68.0
2024-10-09 18:00:00,40.0,61.56935710781634,116.86,73.61
2024-10-09 19:00:00,60.8,61.93132380562006,117.25,85.01
2024-10-09 20:00:00,49.08,44.65558341362237,100.0,67.73
2024-10-09 21:00:00,46.69,38.178522497533365,93.55,65.8
2024-10-09 22:00:00,41.13,29.601755042983505,85.0,61.39
2024-10-09 23:00:00,40.08,3.937234980591042,59.36,33.1
2024-10-10 00:00:00,40.0,-18.38204301352683,40.0,3.6
2024-10-10 01:00:00,41.33,-29.50851549016832,28.9,2.0
2024-10-10 02:00:00,42.67,-40.63492477695653,17.8,0.98
2024-10-10 03:00:00,44.0,-50.46177984268554,8.0,1.49
2024-10-10 04:00:00,55.01,-25.9231039504598,32.57,2.0
2024-10-10 05:00:00,69.0,-1.3547026983773374,57.17,16.98
2024-10-10 06:00:00,91.48,19.07439281812367,77.63,40.0
2024-10-10 07:00:00,108.8,28.15507179889911,86.74,52.8
2024-10-10 08:00:00,92.0,15.998762298349329,74.61,47.59
2024-10-10 09:00:00,69.0,-8.535961632089585,50.1,35.06
2024-10-10 10:00:00,40.29,-13.663157988269422,45.0,30.3
2024-10-10 11:00:00,39.83,-18.690520054215703,40.0,26.5
2024-10-10 12:00:00,40.08,-27.04739225376843,31.67,20.33
2024-10-10 13:00:00,39.83,-34.274409784725904,24.47,0.01
2024-10-10 14:00:00,40.5,-43.67110174718204,15.1,0.0
2024-10-10 15:00:00,55.26,-44.7991795659896,14.0,0.51
2024-10-10 16:00:00,71.78,-10.951752994617827,47.88,5.0
2024-10-10 17:00:00,100.0,15.746200455165074,74.61,48.38
2024-10-10 18:00:00,129.22,50.62341836321827,109.52,79.9
2024-10-10 19:00:00,180.0,66.07302936177884,125.0,90.0
2024-10-10 20:00:00,173.4,68.024886490598,126.98,83.19
2024-10-10 21:00:00,120.0,41.01042165052107,99.99,46.08
2024-10-10 22:00:00,108.8,32.87359994816312,91.88,33.1
2024-10-10 23:00:00,111.03,39.96460766081459,99.0,19.86
2024-10-11 00:00:00,99.0,108.2633648546304,100.2,40.0
2024-10-11 01:00:00,92.0,106.05566709871933,98.02,41.33
2024-10-11 02:00:00,88.71,102.80798021801547,94.8,42.67
2024-10-11 03:00:00,84.72,110.65895568964775,102.68,44.0
2024-10-11 04:00:00,81.37,107.49126594749552,99.54,55.01
2024-10-11 05:00:00,99.95,110.9226852517173,103.0,69.0
2024-10-11 06:00:00,140.41,135.68120089018694,127.79,91.48
2024-10-11 07:00:00,155.49,149.23138608378113,141.37,108.8
2024-10-11 08:00:00,110.01,124.4065914067618,116.57,92.0
2024-10-11 09:00:00,90.0,107.92105170946996,100.11,69.0
2024-10-11 10:00:00,79.9,84.17627661720054,76.39,40.29
2024-10-11 11:00:00,70.1,67.96048849243887,60.2,39.83
2024-10-11 12:00:00,58.11,67.0327035183821,59.3,40.08
2024-10-11 13:00:00,61.95,57.70586032421235,50.0,6.0
2024-10-11 14:00:00,66.95,56.7779940109003,49.1,3.32
2024-10-11 15:00:00,70.0,65.5286530764715,57.88,6.04
2024-10-11 16:00:00,71.35,85.03793287216438,77.42,8.75
2024-10-11 17:00:00,82.44,107.78649748194005,100.2,30.3
2024-10-11 18:00:00,100.8,144.7934822463347,137.24,40.0
2024-10-11 19:00:00,109.01,153.55393587779582,146.03,60.8
2024-10-11 20:00:00,90.69,153.906129621642,146.41,49.08
2024-10-11 21:00:00,81.37,124.64181409419426,117.17,46.69
2024-10-11 22:00:00,80.57,122.4444670756724,115.0,41.13
2024-10-11 23:00:00,67.29,100.51924109265144,93.1,40.08
2024-10-12 00:00:00,57.57,84.4489127169576,85.98,99.0
2024-10-12 01:00:00,47.96,83.94092337970129,85.5,92.0
2024-10-12 02:00:00,38.91,82.39308782007525,83.98,88.71
2024-10-12 03:00:00,40.77,80.85527868633524,82.47,84.72
2024-10-12 04:00:00,42.63,78.17756271813532,79.82,81.37
2024-10-12 05:00:00,60.21,84.52862961928301,86.2,99.95
2024-10-12 06:00:00,61.0,98.69858174139746,100.4,140.41
2024-10-12 07:00:00,62.97,107.6493527289066,109.38,155.49
2024-10-12 08:00:00,67.08,87.26416492205682,89.02,110.01
2024-10-12 09:00:00,69.31,55.2204784414963,57.0,90.0
2024-10-12 10:00:00,72.5,38.185153402088886,39.99,79.9
2024-10-12 11:00:00,70.0,0.1721123605270967,2.0,70.1
2024-10-12 12:00:00,69.31,-1.845382109224526,0.01,58.11
2024-10-12 13:00:00,66.83,-1.8835064003156408,0.0,39.83
2024-10-12 14:00:00,53.0,-1.7615734080986123,0.15,40.5
2024-10-12 15:00:00,60.04,-1.6495517708530352,0.29,55.26
2024-10-12 16:00:00,67.08,-1.5278803015086158,0.44,71.78
2024-10-12 17:00:00,84.65,42.99800967783732,45.0,100.0
2024-10-12 18:00:00,92.08,83.19425962996685,85.23,129.22
2024-10-12 19:00:00,119.93,93.11482611719326,95.18,180.0
2024-10-12 20:00:00,117.1,80.37843791613992,82.47,173.4
2024-10-12 21:00:00,105.62,75.68115814393808,77.8,120.0
2024-10-12 22:00:00,91.61,64.85462451462294,67.0,108.8
2024-10-12 23:00:00,69.78,45.22934629850877,47.4,111.03
2024-10-13 00:00:00,62.91,99.78904092280548,30.83,57.57
2024-10-13 01:00:00,57.0,93.93195266348216,25.0,47.96
2024-10-13 02:00:00,58.69,79.29585143518949,10.39,38.91
2024-10-13 03:00:00,55.0,73.8786450063489,5.0,40.77
2024-10-13 04:00:00,60.87,73.54058947438368,4.69,42.63
2024-10-13 05:00:00,55.1,79.21182062018741,10.39,60.21
2024-10-13 06:00:00,64.97,77.41396575060732,8.62,61.0
2024-10-13 07:00:00,60.0,75.62619556681729,6.86,62.97
2024-10-13 08:00:00,46.5,73.82838705369865,5.09,67.08
2024-10-13 09:00:00,35.06,72.03061369444676,3.32,69.31
2024-10-13 10:00:00,6.99,68.69300712466,0.01,72.5
2024-10-13 11:00:00,4.49,68.65498851316168,0.0,70.0
2024-10-13 12:00:00,0.08,68.61693569773107,-0.01,69.31
2024-10-13 13:00:00,0.0,68.58889560459497,-0.01,61.95
2024-10-13 14:00:00,3.4,68.57084515268993,-0.0,66.95
2024-10-13 15:00:00,6.8,68.54280953418439,0.0,70.0
2024-10-13 16:00:00,31.28,68.95467452169628,0.44,71.35
2024-10-13 17:00:00,62.82,86.24407866519765,17.76,82.44
2024-10-13 18:00:00,93.08,127.48042807429267,59.03,100.8
2024-10-13 19:00:00,116.97,146.4695132329224,78.05,109.01
2024-10-13 20:00:00,121.28,153.62062601620158,85.23,90.69
2024-10-13 21:00:00,102.78,131.8654774930646,63.5,81.37
2024-10-13 22:00:00,93.56,123.23860299226398,54.9,80.57
2024-10-13 23:00:00,93.98,133.38939144539162,65.08,67.29
2024-10-14 00:00:00,85.23,46.086682806012206,46.34,62.91
2024-10-14 01:00:00,85.75,39.71973957413786,40.0,57.0
2024-10-14 02:00:00,83.83,29.79294410107355,30.1,58.69
2024-10-14 03:00:00,85.23,29.63504873978213,29.97,55.0
2024-10-14 04:00:00,93.74,29.736839375984854,30.1,60.87
2024-10-14 05:00:00,102.0,51.62577809141404,52.02,55.1
2024-10-14 06:00:00,122.86,84.073112104853,84.5,64.97
2024-10-14 07:00:00,155.0,107.86184832321972,108.32,60.0
2024-10-14 08:00:00,122.86,91.2660165676507,91.75,46.5
2024-10-14 09:00:00,111.54,65.47155915825417,65.98,35.06
2024-10-14 10:00:00,92.5,55.47500738131544,56.01,6.99
2024-10-14 11:00:00,85.7,44.14856846288467,44.71,4.49
2024-10-14 12:00:00,78.42,29.51252615051885,30.1,0.08
2024-10-14 13:00:00,74.16,26.464962144132294,27.08,66.83
2024-10-14 14:00:00,73.07,26.18695398099439,26.83,53.0
2024-10-14 15:00:00,71.2,29.57835935314496,30.25,60.04
2024-10-14 16:00:00,97.46,49.53754332701032,50.24,67.08
2024-10-14 17:00:00,121.04,67.26704928260558,68.0,84.65
2024-10-14 18:00:00,161.89,72.8480393730554,73.61,92.08
2024-10-14 19:00:00,178.61,84.21864127929358,85.01,119.93
2024-10-14 20:00:00,128.9,66.91277262688467,67.73,117.1
2024-10-14 21:00:00,100.24,64.95511679605552,65.8,105.62
2024-10-14 22:00:00,94.8,60.51780574972568,61.39,91.61
2024-10-14 23:00:00,82.19,32.203549658597794,33.1,69.78
2024-10-15 00:00:00,79.99,72.33386966456938,24.35,85.23
2024-10-15 01:00:00,80.0,67.52652467465819,19.57,85.75
2024-10-15 02:00:00,77.05,54.93019940450476,7.0,83.83
2024-10-15 03:00:00,69.78,52.80243215755183,4.9,85.23
2024-10-15 04:00:00,72.0,69.41206680920985,21.54,93.74
2024-10-15 05:00:00,81.68,87.42154749547774,39.58,102.0
2024-10-15 06:00:00,91.36,100.79137264652836,52.98,122.86
2024-10-15 07:00:00,122.28,125.4902753454148,77.71,155.0
2024-10-15 08:00:00,110.47,96.13591515875189,48.38,122.86
2024-10-15 09:00:00,92.74,77.83077841874179,30.1,111.54
2024-10-15 10:00:00,83.05,51.026243143813815,3.32,92.5
2024-10-15 11:00:00,80.0,49.81857350630687,2.14,85.7
2024-10-15 12:00:00,79.92,48.620614795534,0.97,78.42
2024-10-15 13:00:00,70.16,47.63274099986226,0.01,0.0
2024-10-15 14:00:00,71.9,47.59466371665078,0.0,3.4
2024-10-15 15:00:00,82.19,48.07662063349472,0.51,6.8
2024-10-15 16:00:00,81.0,52.53771121662917,5.0,31.28
2024-10-15 17:00:00,90.08,95.88377450807825,48.38,62.82
2024-10-15 18:00:00,105.01,127.37122764088636,79.9,93.08
2024-10-15 19:00:00,125.89,137.44169281730126,90.0,116.97
2024-10-15 20:00:00,105.01,130.6047772024289,83.19,121.28
2024-10-15 21:00:00,90.08,93.4716925761966,46.08,102.78
2024-10-15 22:00:00,79.26,80.46567902553666,33.1,93.56
2024-10-15 23:00:00,54.5,67.19948537813964,19.86,93.98
2024-10-16 00:00:00,47.51,82.21301653125322,3.6,79.99
2024-10-16 01:00:00,45.0,80.58528899752336,2.0,80.0
2024-10-16 02:00:00,40.32,79.53734146720932,0.98,77.05
2024-10-16 03:00:00,40.0,80.0192695964863,1.49,69.78
2024-10-16 04:00:00,46.42,80.50107818654297,2.0,72.0
2024-10-16 05:00:00,52.84,95.45094079698596,16.98,81.68
2024-10-16 06:00:00,49.9,118.4396780606818,40.0,91.36
2024-10-16 07:00:00,59.55,131.20983756289857,52.8,122.28
2024-10-16 08:00:00,54.29,125.97250877055912,47.59,110.47
2024-10-16 09:00:00,30.0,113.41617984707804,35.06,92.74
2024-10-16 10:00:00,14.16,108.62886150738444,30.3,83.05
2024-10-16 11:00:00,4.09,104.8013305831215,26.5,80.0
2024-10-16 12:00:00,3.32,98.60422089569812,20.33,79.92
2024-10-16 13:00:00,4.0,84.24810983911142,6.0,74.16
2024-10-16 14:00:00,14.18,81.54047849890442,3.32,73.07
2024-10-16 15:00:00,30.84,84.23210988416436,6.04,71.2
2024-10-16 16:00:00,51.81,86.91351546817599,8.75,97.46
2024-10-16 17:00:00,75.74,108.43266263734522,30.3,121.04
2024-10-16 18:00:00,83.91,118.10297222923738,40.0,161.89
2024-10-16 19:00:00,112.08,138.8723179310885,60.8,178.61
2024-10-16 20:00:00,105.01,127.12562277723865,49.08,128.9
2024-10-16 21:00:00,83.3,124.70809499802606,46.69,100.24
2024-10-16 22:00:00,75.74,119.12073726164223,41.13,94.8
2024-10-16 23:00:00,84.8,118.04289345278504,40.08,82.19
2024-10-17 00:00:00,76.5,22.650402363665727,40.0,47.51
2024-10-17 01:00:00,70.12,23.952175240340992,41.33,45.0
2024-10-17 02:00:00,70.0,25.26395700858629,42.67,40.32
2024-10-17 03:00:00,60.0,26.56566763045612,44.0,40.0
2024-10-17 04:00:00,54.08,37.54611582898482,55.01,46.42
2024-10-17 05:00:00,63.38,51.50604862550265,69.0,52.84
2024-10-17 06:00:00,84.34,73.95482387855303,91.48,49.9
2024-10-17 07:00:00,83.93,91.24448246705197,108.8,59.55
2024-10-17 08:00:00,82.27,74.418628803687,92.0,54.29
2024-10-17 09:00:00,55.0,51.39397884849277,69.0,30.0
2024-10-17 10:00:00,7.0,22.65978263826391,40.29,14.16
2024-10-17 11:00:00,3.32,22.171994786098374,39.83,4.09
2024-10-17 12:00:00,2.42,22.39383903268406,40.08,3.32
2024-10-17 13:00:00,1.51,22.115882278945875,39.83,70.16
2024-10-17 14:00:00,0.44,22.75764298874228,40.5,71.9
2024-10-17 15:00:00,1.88,37.4876200871581,55.26,82.19
2024-10-17 16:00:00,3.32,53.97711110981699,71.78,81.0
2024-10-17 17:00:00,49.97,82.16521954342247,100.0,90.08
2024-10-17 18:00:00,82.27,111.35279321617988,129.22,105.01
2024-10-17 19:00:00,77.43,162.0979086118394,180.0,125.89
2024-10-17 20:00:00,72.59,155.4707619630631,173.4,105.01
2024-10-17 21:00:00,71.08,102.04993378600145,120.0,90.08
2024-10-17 22:00:00,68.06,90.82367076366532,108.8,79.26
2024-10-17 23:00:00,50.1,93.0253738108405,111.03,54.5
2024-10-18 00:00:00,45.62,60.9946308457729,99.0,76.5
2024-10-18 01:00:00,38.06,53.96761746484045,92.0,70.12
2024-10-18 02:00:00,30.3,50.65003410443511,88.71,70.0
2024-10-18 03:00:00,39.66,46.63257846084098,84.72,60.0
2024-10-18 04:00:00,49.03,43.254928829376674,81.37,54.08
2024-10-18 05:00:00,57.84,61.8042484470469,99.95,63.38
2024-10-18 06:00:00,75.0,102.23055124737012,140.41,84.34
2024-10-18 07:00:00,99.5,117.28060585583822,155.49,83.93
2024-10-18 08:00:00,75.0,71.77856702228769,110.01,82.27
2024-10-18 09:00:00,54.5,51.7435770987049,90.0,55.0
2024-10-18 10:00:00,29.88,41.6169048219799,79.9,7.0
2024-10-18 11:00:00,5.0,31.79031533031888,70.1,3.32
2024-10-18 12:00:00,3.81,19.7738558102483,58.11,2.42
2024-10-18 13:00:00,3.6,23.585364208317635,61.95,4.0
2024-10-18 14:00:00,3.32,28.55658060726066,66.95,14.18
2024-10-18 15:00:00,6.0,31.57813020212824,70.0,30.84
2024-10-18 16:00:00,49.97,32.89983979918763,71.35,51.81
2024-10-18 17:00:00,81.89,43.9602425289464,82.44,75.74
2024-10-18 18:00:00,109.56,62.28961403761039,100.8,83.91
2024-10-18 19:00:00,103.25,70.47050808216333,109.01,112.08
2024-10-18 20:00:00,93.89,52.124898411890506,90.69,105.01
2024-10-18 21:00:00,81.2,42.77819836867681,81.37,83.3
2024-10-18 22:00:00,71.08,41.95036407335037,80.57,75.74
2024-10-18 23:00:00,65.0,28.644102382530605,67.29,84.8
2024-10-19 00:00:00,62.14,2.9330313363482503,57.57,45.62
2024-10-19 01:00:00,51.21,-6.703640903329569,47.96,38.06
2024-10-19 02:00:00,40.0,-15.780478346408444,38.91,30.3
2024-10-19 03:00:00,40.62,-13.948672310929402,40.77,39.66
2024-10-19 04:00:00,41.25,-12.117140606983837,42.63,49.03
2024-10-19 05:00:00,54.78,5.432532367350788,60.21,57.84
2024-10-19 06:00:00,62.4,6.194232238518532,61.0,75.0
2024-10-19 07:00:00,70.0,8.135948835474736,62.97,99.5
2024-10-19 08:00:00,64.53,12.217330717702833,67.08,75.0
2024-10-19 09:00:00,46.42,14.418942875420734,69.31,54.5
2024-10-19 10:00:00,35.0,17.580489472983718,72.5,29.88
2024-10-19 11:00:00,30.24,15.052762562434188,70.0,5.0
2024-10-19 12:00:00,17.67,14.334806108967031,69.31,3.81
2024-10-19 13:00:00,13.17,11.827216931475451,66.83,1.51
2024-10-19 14:00:00,5.79,-2.029074762795466,53.0,0.44
2024-10-19 15:00:00,5.05,4.982077875595179,60.04,1.88
2024-10-19 16:00:00,22.32,11.992863257927672,67.08,3.32
2024-10-19 17:00:00,44.13,29.532547060555974,84.65,49.97
2024-10-19 18:00:00,70.0,36.93316470816792,92.08,82.27
2024-10-19 19:00:00,82.88,64.75150115097252,119.93,77.43
2024-10-19 20:00:00,91.5,61.89366695382276,117.1,72.59
2024-10-19 21:00:00,80.18,50.38727335894849,105.62,71.08
2024-10-19 22:00:00,73.33,36.35127075103647,91.61,68.06
2024-10-19 23:00:00,56.0,14.496183478050597,69.78,50.1
2024-10-20 00:00:00,40.0,10.933588342135913,62.91,62.14
2024-10-20 01:00:00,30.1,4.996274160216248,57.0,51.21
2024-10-20 02:00:00,31.25,6.658121169278183,58.69,40.0
2024-10-20 03:00:00,35.01,2.940441375212796,55.0,40.62
2024-10-20 04:00:00,43.1,8.781761231097766,60.87,41.25
2024-10-20 05:00:00,54.85,2.9843127019776468,55.1,54.78
2024-10-20 06:00:00,55.06,12.825065552123348,64.97,62.4
2024-10-20 07:00:00,55.27,7.827663793225932,60.0,70.0
2024-10-20 08:00:00,45.0,-5.698540606125977,46.5,64.53
2024-10-20 09:00:00,6.37,-17.164785993441964,35.06,46.42
2024-10-20 10:00:00,0.08,-45.25912316346865,6.99,35.0
2024-10-20 11:00:00,0.0,-47.78659800339504,4.49,30.24
2024-10-20 12:00:00,-0.01,-52.22411609271591,0.08,17.67
2024-10-20 13:00:00,-0.0,-52.33212800403278,0.0,3.6
2024-10-20 14:00:00,0.0,-48.96061258847297,3.4,3.32
2024-10-20 15:00:00,0.03,-45.58925330347526,6.8,6.0
2024-10-20 16:00:00,8.64,-21.14068297665873,31.28,49.97
2024-10-20 17:00:00,64.82,10.36679771333416,62.82,81.89
2024-10-20 18:00:00,99.87,40.59447148174225,93.08,109.56
2024-10-20 19:00:00,125.01,64.45306763407241,116.97,103.25
2024-10-20 20:00:00,125.89,68.73445471731334,121.28,93.89
2024-10-20 21:00:00,100.23,50.20890768404937,102.78,81.2
2024-10-20 22:00:00,95.56,40.96217585569104,93.56,71.08
2024-10-20 23:00:00,92.0,41.35417652810374,93.98,65.0
2024-10-21 00:00:00,85.23,84.79132478571161,85.23,40.0
2024-10-21 01:00:00,70.0,85.28330522245372,85.75,30.1
2024-10-21 02:00:00,64.0,83.33548260967503,83.83,31.25
2024-10-21 03:00:00,67.0,84.70723392774411,85.23,35.01
2024-10-21 04:00:00,70.0,93.18801007923344,93.74,43.1
2024-10-21 05:00:00,90.71,101.41879274546513,102.0,54.85
2024-10-21 06:00:00,105.01,122.24763306717604,122.86,55.06
2024-10-21 07:00:00,125.89,154.35552753686704,155.0,55.27
2024-10-21 08:00:00,103.9,122.19146936962944,122.86,45.0
2024-10-21 09:00:00,88.77,110.84538920765408,111.54,6.37
2024-10-21 10:00:00,81.5,91.7798140019288,92.5,0.08
2024-10-21 11:00:00,73.29,84.95286966027746,85.7,0.0
2024-10-21 12:00:00,69.0,77.64580410235544,78.42,-0.01
2024-10-21 13:00:00,67.04,73.35835328282054,74.16,13.17
2024-10-21 14:00:00,67.88,72.24054592886456,73.07,5.79
2024-10-21 15:00:00,70.47,70.34256481569237,71.2,5.05
2024-10-21 16:00:00,90.22,96.57102834581916,97.46,22.32
2024-10-21 17:00:00,103.41,120.11945556964297,121.04,44.13
2024-10-21 18:00:00,158.4,160.93574343623288,161.89,70.0
2024-10-21 19:00:00,181.0,177.62556421721345,178.61,82.88
2024-10-21 20:00:00,126.39,127.89416318416774,128.9,91.5
2024-10-21 21:00:00,103.37,99.2102695803665,100.24,80.18
2024-10-21 22:00:00,95.56,93.74311130385628,94.8,73.33
2024-10-21 23:00:00,80.85,81.10673320161877,82.19,56.0
2024-10-22 00:00:00,70.0,70.23240709045177,79.99,85.23
2024-10-22 01:00:00,63.79,70.2143462226824,80.0,70.0
2024-10-22 02:00:00,69.4,67.23674656546316,77.05,64.0
2024-10-22 03:00:00,60.0,59.93968003236481,69.78,67.0
2024-10-22 04:00:00,70.0,62.13131067722959,72.0,70.0
2024-10-22 05:00:00,75.97,71.78199775818403,81.68,90.71
2024-10-22 06:00:00,102.17,81.4323495539202,91.36,105.01
2024-10-22 07:00:00,123.02,112.32030094574372,122.28,125.89
2024-10-22 08:00:00,105.5,100.48366772876142,110.47,103.9
2024-10-22 09:00:00,93.02,82.72817669508147,92.74,88.77
2024-10-22 10:00:00,55.4,73.01150182066283,83.05,81.5
2024-10-22 11:00:00,53.54,69.93387736212397,80.0,73.29
2024-10-22 12:00:00,50.24,69.82592410907634,79.92,69.0
2024-10-22 13:00:00,53.54,60.039162989642406,70.16,-0.0
2024-10-22 14:00:00,53.02,61.75087702324699,71.9,0.0
2024-10-22 15:00:00,52.5,72.01148799108137,82.19,0.03
2024-10-22 16:00:00,74.99,70.79346540479693,81.0,8.64
2024-10-22 17:00:00,95.91,79.84423980762787,90.08,64.82
2024-10-22 18:00:00,124.71,94.74394528089356,105.01,99.87
2024-10-22 19:00:00,112.02,115.59323904662692,125.89,125.01
2024-10-22 20:00:00,100.0,94.6878721705284,105.01,125.89
2024-10-22 21:00:00,95.78,79.73201163052909,90.08,100.23
2024-10-22 22:00:00,88.35,68.88559774226066,79.26,95.56
2024-10-22 23:00:00,75.56,44.10088994914456,54.5,92.0
2024-10-23 00:00:00,79.25,17.497135846814366,47.51,70.0
2024-10-23 01:00:00,71.0,14.959442715940527,45.0,63.79
2024-10-23 02:00:00,64.32,10.252040808812282,40.32,69.4
2024-10-23 03:00:00,64.29,9.904041342742648,40.0,60.0
2024-10-23 04:00:00,65.0,16.29508289848145,46.42,70.0
2024-10-23 05:00:00,84.98,22.68620927256519,52.84,75.97
2024-10-23 06:00:00,102.1,19.718434084528223,49.9,102.17
2024-10-23 07:00:00,134.71,29.33916115150118,59.55,123.02
2024-10-23 08:00:00,110.06,24.05186901596887,54.29,105.5
2024-10-23 09:00:00,85.0,-0.26284895746802,30.0,93.02
2024-10-23 10:00:00,65.0,-16.12858251480756,14.16,55.4
2024-10-23 11:00:00,64.08,-26.225253097621827,4.09,53.54
2024-10-23 12:00:00,56.58,-27.02312617322468,3.32,50.24
2024-10-23 13:00:00,56.08,-26.371322269925507,4.0,67.04
2024-10-23 14:00:00,59.99,-16.22078863232648,14.18,67.88
2024-10-23 15:00:00,63.4,0.4088246211452395,30.84,70.47
2024-10-23 16:00:00,71.99,21.34774594713941,51.81,90.22
2024-10-23 17:00:00,103.41,45.24648773745182,75.74,103.41
2024-10-23 18:00:00,155.8,53.38699200107016,83.91,158.4
2024-10-23 19:00:00,145.97,81.52529479550844,112.08,181.0
2024-10-23 20:00:00,121.89,74.42807767509954,105.01,126.39
2024-10-23 21:00:00,99.87,52.69308924927172,83.3,103.37
2024-10-23 22:00:00,93.16,45.10605789775732,75.74,95.56
2024-10-23 23:00:00,74.9,54.13690418651292,84.8,80.85
2024-10-24 00:00:00,65.15,129.41289792447796,76.5,79.25
2024-10-24 01:00:00,62.08,123.00575722721176,70.12,71.0
2024-10-24 02:00:00,62.18,122.8578093396372,70.0,64.32
2024-10-24 03:00:00,62.29,112.8311080788682,60.0,64.29
2024-10-24 04:00:00,66.3,106.88390502600834,54.08,65.0
2024-10-24 05:00:00,71.76,116.1544930250431,63.38,84.98
2024-10-24 06:00:00,90.01,137.08366037076473,84.34,102.1
2024-10-24 07:00:00,120.01,136.64550527866064,83.93,134.71
2024-10-24 08:00:00,98.15,134.95781728194285,82.27,110.06
2024-10-24 09:00:00,69.17,107.66369156607917,55.0,85.0
2024-10-24 10:00:00,60.0,59.642120606596215,7.0,65.0
2024-10-24 11:00:00,50.24,55.93488160316741,3.32,64.08
2024-10-24 12:00:00,43.54,55.00686293021708,2.42,56.58
2024-10-24 13:00:00,30.01,54.06900345665995,1.51,53.54
2024-10-24 14:00:00,24.55,52.97104196599754,0.44,53.02
2024-10-24 15:00:00,47.44,54.38291873365128,1.88,52.5
2024-10-24 16:00:00,60.4,55.79438052410527,3.32,74.99
2024-10-24 17:00:00,79.36,102.4100081069383,49.97,95.91
2024-10-24 18:00:00,110.16,134.67741852884367,82.27,124.71
2024-10-24 19:00:00,101.35,129.80990480389892,77.43,112.02
2024-10-24 20:00:00,92.98,124.94259828964228,72.59,100.0
2024-10-24 21:00:00,75.72,123.40472959937809,71.08,95.78
2024-10-24 22:00:00,67.0,120.35722853539114,68.06,88.35
2024-10-24 23:00:00,57.0,102.37155609027889,50.1,75.56
2024-10-25 00:00:00,55.0,86.3972923413041,45.62,65.15
2024-10-25 01:00:00,43.5,78.8102977708383,38.06,62.08
2024-10-25 02:00:00,44.0,71.02326938498511,30.3,62.18
2024-10-25 03:00:00,49.0,80.35399534039752,39.66,62.29
2024-10-25 04:00:00,41.0,89.69458596848382,49.03,66.3
2024-10-25 05:00:00,56.5,98.475310839162,57.84,71.76
2024-10-25 06:00:00,70.1,115.60471881352962,75.0,90.01
2024-10-25 07:00:00,90.3,140.07354153631317,99.5,120.01
2024-10-25 08:00:00,79.64,115.54863028224672,75.0,98.15
2024-10-25 09:00:00,70.0,95.02363833184909,54.5,69.17
2024-10-25 10:00:00,60.0,70.37906342098891,29.88,60.0
2024-10-25 11:00:00,55.83,45.47442486547403,5.0,50.24
2024-10-25 12:00:00,54.0,44.2566917916589,3.81,43.54
2024-10-25 13:00:00,50.0,44.01859909107863,3.6,56.08
2024-10-25 14:00:00,42.0,43.71070028760276,3.32,59.99
2024-10-25 15:00:00,40.0,46.36199709853914,6.0,63.4
2024-10-25 16:00:00,53.9,90.2980629072088,49.97,71.99
2024-10-25 17:00:00,70.57,122.18527324496922,81.89,103.41
2024-10-25 18:00:00,102.17,149.82354861415922,109.56,155.8
2024-10-25 19:00:00,103.06,143.48618412758907,103.25,145.97
2024-10-25 20:00:00,90.5,134.0995560347242,93.89,121.89
2024-10-25 21:00:00,79.03,121.38325472907636,81.2,99.87
2024-10-25 22:00:00,74.0,111.23666512534191,71.08,93.16
2024-10-25 23:00:00,67.82,105.1294616057718,65.0,74.9
2024-10-26 00:00:00,56.29,88.59818477857777,62.14,55.0
2024-10-26 01:00:00,50.0,78.43908023824123,51.21,43.5
2024-10-26 02:00:00,42.76,68.363181520611,40.0,44.0
2024-10-26 03:00:00,42.9,69.67476748574218,40.62,49.0
2024-10-26 04:00:00,41.94,70.98905377371541,41.25,41.0
2024-10-26 05:00:00,50.1,86.40771065027694,54.78,56.5
2024-10-26 06:00:00,56.5,91.2628374034771,62.4,70.1
2024-10-26 07:00:00,57.82,96.59755543646186,70.0,90.3
2024-10-26 08:00:00,65.56,95.37936702386256,64.53,79.64
2024-10-26 09:00:00,56.08,86.17661955882264,46.42,70.0
2024-10-26 10:00:00,44.99,81.21684850366108,35.0,60.0
2024-10-26 11:00:00,25.1,77.47718156714228,30.24,55.83
2024-10-26 12:00:00,20.76,70.24581268038249,17.67,54.0
2024-10-26 13:00:00,16.41,66.7993835839903,13.17,30.01
2024-10-26 14:00:00,5.01,56.82205443382196,5.79,24.55
2024-10-26 15:00:00,22.51,59.61282528159634,5.05,47.44
2024-10-26 16:00:00,40.0,72.56170931477723,22.32,60.4
2024-10-26 17:00:00,57.4,92.78512646232524,44.13,79.36
2024-10-26 18:00:00,90.98,110.89878539045247,70.0,110.16
2024-10-26 19:00:00,83.3,130.40428008320043,82.88,101.35
2024-10-26 20:00:00,66.25,134.16041214702895,91.5,92.98
2024-10-26 21:00:00,68.22,122.95932670611457,80.18,75.72
2024-10-26 22:00:00,75.0,113.16333475392231,73.33,67.0
2024-10-26 23:00:00,87.71,94.04348000072434,56.0,57.0
2024-10-27 00:00:00,83.31,44.4546597881891,40.0,56.29
2024-10-27 01:00:00,82.23,34.66931368248559,30.1,50.0
2024-10-27 02:00:00,80.68,35.9331583820972,31.25,42.76
2024-10-27 03:00:00,81.3,39.80669703549776,35.01,42.9
2024-10-27 04:00:00,80.68,48.00991798787651,43.1,41.94
2024-10-27 05:00:00,70.0,59.872822765242326,54.85,50.1
2024-10-27 06:00:00,80.0,60.1967034490863,55.06,56.5
2024-10-27 07:00:00,86.24,60.52051776911311,55.27,57.82
2024-10-27 08:00:00,81.3,50.36540240458404,45.0,65.56
2024-10-27 09:00:00,64.36,11.85234041386391,6.37,56.08
2024-10-27 10:00:00,54.72,5.6769095980826805,0.08,44.99
2024-10-27 11:00:00,42.5,5.710725804505761,0.0,25.1
2024-10-27 12:00:00,39.99,5.814644975376089,-0.01,20.76
2024-10-27 13:00:00,40.0,5.938542025739318,-0.0,50.0
2024-10-27 14:00:00,55.19,6.052375612982408,0.0,42.0
2024-10-27 15:00:00,44.99,6.196367238100665,0.03,40.0
2024-10-27 16:00:00,63.97,14.91933217083334,8.64,53.9
2024-10-27 17:00:00,81.25,71.20873507717567,64.82,70.57
2024-10-27 18:00:00,96.27,106.36951714049216,99.87,102.17
2024-10-27 19:00:00,128.7,131.62137702764528,125.01,103.06
2024-10-27 20:00:00,115.51,132.61519706992226,125.89,90.5
2024-10-27 21:00:00,107.36,107.07114648547493,100.23,79.03
2024-10-27 22:00:00,90.58,102.51551615753938,95.56,74.0
2024-10-27 23:00:00,102.99,99.06964719775146,92.0,67.82
2024-10-28 00:00:00,60.61,126.58956659997354,85.23,83.31
2024-10-28 01:00:00,50.31,111.47471216822132,70.0,82.23
2024-10-28 02:00:00,49.0,105.58907023194324,64.0,80.68
2024-10-28 03:00:00,43.1,108.70280104681213,67.0,81.3
2024-10-28 04:00:00,43.92,111.81628219204812,70.0,80.68
2024-10-28 05:00:00,49.2,132.63862881985133,90.71,70.0
2024-10-28 06:00:00,65.78,147.05108840317098,105.01,80.0
2024-10-28 07:00:00,86.74,168.04348425248273,125.89,86.24
2024-10-28 08:00:00,98.94,146.16898554383835,103.9,81.3
2024-10-28 09:00:00,68.39,131.15427730300965,88.77,64.36
2024-10-28 10:00:00,60.61,123.9987178129486,81.5,54.72
2024-10-28 11:00:00,51.99,115.90330891603176,73.29,42.5
2024-10-28 12:00:00,50.24,111.7275735310432,69.0,39.99
2024-10-28 13:00:00,51.97,109.88157917067169,67.04,16.41
2024-10-28 14:00:00,52.24,110.83547955714349,67.88,5.01
2024-10-28 15:00:00,52.51,113.5390157912396,70.47,22.51
2024-10-28 16:00:00,84.89,133.4014153606856,90.22,40.0
2024-10-28 17:00:00,115.57,146.70400719013332,103.41,57.4
2024-10-28 18:00:00,149.48,201.8033974504462,158.4,90.98
2024-10-28 19:00:00,133.66,224.5154724693612,181.0,83.3
2024-10-28 20:00:00,115.73,170.02373873072096,126.39,66.25
2024-10-28 21:00:00,110.49,147.11968221604468,103.37,68.22
2024-10-28 22:00:00,98.61,139.42420952319816,95.56,75.0
2024-10-28 23:00:00,81.25,124.82929864880832,80.85,87.71
2024-10-29 00:00:00,70.0,52.60596643117405,70.0,60.61
2024-10-29 01:00:00,65.14,46.51025594690629,63.79,50.31
2024-10-29 02:00:00,56.21,52.23383971856462,69.4,49.0
2024-10-29 03:00:00,49.28,42.948332604738575,60.0,43.1
2024-10-29 04:00:00,49.04,53.06153475248675,70.0,43.92
2024-10-29 05:00:00,58.4,59.14482044053906,75.97,49.2
2024-10-29 06:00:00,70.84,85.45651279773142,102.17,65.78
2024-10-29 07:00:00,83.09,106.41879189712702,123.02,86.74
2024-10-29 08:00:00,91.36,89.0139069077709,105.5,98.94
2024-10-29 09:00:00,72.4,76.6491329644918,93.02,68.39
2024-10-29 10:00:00,73.61,39.145864226724655,55.4,60.61
2024-10-29 11:00:00,71.1,37.40017080625595,53.54,51.99
2024-10-29 12:00:00,71.05,34.21416572627531,50.24,50.24
2024-10-29 13:00:00,71.0,37.62786476959612,53.54,40.0
2024-10-29 14:00:00,70.84,37.22179555974515,53.02,55.19
2024-10-29 15:00:00,71.1,36.815629475115095,52.5,44.99
2024-10-29 16:00:00,73.61,59.417785907077366,74.99,63.97
2024-10-29 17:00:00,74.7,80.44972182241497,95.91,81.25
2024-10-29 18:00:00,85.0,109.36142950825568,124.71,96.27
2024-10-29 19:00:00,93.34,96.786165517348,112.02,128.7
2024-10-29 20:00:00,98.61,84.88120034279983,100.0,115.51
2024-10-29 21:00:00,90.0,80.77534437867465,95.78,107.36
2024-10-29 22:00:00,83.22,73.4599581701082,88.35,90.58
2024-10-29 23:00:00,68.7,60.78480097009462,75.56,102.99
2024-10-30 00:00:00,66.0,101.423816138426,79.25,70.0
2024-10-30 01:00:00,55.0,93.28834050637258,71.0,65.14
2024-10-30 02:00:00,52.99,86.72276477813001,64.32,56.21
2024-10-30 03:00:00,44.6,86.80675280464368,64.29,49.28
2024-10-30 04:00:00,40.0,87.63040462267938,65.0,49.04
2024-10-30 05:00:00,52.5,107.72285566851248,84.98,58.4
2024-10-30 06:00:00,68.68,124.9550014898745,102.1,70.84
2024-10-30 07:00:00,76.04,157.67652354218663,134.71,83.09
2024-10-30 08:00:00,90.25,133.1421345597566,110.06,91.36
2024-10-30 09:00:00,85.0,108.19838072082788,85.0,72.4
2024-10-30 10:00:00,69.7,88.31373311544702,65.0,73.61
2024-10-30 11:00:00,69.57,87.5078836378038,64.08,71.1
2024-10-30 12:00:00,73.05,80.12227104073217,56.58,71.05
2024-10-30 13:00:00,73.52,79.73626753160745,56.08,51.97
2024-10-30 14:00:00,69.57,83.75981623883796,59.99,52.24
2024-10-30 15:00:00,72.65,87.28338325930534,63.4,52.51
2024-10-30 16:00:00,86.81,95.98661937000452,71.99,84.89
2024-10-30 17:00:00,102.3,127.51770505023134,103.41,115.57
2024-10-30 18:00:00,145.0,180.01747452848562,155.8,149.48
2024-10-30 19:00:00,143.36,170.3019192836426,145.97,133.66
2024-10-30 20:00:00,137.85,146.33802092048202,121.89,115.73
2024-10-30 21:00:00,132.33,124.4335744217047,99.87,110.49
2024-10-30 22:00:00,99.8,117.83820711787854,93.16,98.61
2024-10-30 23:00:00,91.71,99.6934799136422,74.9,81.25
2024-10-31 00:00:00,80.0,82.98540121637242,65.15,66.0
2024-10-31 01:00:00,76.79,80.02948031896572,62.08,55.0
2024-10-31 02:00:00,75.0,80.24340449737473,62.18,52.99
2024-10-31 03:00:00,72.59,80.46725762158154,62.29,44.6
2024-10-31 04:00:00,70.99,84.59080839009215,66.3,40.0
2024-10-31 05:00:00,77.0,90.1642667145739,71.76,52.5
2024-10-31 06:00:00,88.39,108.52652871790951,90.01,68.68
2024-10-31 07:00:00,117.05,138.6380672663011,120.01,76.04
2024-10-31 08:00:00,121.58,116.89365409243234,98.15,90.25
2024-10-31 09:00:00,102.8,88.03000175990054,69.17,85.0
2024-10-31 10:00:00,93.2,78.97468140924518,60.0,69.7
2024-10-31 11:00:00,85.04,69.3293642920695,50.24,69.57
2024-10-31 12:00:00,88.91,62.743838742437646,43.54,73.05
2024-10-31 13:00:00,85.31,49.32885848835297,30.01,71.0
2024-10-31 14:00:00,85.51,43.98315668811573,24.55,70.84
2024-10-31 15:00:00,95.5,66.98518309422573,47.44,71.1
2024-10-31 16:00:00,113.0,80.05798081861415,60.4,73.61
2024-10-31 17:00:00,130.0,99.13017626023012,79.36,74.7
2024-10-31 18:00:00,134.14,130.04167700893555,110.16,85.0
2024-10-31 19:00:00,135.01,121.34608169026632,101.35,93.34
2024-10-31 20:00:00,148.72,113.090864922901,92.98,98.61
2024-10-31 21:00:00,134.34,95.94602777446516,75.72,90.0
2024-10-31 22:00:00,115.2,87.34079735552613,67.0,83.22
2024-10-31 23:00:00,102.0,77.45539712975894,57.0,68.7
